trajectory,domain_seed,method,initial_task_nrmse,final_task_nrmse,task_auc_normalized,final_task_ratio,initial_violation_rate,final_violation_rate,initial_task_max_ratio,final_task_max_ratio,initial_global_rmse,final_global_rmse,final_global_ratio,selection_switches,selection_history,constraint_violation,all_updates_succeeded,elapsed_s
harmonic_loop,431,full_trajectory,3.538194511763141,1.03990102373218,0.5154387377681742,0.2939072513608021,0.6212121212121212,0.36363636363636365,9.160009447587067,2.2385146373820897,0.7649130463272882,0.19622849107393273,0.25653699072870983,0,"[[0, 1, 2, 3, 4, 5], [0, 1, 2, 3, 4, 5], [0, 1, 2, 3, 4, 5], [0, 1, 2, 3, 4, 5]]",0,1,0.24354641700000002
harmonic_loop,431,static_tolerance,3.538194511763141,1.276595068163009,0.5715004224836403,0.3608040948339102,0.6212121212121212,0.3484848484848485,9.160009447587067,2.935830933961991,0.7649130463272882,0.28815322278004274,0.37671369858783765,0,"[[0, 4], [0, 4], [0, 4], [0, 4]]",0,1,0.21878441699999995
harmonic_loop,431,curvature_zones,3.538194511763141,1.1484498291148377,0.467803329142402,0.3245864028381374,0.6212121212121212,0.19696969696969696,9.160009447587067,3.1574647946756143,0.7649130463272882,0.24791886912753008,0.324113793480065,0,"[[2, 3], [2, 3], [2, 3], [2, 3]]",0,1,0.20953987500000015
harmonic_loop,431,jerk_zones,3.538194511763141,1.1484498291148377,0.467803329142402,0.3245864028381374,0.6212121212121212,0.19696969696969696,9.160009447587067,3.1574647946756143,0.7649130463272882,0.24791886912753008,0.324113793480065,0,"[[2, 3], [2, 3], [2, 3], [2, 3]]",0,1,0.21064516599999994
harmonic_loop,431,error_peak_dynamic,3.538194511763141,0.8435003222718542,0.44699099989382174,0.23839851638103526,0.6212121212121212,0.2727272727272727,9.160009447587067,1.8252557488298482,0.7649130463272882,0.222955149972791,0.2914777712882593,3,"[[2, 3], [3, 4], [2, 3], [2, 4]]",0,1,0.2107283750000002
harmonic_loop,431,violation_dynamic,3.538194511763141,0.8074171193932245,0.43731464245252694,0.22820031988316977,0.6212121212121212,0.2727272727272727,9.160009447587067,1.7256929891960757,0.7649130463272882,0.23334422085553166,0.30505979990265353,3,"[[2, 3], [3, 4], [2, 4], [3, 4]]",0,1,0.20946474999999998
harmonic_loop,431,random_zones,3.538194511763141,1.320000546935621,0.5778136568238552,0.37307178634388954,0.6212121212121212,0.2727272727272727,9.160009447587067,3.1604267176898615,0.7649130463272882,0.2767847348693644,0.36185124073689123,0,"[[1, 2], [1, 2], [1, 2], [1, 2]]",0,1,0.225237833
harmonic_loop,431,nominal_lookahead_dynamic,3.538194511763141,0.8148401486318771,0.4419633523302221,0.23029829081551223,0.6212121212121212,0.25757575757575757,9.160009447587067,1.6297271054268614,0.7649130463272882,0.2527058554650965,0.33037200329953537,2,"[[2, 3], [2, 3], [3, 4], [2, 4]]",0,1,2.8328640000000003
harmonic_loop,449,full_trajectory,5.192266615649081,1.997423299025292,0.5551582120452062,0.384691974985494,0.7727272727272727,0.4393939393939394,14.418408693005905,4.631767884666849,1.1363899944361402,0.3767278565314534,0.3315128242733078,0,"[[0, 1, 2, 3, 4, 5], [0, 1, 2, 3, 4, 5], [0, 1, 2, 3, 4, 5], [0, 1, 2, 3, 4, 5]]",0,1,0.2734157079999999
harmonic_loop,449,static_tolerance,5.192266615649081,2.014121743668339,0.5817533582250802,0.38790799717370744,0.7727272727272727,0.45454545454545453,14.418408693005905,4.783560414015216,1.1363899944361402,0.4747280351393549,0.4177509811452607,0,"[[0, 4], [0, 4], [0, 4], [0, 4]]",0,1,0.2260103330000005
harmonic_loop,449,curvature_zones,5.192266615649081,2.2598960342107666,0.5129331478799151,0.4352426794493986,0.7727272727272727,0.3939393939393939,14.418408693005905,6.218978303680531,1.1363899944361402,0.4651502422945523,0.4093227189362512,0,"[[2, 3], [2, 3], [2, 3], [2, 3]]",0,1,0.2348917909999999
harmonic_loop,449,jerk_zones,5.192266615649081,2.2598960342107666,0.5129331478799151,0.4352426794493986,0.7727272727272727,0.3939393939393939,14.418408693005905,6.218978303680531,1.1363899944361402,0.4651502422945523,0.4093227189362512,0,"[[2, 3], [2, 3], [2, 3], [2, 3]]",0,1,0.23358737499999993
harmonic_loop,449,error_peak_dynamic,5.192266615649081,1.5299206811701205,0.5075233337683663,0.2946537214709007,0.7727272727272727,0.42424242424242425,14.418408693005905,3.230324938201602,1.1363899944361402,0.39726419994529016,0.34958438730570374,3,"[[1, 3], [2, 3], [3, 4], [2, 4]]",0,1,0.22933666599999913
harmonic_loop,449,violation_dynamic,5.192266615649081,1.405410123475155,0.4610322052864901,0.2706737206520482,0.7727272727272727,0.4393939393939394,14.418408693005905,2.7506862622626316,1.1363899944361402,0.4217972529101957,0.37117297316533066,3,"[[2, 3], [3, 4], [2, 4], [3, 4]]",0,1,0.22691641699999998
harmonic_loop,449,random_zones,5.192266615649081,2.6086700259335367,0.6568245097212477,0.5024144981444542,0.7727272727272727,0.4393939393939394,14.418408693005905,5.137793529463152,1.1363899944361402,0.520116981523704,0.4576923275198127,0,"[[1, 5], [1, 5], [1, 5], [1, 5]]",0,1,0.218243792
harmonic_loop,449,nominal_lookahead_dynamic,5.192266615649081,1.406334737782339,0.45768049951951584,0.2708517959273812,0.7727272727272727,0.4393939393939394,14.418408693005905,2.7913490854597387,1.1363899944361402,0.4596734473652404,0.4045032511865115,3,"[[2, 3], [3, 4], [2, 4], [3, 4]]",0,1,3.0926182499999992
harmonic_loop,461,full_trajectory,5.4107231720936415,1.7099960003824164,0.5052924540466701,0.31603834570615175,0.8333333333333334,0.42424242424242425,12.521973890252493,3.670030364604296,1.1732204306600729,0.31746030453244084,0.27058879664568447,0,"[[0, 1, 2, 3, 4, 5], [0, 1, 2, 3, 4, 5], [0, 1, 2, 3, 4, 5], [0, 1, 2, 3, 4, 5]]",0,1,0.23455412499999895
harmonic_loop,461,static_tolerance,5.4107231720936415,1.9336338992349082,0.5571504496084644,0.35737069477289524,0.8333333333333334,0.4393939393939394,12.521973890252493,4.579217769369863,1.1732204306600729,0.4054503605892483,0.3455875383632174,0,"[[0, 4], [0, 4], [0, 4], [0, 4]]",0,1,0.2240132500000005
harmonic_loop,461,curvature_zones,5.4107231720936415,1.6854850118030544,0.44352072217443694,0.3115082694483643,0.8333333333333334,0.3484848484848485,12.521973890252493,4.9822263119991295,1.1732204306600729,0.3812731598012247,0.32497998657141886,0,"[[2, 3], [2, 3], [2, 3], [2, 3]]",0,1,0.22347641600000046
harmonic_loop,461,jerk_zones,5.4107231720936415,1.6854850118030544,0.44352072217443694,0.3115082694483643,0.8333333333333334,0.3484848484848485,12.521973890252493,4.9822263119991295,1.1732204306600729,0.3812731598012247,0.32497998657141886,0,"[[2, 3], [2, 3], [2, 3], [2, 3]]",0,1,0.2301473749999996
harmonic_loop,461,error_peak_dynamic,5.4107231720936415,1.3720172595434126,0.43271054304837275,0.2535737305171575,0.8333333333333334,0.3939393939393939,12.521973890252493,3.1519904081740036,1.1732204306600729,0.3262713687200032,0.2780989490069122,2,"[[2, 3], [2, 3], [3, 4], [2, 4]]",0,1,0.21760237500000024
harmonic_loop,461,violation_dynamic,5.4107231720936415,1.3720172595434126,0.43271054304837275,0.2535737305171575,0.8333333333333334,0.3939393939393939,12.521973890252493,3.1519904081740036,1.1732204306600729,0.3262713687200032,0.2780989490069122,2,"[[2, 3], [2, 3], [3, 4], [2, 4]]",0,1,0.21710975000000055
harmonic_loop,461,random_zones,5.4107231720936415,1.9215332060945494,0.5562184772701131,0.3551342667104193,0.8333333333333334,0.4393939393939394,12.521973890252493,4.5784675027234805,1.1732204306600729,0.40357327240522195,0.3439875933443855,0,"[[4, 5], [4, 5], [4, 5], [4, 5]]",0,1,0.2317496660000007
harmonic_loop,461,nominal_lookahead_dynamic,5.4107231720936415,1.3640146035586396,0.4317710356997896,0.25209469421641906,0.8333333333333334,0.3787878787878788,12.521973890252493,3.138749662877064,1.1732204306600729,0.3555853054644145,0.3030848220605538,2,"[[2, 3], [2, 3], [3, 4], [2, 4]]",0,1,2.994577792000001
harmonic_loop,479,full_trajectory,2.7096723135234977,0.6856311038278806,0.4904781536842884,0.253031003197699,0.6212121212121212,0.18181818181818182,7.3103726932817485,1.5131094405904582,0.6094604318748847,0.13609875312895658,0.22331023641727754,0,"[[0, 1, 2, 3, 4, 5], [0, 1, 2, 3, 4, 5], [0, 1, 2, 3, 4, 5], [0, 1, 2, 3, 4, 5]]",0,1,0.24867399999999762
harmonic_loop,479,static_tolerance,2.7096723135234977,0.9108992441360391,0.5564920083725328,0.3361658306762413,0.6212121212121212,0.22727272727272727,7.3103726932817485,2.2534596795693798,0.6094604318748847,0.22032631032033614,0.361510442347415,0,"[[0, 4], [0, 4], [0, 4], [0, 4]]",0,1,0.21160412500000092
harmonic_loop,479,curvature_zones,2.7096723135234977,0.8270320864727928,0.4644878756213926,0.30521479750345504,0.6212121212121212,0.16666666666666666,7.3103726932817485,2.2329354381354865,0.6094604318748847,0.18209848153418945,0.29878638876358127,0,"[[2, 3], [2, 3], [2, 3], [2, 3]]",0,1,0.21311266700000076
harmonic_loop,479,jerk_zones,2.7096723135234977,0.8270320864727928,0.4644878756213926,0.30521479750345504,0.6212121212121212,0.16666666666666666,7.3103726932817485,2.2329354381354865,0.6094604318748847,0.18209848153418945,0.29878638876358127,0,"[[2, 3], [2, 3], [2, 3], [2, 3]]",0,1,0.20740520800000084
harmonic_loop,479,error_peak_dynamic,2.7096723135234977,0.5556440586188299,0.46702481101199284,0.20505950326381098,0.6212121212121212,0.06060606060606061,7.3103726932817485,1.1788193630822483,0.6094604318748847,0.16663919548976644,0.27342086011578115,3,"[[1, 3], [2, 3], [3, 4], [2, 4]]",0,1,0.1957622910000012
harmonic_loop,479,violation_dynamic,2.7096723135234977,0.5413484715642799,0.4209409710648557,0.19978374095734933,0.6212121212121212,0.045454545454545456,7.3103726932817485,1.088838039247539,0.6094604318748847,0.1768528052718672,0.29017930619025495,3,"[[2, 3], [3, 4], [2, 4], [3, 4]]",0,1,0.2109152079999994
harmonic_loop,479,random_zones,2.7096723135234977,1.1174288784663233,0.6158475686720595,0.41238524410846006,0.6212121212121212,0.3787878787878788,7.3103726932817485,2.3325982483945276,0.6094604318748847,0.22347953571162799,0.3666842407211528,0,"[[1, 5], [1, 5], [1, 5], [1, 5]]",0,1,0.20569691600000084
harmonic_loop,479,nominal_lookahead_dynamic,2.7096723135234977,0.5929613106151171,0.4270196991535162,0.2188313722127032,0.6212121212121212,0.10606060606060606,7.3103726932817485,1.2460662029536205,0.6094604318748847,0.20767280902896437,0.34074863300001274,3,"[[2, 3], [3, 4], [2, 4], [3, 4]]",0,1,2.7558412079999997
harmonic_loop,491,full_trajectory,5.280325564374747,2.141536544124891,0.5634297958902852,0.4055690350938567,0.7878787878787878,0.45454545454545453,14.743747816347998,5.096585436920009,1.191209908531656,0.4096173097402762,0.3438666072255818,0,"[[0, 1, 2, 3, 4, 5], [0, 1, 2, 3, 4, 5], [0, 1, 2, 3, 4, 5], [0, 1, 2, 3, 4, 5]]",0,1,0.2802133749999989
harmonic_loop,491,static_tolerance,5.280325564374747,2.0138902737996287,0.5772016183194524,0.38139509567116947,0.7878787878787878,0.45454545454545453,14.743747816347998,4.884391447777166,1.191209908531656,0.4915920858247504,0.4126830059957367,0,"[[0, 4], [0, 4], [0, 4], [0, 4]]",0,1,0.2219242500000007
harmonic_loop,491,curvature_zones,5.280325564374747,2.5729943202294936,0.5401673048244948,0.487279484732712,0.7878787878787878,0.3787878787878788,14.743747816347998,7.039296442856391,1.191209908531656,0.5084104155582406,0.4268017012928748,0,"[[2, 3], [2, 3], [2, 3], [2, 3]]",0,1,0.2403784170000023
harmonic_loop,491,jerk_zones,5.280325564374747,2.5729943202294936,0.5401673048244948,0.487279484732712,0.7878787878787878,0.3787878787878788,14.743747816347998,7.039296442856391,1.191209908531656,0.5084104155582406,0.4268017012928748,0,"[[2, 3], [2, 3], [2, 3], [2, 3]]",0,1,0.23704008300000012
harmonic_loop,491,error_peak_dynamic,5.280325564374747,1.5709442251483545,0.5155372577674001,0.29750897098981677,0.7878787878787878,0.4696969696969697,14.743747816347998,3.2800971874459117,1.191209908531656,0.43210446441839995,0.36274418246825463,3,"[[1, 3], [2, 3], [3, 4], [2, 4]]",0,1,0.2260537090000021
harmonic_loop,491,violation_dynamic,5.280325564374747,1.5203416679016897,0.4750598764721665,0.2879257442304537,0.7878787878787878,0.4393939393939394,14.743747816347998,3.1379087576383062,1.191209908531656,0.431300457458078,0.36206923260881885,3,"[[3, 4], [2, 3], [3, 4], [2, 4]]",0,1,0.23718566599999846
harmonic_loop,491,random_zones,5.280325564374747,2.68381251051546,0.5736286806118798,0.5082664842907759,0.7878787878787878,0.45454545454545453,14.743747816347998,6.557483249317451,1.191209908531656,0.5185542426768974,0.4353172677316737,0,"[[0, 3], [0, 3], [0, 3], [0, 3]]",0,1,0.23781141699999964
harmonic_loop,491,nominal_lookahead_dynamic,5.280325564374747,1.4318927456955235,0.4614698361624508,0.27117508726283934,0.7878787878787878,0.45454545454545453,14.743747816347998,2.813978418611052,1.191209908531656,0.49727413344172877,0.41745298614472853,3,"[[2, 3], [3, 4], [2, 4], [3, 4]]",0,1,3.0291911660000004
harmonic_loop,509,full_trajectory,6.930971893867267,3.541993355713914,0.60175151470299,0.5110384820414546,0.8787878787878788,0.5,19.468860992655312,8.639557969090031,1.5703996880281843,0.6903948233016418,0.4396300053832226,0,"[[0, 1, 2, 3, 4, 5], [0, 1, 2, 3, 4, 5], [0, 1, 2, 3, 4, 5], [0, 1, 2, 3, 4, 5]]",0,1,0.29014787499999883
harmonic_loop,509,static_tolerance,6.930971893867267,2.8050074175972872,0.5802912084409572,0.40470621733140233,0.8787878787878788,0.5,19.468860992655312,6.943740020358944,1.5703996880281843,0.7077444781163142,0.45067792837183257,0,"[[0, 4], [0, 4], [0, 4], [0, 4]]",0,1,0.25795249999999825
harmonic_loop,509,curvature_zones,6.930971893867267,4.470612047018782,0.5972397777936613,0.6450195031052592,0.8787878787878788,0.4696969696969697,19.468860992655312,12.204286124759346,1.5703996880281843,0.8333524344308657,0.5306626337128445,0,"[[2, 3], [2, 3], [2, 3], [2, 3]]",0,1,0.2831655000000026
harmonic_loop,509,jerk_zones,6.930971893867267,4.470612047018782,0.5972397777936613,0.6450195031052592,0.8787878787878788,0.4696969696969697,19.468860992655312,12.204286124759346,1.5703996880281843,0.8333524344308657,0.5306626337128445,0,"[[2, 3], [2, 3], [2, 3], [2, 3]]",0,1,0.26327795799999976
harmonic_loop,509,error_peak_dynamic,6.930971893867267,2.6065052267019713,0.5457062294656251,0.37606633912457293,0.8787878787878788,0.5,19.468860992655312,5.9788849744661405,1.5703996880281843,0.7564657241504891,0.48170267092979235,2,"[[1, 3], [2, 3], [3, 4], [3, 4]]",0,1,0.24802883299999934
harmonic_loop,509,violation_dynamic,6.930971893867267,2.3595025820906086,0.49914001376990536,0.3404288198280486,0.8787878787878788,0.5454545454545454,19.468860992655312,5.048110565390611,1.5703996880281843,0.6840299855322594,0.43557700039480834,3,"[[3, 4], [2, 3], [3, 4], [2, 4]]",0,1,0.271573790999998
harmonic_loop,509,random_zones,6.930971893867267,4.470612047018782,0.5972397777936613,0.6450195031052592,0.8787878787878788,0.4696969696969697,19.468860992655312,12.204286124759346,1.5703996880281843,0.8333524344308657,0.5306626337128445,0,"[[2, 3], [2, 3], [2, 3], [2, 3]]",0,1,0.26850520800000055
harmonic_loop,509,nominal_lookahead_dynamic,6.930971893867267,2.120354961464569,0.47408210786316124,0.3059246226839735,0.8787878787878788,0.5454545454545454,19.468860992655312,4.034982045882661,1.5703996880281843,0.7612445761236359,0.48474575098742234,3,"[[2, 3], [3, 4], [2, 4], [3, 4]]",0,1,3.354172124999998
ellipse,431,full_trajectory,2.700499786124852,0.08075929764547865,0.28086635402057564,0.029905315327340268,0.4393939393939394,0.0,6.0554044225157275,0.17727590651798186,0.7056613119811368,0.02038392506583446,0.02888627266330756,0,"[[0, 1, 2, 3, 4, 5], [0, 1, 2, 3, 4, 5], [0, 1, 2, 3, 4, 5], [0, 1, 2, 3, 4, 5]]",0,1,0.16184933299999926
ellipse,431,static_tolerance,2.700499786124852,0.13222315694088996,0.32103741292021964,0.0489624763609505,0.4393939393939394,0.0,6.0554044225157275,0.30536562368004283,0.7056613119811368,0.035647566751926214,0.050516538382763314,0,"[[0, 4], [0, 4], [0, 4], [0, 4]]",0,1,0.15260812500000043
ellipse,431,curvature_zones,2.700499786124852,0.14354243683226875,0.3250333130301094,0.05315402636570783,0.4393939393939394,0.0,6.0554044225157275,0.30442367849537283,0.7056613119811368,0.03669076625183929,0.05199486726689089,0,"[[0, 5], [0, 5], [0, 5], [0, 5]]",0,1,0.16412616699999916
ellipse,431,jerk_zones,2.700499786124852,0.0827959057471447,0.27836165108586003,0.03065947502478965,0.4393939393939394,0.0,6.0554044225157275,0.16274712536035185,0.7056613119811368,0.02703294263268525,0.03830866475702139,0,"[[2, 3], [2, 3], [2, 3], [2, 3]]",0,1,0.1697161670000007
ellipse,431,error_peak_dynamic,2.700499786124852,0.09159276104274616,0.27869348215470335,0.033916966597571714,0.4393939393939394,0.0,6.0554044225157275,0.17673120561194633,0.7056613119811368,0.02780078230329955,0.03939677835709761,1,"[[1, 3], [1, 3], [1, 3], [2, 3]]",0,1,0.15679295899999346
ellipse,431,violation_dynamic,2.700499786124852,0.08340230712442119,0.2760945511458035,0.030884026561654114,0.4393939393939394,0.0,6.0554044225157275,0.15462332765305065,0.7056613119811368,0.027237399015480387,0.038598402028037604,1,"[[1, 3], [1, 3], [2, 3], [2, 3]]",0,1,0.15748779199999774
ellipse,431,random_zones,2.700499786124852,0.11260322932304838,0.2869241040868615,0.04169718135198638,0.4393939393939394,0.0,6.0554044225157275,0.2787552864769024,0.7056613119811368,0.0297323894715278,0.0421340790074695,0,"[[3, 4], [3, 4], [3, 4], [3, 4]]",0,1,0.16846479200000175
ellipse,431,nominal_lookahead_dynamic,2.700499786124852,0.08250317663085818,0.2763642135066321,0.030551076898712934,0.4393939393939394,0.0,6.0554044225157275,0.16969240487177506,0.7056613119811368,0.02962845024954574,0.0419867856526868,2,"[[1, 3], [1, 3], [2, 3], [2, 5]]",0,1,2.1527472499999973
ellipse,449,full_trajectory,5.087036555809428,0.2210801300048505,0.31903698768923183,0.043459512739765074,0.803030303030303,0.0,10.49660985714841,0.48876524465389926,1.2347395301997408,0.0466080929079839,0.03774730764507412,0,"[[0, 1, 2, 3, 4, 5], [0, 1, 2, 3, 4, 5], [0, 1, 2, 3, 4, 5], [0, 1, 2, 3, 4, 5]]",0,1,0.16469204199999865
ellipse,449,static_tolerance,5.087036555809428,0.3243639967190752,0.3547978719518032,0.06376285940950226,0.803030303030303,0.0,10.49660985714841,0.8061445554402913,1.2347395301997408,0.0702547910710669,0.05689847077278068,0,"[[0, 4], [0, 4], [0, 4], [0, 4]]",0,1,0.18241616699999952
ellipse,449,curvature_zones,5.087036555809428,0.3956534765554485,0.37051933218991256,0.07777681017519124,0.803030303030303,0.0,10.49660985714841,0.7973848906450365,1.2347395301997408,0.07861448689417963,0.06366888317041437,0,"[[0, 5], [0, 5], [0, 5], [0, 5]]",0,1,0.17621516599999865
ellipse,449,jerk_zones,5.087036555809428,0.23663676030443015,0.3181851968177142,0.04651760562526123,0.803030303030303,0.0,10.49660985714841,0.5335084453878036,1.2347395301997408,0.05133775773802058,0.04157780364391168,0,"[[2, 3], [2, 3], [2, 3], [2, 3]]",0,1,0.17716000000000065
ellipse,449,error_peak_dynamic,5.087036555809428,0.20174493214918715,0.3202376079737227,0.03965863620908978,0.803030303030303,0.0,10.49660985714841,0.38666730191160514,1.2347395301997408,0.048802721844472756,0.0395247099901127,2,"[[1, 3], [2, 3], [2, 3], [2, 4]]",0,1,0.1711037919999967
ellipse,449,violation_dynamic,5.087036555809428,0.1814979487390062,0.3176361535471182,0.03567852260305352,0.803030303030303,0.0,10.49660985714841,0.3778927465915035,1.2347395301997408,0.047814357111580476,0.03872424583656576,2,"[[1, 3], [2, 3], [2, 4], [2, 4]]",0,1,0.16284666600000008
ellipse,449,random_zones,5.087036555809428,0.29218975269663194,0.3470520182916051,0.057438107529018914,0.803030303030303,0.0,10.49660985714841,0.6991582198311346,1.2347395301997408,0.06467097006747163,0.05237620444289977,0,"[[1, 4], [1, 4], [1, 4], [1, 4]]",0,1,0.18330145799999542
ellipse,449,nominal_lookahead_dynamic,5.087036555809428,0.1883932773465025,0.32069280097553815,0.03703399322565437,0.803030303030303,0.0,10.49660985714841,0.37748187253769755,1.2347395301997408,0.05505779339778053,0.04459061368908628,2,"[[1, 3], [2, 3], [2, 4], [2, 4]]",0,1,2.297736125
ellipse,461,full_trajectory,3.7275820327900204,0.08660302559422274,0.26558259936832396,0.02323303010702681,0.7727272727272727,0.0,7.214943382411742,0.2051058716889396,0.9849675037742434,0.028110927379841416,0.028539954132623346,0,"[[0, 1, 2, 3, 4, 5], [0, 1, 2, 3, 4, 5], [0, 1, 2, 3, 4, 5], [0, 1, 2, 3, 4, 5]]",0,1,0.17910024999999763
ellipse,461,static_tolerance,3.7275820327900204,0.11103127895320082,0.29285872525866363,0.02978640791175188,0.7727272727272727,0.0,7.214943382411742,0.4007106303568248,0.9849675037742434,0.046213947946845926,0.04691926156930174,0,"[[0, 4], [0, 4], [0, 4], [0, 4]]",0,1,0.16978525000000388
ellipse,461,curvature_zones,3.7275820327900204,0.11121485866033656,0.2941104328776438,0.02983565691701075,0.7727272727272727,0.0,7.214943382411742,0.3933561913887511,0.9849675037742434,0.04662755343015629,0.0473391794668217,0,"[[0, 5], [0, 5], [0, 5], [0, 5]]",0,1,0.16933537499999574
ellipse,461,jerk_zones,3.7275820327900204,0.12349345230358386,0.27536098922176144,0.03312964039885971,0.7727272727272727,0.0,7.214943382411742,0.3275472519308076,0.9849675037742434,0.04397959850688715,0.044650811664713935,0,"[[2, 3], [2, 3], [2, 3], [2, 3]]",0,1,0.17244504199999966
ellipse,461,error_peak_dynamic,3.7275820327900204,0.1099011214529818,0.2735007388997073,0.02948322008375038,0.7727272727272727,0.0,7.214943382411742,0.23865178320941685,0.9849675037742434,0.04017893710463808,0.04079214486841302,2,"[[2, 3], [1, 3], [1, 3], [3, 4]]",0,1,0.16631887499999465
ellipse,461,violation_dynamic,3.7275820327900204,0.10440929472514558,0.2723957896536202,0.028009925417254285,0.7727272727272727,0.0,7.214943382411742,0.24671103751827017,0.9849675037742434,0.039548326531915805,0.040151909966950915,3,"[[2, 3], [1, 3], [3, 4], [0, 3]]",0,1,0.17215504199999998
ellipse,461,random_zones,3.7275820327900204,0.10294481310815869,0.2717060983509532,0.027617048317809,0.7727272727272727,0.0,7.214943382411742,0.23545366316445226,0.9849675037742434,0.0391384879369661,0.039735816447744175,0,"[[3, 4], [3, 4], [3, 4], [3, 4]]",0,1,0.15281204200000076
ellipse,461,nominal_lookahead_dynamic,3.7275820327900204,0.10494759305505895,0.27413128707991025,0.028154334936663427,0.7727272727272727,0.0,7.214943382411742,0.265589500130733,0.9849675037742434,0.04411261079546558,0.04478585397633208,2,"[[1, 3], [1, 3], [3, 4], [0, 5]]",0,1,2.3625595419999996
ellipse,479,full_trajectory,2.6859760885205604,0.08817821517911702,0.2882415916225223,0.032829113988012346,0.6515151515151515,0.0,5.775533168345735,0.1980456049032242,0.6625461424441211,0.01887855761640582,0.028493951450329406,0,"[[0, 1, 2, 3, 4, 5], [0, 1, 2, 3, 4, 5], [0, 1, 2, 3, 4, 5], [0, 1, 2, 3, 4, 5]]",0,1,0.16414370799999745
ellipse,479,static_tolerance,2.6859760885205604,0.14471725144596242,0.3292731828306737,0.053878830889247754,0.6515151515151515,0.0,5.775533168345735,0.35174614316582364,0.6625461424441211,0.033234130492359376,0.05016123159325817,0,"[[0, 4], [0, 4], [0, 4], [0, 4]]",0,1,0.16024362499999967
ellipse,479,curvature_zones,2.6859760885205604,0.16379302769459034,0.33847413146856903,0.06098082123464017,0.6515151515151515,0.0,5.775533168345735,0.3474662212719813,0.6625461424441211,0.034939922944227535,0.05273583333431656,0,"[[0, 5], [0, 5], [0, 5], [0, 5]]",0,1,0.15848383299999824
ellipse,479,jerk_zones,2.6859760885205604,0.09271160397259934,0.2862958908579769,0.03451691337418608,0.6515151515151515,0.0,5.775533168345735,0.21471064812305873,0.6625461424441211,0.023505676262772272,0.03547779506505048,0,"[[2, 3], [2, 3], [2, 3], [2, 3]]",0,1,0.16439941600000196
ellipse,479,error_peak_dynamic,2.6859760885205604,0.09659440479598976,0.292362577832756,0.035962496169946956,0.6515151515151515,0.0,5.775533168345735,0.20320924079312408,0.6625461424441211,0.02406801387810426,0.036326547445160236,1,"[[1, 3], [1, 3], [2, 3], [2, 3]]",0,1,0.15714904200000035
ellipse,479,violation_dynamic,2.6859760885205604,0.07584126113787423,0.2865187402599918,0.02823601500475297,0.6515151515151515,0.0,5.775533168345735,0.1545947730623498,0.6625461424441211,0.02226365610822146,0.03360317822709105,2,"[[1, 3], [2, 3], [2, 3], [2, 4]]",0,1,0.15851712499999593
ellipse,479,random_zones,2.6859760885205604,0.1351776273670984,0.3216167896270302,0.05032718941349714,0.6515151515151515,0.0,5.775533168345735,0.32224178774475554,0.6625461424441211,0.032207465838615425,0.048611657023317115,0,"[[1, 4], [1, 4], [1, 4], [1, 4]]",0,1,0.16020520899999724
ellipse,479,nominal_lookahead_dynamic,2.6859760885205604,0.07821830297565097,0.28827326545014065,0.029120997506248733,0.6515151515151515,0.0,5.775533168345735,0.15234864414165247,0.6625461424441211,0.02828150217389787,0.04268608684305051,2,"[[1, 3], [2, 3], [2, 4], [2, 4]]",0,1,2.1315537080000055
ellipse,491,full_trajectory,5.909719096089369,0.2569659079518147,0.32056284585414324,0.0434819157685272,0.8333333333333334,0.0,11.5898104398019,0.6056125189597583,1.398246315248322,0.05437577456688551,0.03888855201969807,0,"[[0, 1, 2, 3, 4, 5], [0, 1, 2, 3, 4, 5], [0, 1, 2, 3, 4, 5], [0, 1, 2, 3, 4, 5]]",0,1,0.1730753329999999
ellipse,491,static_tolerance,5.909719096089369,0.39445997355448376,0.3578951182075354,0.06674766890621066,0.8333333333333334,0.015151515151515152,11.5898104398019,1.0040539417386862,1.398246315248322,0.0833491365966915,0.05960976666824907,0,"[[0, 4], [0, 4], [0, 4], [0, 4]]",0,1,0.1783360000000016
ellipse,491,curvature_zones,5.909719096089369,0.45364069901429577,0.37196611929899914,0.07676180401103715,0.8333333333333334,0.0,11.5898104398019,0.994299463210487,1.398246315248322,0.09116285352781635,0.06519799303860582,0,"[[0, 5], [0, 5], [0, 5], [0, 5]]",0,1,0.17654066600000107
ellipse,491,jerk_zones,5.909719096089369,0.26018815340142387,0.3180228622967153,0.044027160880387335,0.8333333333333334,0.0,11.5898104398019,0.5498613263396168,1.398246315248322,0.05789031678035657,0.041402087850362417,0,"[[2, 3], [2, 3], [2, 3], [2, 3]]",0,1,0.17688750000000653
ellipse,491,error_peak_dynamic,5.909719096089369,0.2187222953301972,0.32186855000222236,0.037010607741903,0.8333333333333334,0.0,11.5898104398019,0.4691975590605413,1.398246315248322,0.055615478226237254,0.03977516523357346,2,"[[1, 3], [2, 3], [2, 4], [2, 4]]",0,1,0.16261104099999812
ellipse,491,violation_dynamic,5.909719096089369,0.2187222953301972,0.32186855000222236,0.037010607741903,0.8333333333333334,0.0,11.5898104398019,0.4691975590605413,1.398246315248322,0.055615478226237254,0.03977516523357346,2,"[[1, 3], [2, 3], [2, 4], [2, 4]]",0,1,0.16357620899999858
ellipse,491,random_zones,5.909719096089369,0.3290943792327126,0.3402789322128083,0.05568697494445782,0.8333333333333334,0.0,11.5898104398019,0.8093311646521961,1.398246315248322,0.06630790728135587,0.04742219347066893,0,"[[1, 2], [1, 2], [1, 2], [1, 2]]",0,1,0.18127045899999672
ellipse,491,nominal_lookahead_dynamic,5.909719096089369,0.2200364091999951,0.32098763334161085,0.037232972603655476,0.8333333333333334,0.0,11.5898104398019,0.4543534422028465,1.398246315248322,0.06125514399887426,0.04380855027534661,1,"[[2, 3], [2, 3], [2, 4], [2, 4]]",0,1,2.3950708749999947
ellipse,509,full_trajectory,8.313054204830593,0.40443855920997057,0.3398833509276075,0.048651019137461816,0.9090909090909091,0.0,15.528480888123285,0.8248731523913765,1.9344278386777605,0.08731344272093862,0.04513657267288915,0,"[[0, 1, 2, 3, 4, 5], [0, 1, 2, 3, 4, 5], [0, 1, 2, 3, 4, 5], [0, 1, 2, 3, 4, 5]]",0,1,0.2014147080000015
ellipse,509,static_tolerance,8.313054204830593,0.590261027995026,0.37277459110570665,0.07100411153965941,0.9090909090909091,0.16666666666666666,15.528480888123285,1.4629974655921234,1.9344278386777605,0.12451837139909237,0.06436961302428547,0,"[[0, 4], [0, 4], [0, 4], [0, 4]]",0,1,0.21703325000000007
ellipse,509,curvature_zones,8.313054204830593,0.723118757105326,0.3917276383858987,0.08698593071667118,0.9090909090909091,0.2727272727272727,15.528480888123285,1.4476183680836725,1.9344278386777605,0.14276102413208808,0.07380012904987426,0,"[[0, 5], [0, 5], [0, 5], [0, 5]]",0,1,0.1997920000000022
ellipse,509,jerk_zones,8.313054204830593,0.47525044441780434,0.3426835381984327,0.05716917425386729,0.9090909090909091,0.09090909090909091,15.528480888123285,1.1872395212891296,1.9344278386777605,0.10214990169770582,0.052806261187560426,0,"[[2, 3], [2, 3], [2, 3], [2, 3]]",0,1,0.21086804099999767
ellipse,509,error_peak_dynamic,8.313054204830593,0.35106687226165095,0.3447362017149081,0.04223079311303554,0.9090909090909091,0.0,15.528480888123285,0.6845999647320411,1.9344278386777605,0.08695057204923935,0.04494898714271641,2,"[[1, 3], [2, 3], [2, 4], [2, 4]]",0,1,0.1982952089999941
ellipse,509,violation_dynamic,8.313054204830593,0.3029129225858596,0.33100262331672453,0.036438222958998796,0.9090909090909091,0.0,15.528480888123285,0.6487190896750438,1.9344278386777605,0.07722289027890855,0.03992027447852111,1,"[[2, 3], [2, 4], [2, 4], [2, 4]]",0,1,0.20708858300000088
ellipse,509,random_zones,8.313054204830593,0.5261060515923514,0.36610218842603265,0.06328673416884963,0.9090909090909091,0.15151515151515152,15.528480888123285,1.248932016552846,1.9344278386777605,0.11240933350240644,0.058109861352719984,0,"[[1, 4], [1, 4], [1, 4], [1, 4]]",0,1,0.19475220800000415
ellipse,509,nominal_lookahead_dynamic,8.313054204830593,0.32807465154049364,0.3376199806030743,0.039464996072063906,0.9090909090909091,0.0,15.528480888123285,0.6902755016117637,1.9344278386777605,0.08817678428221849,0.04558287599008603,1,"[[2, 3], [2, 4], [2, 4], [2, 4]]",0,1,2.6447049999999948
rounded_square,431,full_trajectory,4.015909620677012,1.2509005509306141,0.5498025312811377,0.31148623078816556,0.8181818181818182,0.2878787878787879,8.507496856726563,3.0194466986921373,1.1441664415035466,0.2961868293730371,0.25886690837027054,0,"[[0, 1, 2, 3, 4, 5], [0, 1, 2, 3, 4, 5], [0, 1, 2, 3, 4, 5], [0, 1, 2, 3, 4, 5]]",0,1,0.2417501669999993
rounded_square,431,static_tolerance,4.015909620677012,1.5915216445900995,0.5908458836164003,0.39630414897678823,0.8181818181818182,0.30303030303030304,8.507496856726563,4.360039220607455,1.1441664415035466,0.4130832061682361,0.3610341915162311,0,"[[0, 4], [0, 4], [0, 4], [0, 4]]",0,1,0.22396295800000132
rounded_square,431,curvature_zones,4.015909620677012,1.7628533466203153,0.6205243742949904,0.4389673855068305,0.8181818181818182,0.42424242424242425,8.507496856726563,4.30559170319366,1.1441664415035466,0.4173656925847545,0.3647770791426946,0,"[[0, 5], [0, 5], [0, 5], [0, 5]]",0,1,0.19599070799999652
rounded_square,431,jerk_zones,4.015909620677012,1.0361546143567613,0.46238826850706083,0.25801243360205,0.8181818181818182,0.19696969696969696,8.507496856726563,2.9872893229885777,1.1441664415035466,0.4343159925739341,0.37959161955772835,0,"[[2, 3], [2, 3], [2, 3], [2, 3]]",0,1,0.2050276249999996
rounded_square,431,error_peak_dynamic,4.015909620677012,0.8267362987615348,0.43010976006791446,0.2058652651207229,0.8181818181818182,0.18181818181818182,8.507496856726563,2.1773981818535315,1.1441664415035466,0.42884912189105845,0.37481358160400924,2,"[[1, 2], [2, 4], [2, 4], [2, 3]]",0,1,0.21442716699999664
rounded_square,431,violation_dynamic,4.015909620677012,0.7323278568646281,0.4076483923316521,0.18235665790236846,0.8181818181818182,0.21212121212121213,8.507496856726563,1.5452293746286219,1.1441664415035466,0.4292951317481171,0.3752033936461039,0,"[[2, 4], [2, 4], [2, 4], [2, 4]]",0,1,0.22192662500000182
rounded_square,431,random_zones,4.015909620677012,1.5915506346245798,0.5923622680084853,0.3963113677733296,0.8181818181818182,0.30303030303030304,8.507496856726563,4.35082695257634,1.1441664415035466,0.41440094397226884,0.36218589266410006,0,"[[1, 4], [1, 4], [1, 4], [1, 4]]",0,1,0.20526995799999526
rounded_square,431,nominal_lookahead_dynamic,4.015909620677012,0.7553446705786527,0.4068164553320972,0.18808806520185453,0.8181818181818182,0.18181818181818182,8.507496856726563,1.8825428713523862,1.1441664415035466,0.49310964065384705,0.43097719244924954,1,"[[2, 4], [2, 4], [2, 4], [2, 3]]",0,1,2.7639677920000025
rounded_square,449,full_trajectory,8.739730179805258,2.075106606028909,0.47887020782176354,0.23743371515333753,0.9545454545454546,0.3484848484848485,17.135797504197914,4.7943472962234335,2.20083742104653,0.44645462358698706,0.20285670323375882,0,"[[0, 1, 2, 3, 4, 5], [0, 1, 2, 3, 4, 5], [0, 1, 2, 3, 4, 5], [0, 1, 2, 3, 4, 5]]",0,1,0.27909287499999635
rounded_square,449,static_tolerance,8.739730179805258,2.4162871332470104,0.5047592379728333,0.27647159392063186,0.9545454545454546,0.3787878787878788,17.135797504197914,6.766136472348516,2.20083742104653,0.5510548440327335,0.25038416684622666,0,"[[0, 4], [0, 4], [0, 4], [0, 4]]",0,1,0.2452890839999995
rounded_square,449,curvature_zones,8.739730179805258,2.598483493686618,0.5209898297535307,0.297318503000343,0.9545454545454546,0.3787878787878788,17.135797504197914,6.667738586635582,2.20083742104653,0.558850481577841,0.25392629016281426,0,"[[0, 5], [0, 5], [0, 5], [0, 5]]",0,1,0.21920920799999521
rounded_square,449,jerk_zones,8.739730179805258,1.5539237255481742,0.41489797964013925,0.1777999656258037,0.9545454545454546,0.3181818181818182,17.135797504197914,4.650244631311171,2.20083742104653,0.5919283020146953,0.2689559421128094,0,"[[2, 3], [2, 3], [2, 3], [2, 3]]",0,1,0.23863379200000168
rounded_square,449,error_peak_dynamic,8.739730179805258,1.109277716052523,0.39218438084355584,0.12692356551415185,0.9545454545454546,0.36363636363636365,17.135797504197914,2.335594169093511,2.20083742104653,0.5739086691212798,0.26076831647490706,1,"[[2, 3], [2, 4], [2, 4], [2, 4]]",0,1,0.24365133299999542
rounded_square,449,violation_dynamic,8.739730179805258,1.109277716052523,0.39218438084355584,0.12692356551415185,0.9545454545454546,0.36363636363636365,17.135797504197914,2.335594169093511,2.20083742104653,0.5739086691212798,0.26076831647490706,1,"[[2, 3], [2, 4], [2, 4], [2, 4]]",0,1,0.24380133400000403
rounded_square,449,random_zones,8.739730179805258,2.410888621161781,0.5040196586588797,0.27585389612285505,0.9545454545454546,0.3787878787878788,17.135797504197914,6.726122882485615,2.20083742104653,0.5512745807561819,0.2504840091704924,0,"[[1, 4], [1, 4], [1, 4], [1, 4]]",0,1,0.23704129200000068
rounded_square,449,nominal_lookahead_dynamic,8.739730179805258,1.0055724570762812,0.37930252871626813,0.11505760891793203,0.9545454545454546,0.3333333333333333,17.135797504197914,2.1440356131615252,2.20083742104653,0.6548500694038464,0.2975458628345458,0,"[[2, 4], [2, 4], [2, 4], [2, 4]]",0,1,3.030472125000003
rounded_square,461,full_trajectory,2.7624677696090205,1.8697684104856553,0.9327915472032899,0.676847140464661,0.5151515151515151,0.42424242424242425,8.979583512678765,3.9371530236913794,1.3411501302696918,0.49129832458845746,0.3663261207674508,0,"[[0, 1, 2, 3, 4, 5], [0, 1, 2, 3, 4, 5], [0, 1, 2, 3, 4, 5], [0, 1, 2, 3, 4, 5]]",0,1,0.266598541999997
rounded_square,461,static_tolerance,2.7624677696090205,2.429106574859205,0.9992113656766506,0.879324856413801,0.5151515151515151,0.5,8.979583512678765,5.733934172143359,1.3411501302696918,0.6767760883850379,0.5046236607746107,0,"[[0, 4], [0, 4], [0, 4], [0, 4]]",0,1,0.22525708300000247
rounded_square,461,curvature_zones,2.7624677696090205,2.7761822849846287,1.0556746855138304,1.0049645883751068,0.5151515151515151,0.48484848484848486,8.979583512678765,5.659532661077542,1.3411501302696918,0.6807679727370012,0.5076001242307643,0,"[[0, 5], [0, 5], [0, 5], [0, 5]]",0,1,0.2082599579999993
rounded_square,461,jerk_zones,2.7624677696090205,1.7538677558004048,0.7527699480467512,0.6348916628441368,0.5151515151515151,0.3181818181818182,8.979583512678765,4.9797159752119935,1.3411501302696918,0.7121613418955881,0.5310079206064571,0,"[[2, 3], [2, 3], [2, 3], [2, 3]]",0,1,0.22330345800000373
rounded_square,461,error_peak_dynamic,2.7624677696090205,1.510281019853336,0.728808163293916,0.546714440062803,0.5151515151515151,0.48484848484848486,8.979583512678765,3.5204473667934186,1.3411501302696918,0.6634633022446381,0.4946972656306735,3,"[[2, 4], [2, 3], [2, 4], [3, 4]]",0,1,0.23431483400000275
rounded_square,461,violation_dynamic,2.7624677696090205,1.3943932631806988,0.7452100079240317,0.5047636314605948,0.5151515151515151,0.45454545454545453,8.979583512678765,2.5601045972357968,1.3411501302696918,0.6808128514439193,0.5076335870817197,2,"[[2, 4], [2, 4], [3, 4], [2, 4]]",0,1,0.2340691659999976
rounded_square,461,random_zones,2.7624677696090205,1.5460562071261759,0.746079493779581,0.5596648851924861,0.5151515151515151,0.4393939393939394,8.979583512678765,3.4376286924380817,1.3411501302696918,0.7147989904116511,0.5329746269852073,0,"[[2, 4], [2, 4], [2, 4], [2, 4]]",0,1,0.23326791599998842
rounded_square,461,nominal_lookahead_dynamic,2.7624677696090205,1.561613451472405,0.7287876397826537,0.5652965325613281,0.5151515151515151,0.4393939393939394,8.979583512678765,4.0382661564097955,1.3411501302696918,0.7927414379593805,0.5910907511897778,3,"[[2, 4], [2, 3], [2, 4], [2, 3]]",0,1,2.8748412909999956
rounded_square,479,full_trajectory,4.821299737194143,1.0240790323604014,0.44373228297373846,0.21240725285343612,0.8333333333333334,0.2727272727272727,9.227173088965968,2.6129638709924667,1.1489121001504818,0.22841769459484398,0.19881215853234235,0,"[[0, 1, 2, 3, 4, 5], [0, 1, 2, 3, 4, 5], [0, 1, 2, 3, 4, 5], [0, 1, 2, 3, 4, 5]]",0,1,0.23362595800000463
rounded_square,479,static_tolerance,4.821299737194143,1.2845822940155553,0.4773614087749195,0.26643900276632565,0.8333333333333334,0.16666666666666666,9.227173088965968,3.7271454837876363,1.1489121001504818,0.3121767432821716,0.27171508006685924,0,"[[0, 4], [0, 4], [0, 4], [0, 4]]",0,1,0.21573129099999733
rounded_square,479,curvature_zones,4.821299737194143,1.4036530130436662,0.4999255551442155,0.29113581182582765,0.8333333333333334,0.2878787878787879,9.227173088965968,3.677354717387288,1.1489121001504818,0.31649652525261157,0.27547496906957253,0,"[[0, 5], [0, 5], [0, 5], [0, 5]]",0,1,0.2526724159999958
rounded_square,479,jerk_zones,4.821299737194143,0.8062324699630076,0.38263169612317677,0.16722305475913257,0.8333333333333334,0.15151515151515152,9.227173088965968,2.313930541721325,1.1489121001504818,0.32529401799623325,0.28313220650529053,0,"[[2, 3], [2, 3], [2, 3], [2, 3]]",0,1,0.2005655829999995
rounded_square,479,error_peak_dynamic,4.821299737194143,0.5004472255307281,0.3496500136519787,0.10379923522904093,0.8333333333333334,0.045454545454545456,9.227173088965968,1.1278331216805826,1.1489121001504818,0.31732752836174755,0.27619826470639897,1,"[[2, 3], [2, 4], [2, 4], [2, 4]]",0,1,0.2103638330000024
rounded_square,479,violation_dynamic,4.821299737194143,0.5004472255307281,0.3496500136519787,0.10379923522904093,0.8333333333333334,0.045454545454545456,9.227173088965968,1.1278331216805826,1.1489121001504818,0.31732752836174755,0.27619826470639897,1,"[[2, 3], [2, 4], [2, 4], [2, 4]]",0,1,0.22643445799999995
rounded_square,479,random_zones,4.821299737194143,0.8062324699630076,0.38263169612317677,0.16722305475913257,0.8333333333333334,0.15151515151515152,9.227173088965968,2.313930541721325,1.1489121001504818,0.32529401799623325,0.28313220650529053,0,"[[2, 3], [2, 3], [2, 3], [2, 3]]",0,1,0.19834383299999558
rounded_square,479,nominal_lookahead_dynamic,4.821299737194143,0.4834842766202049,0.33265339536017324,0.10028089995947416,0.8333333333333334,0.045454545454545456,9.227173088965968,1.112753489168513,1.1489121001504818,0.37297092306157437,0.3246296413909502,0,"[[2, 4], [2, 4], [2, 4], [2, 4]]",0,1,2.701825624999998
rounded_square,491,full_trajectory,10.630335300995174,2.3081437758268546,0.45378202984637067,0.217128031287101,0.9545454545454546,0.3939393939393939,20.26842661413689,5.377142025291034,2.533422792952361,0.4738107408895249,0.18702395123609142,0,"[[0, 1, 2, 3, 4, 5], [0, 1, 2, 3, 4, 5], [0, 1, 2, 3, 4, 5], [0, 1, 2, 3, 4, 5]]",0,1,0.29252775000000497
rounded_square,491,static_tolerance,10.630335300995174,2.6596484111117853,0.48024395693437294,0.2501942164385726,0.9545454545454546,0.36363636363636365,20.26842661413689,7.560151616821413,2.533422792952361,0.5799828557035538,0.22893251663993375,0,"[[0, 4], [0, 4], [0, 4], [0, 4]]",0,1,0.260177000000013
rounded_square,491,curvature_zones,10.630335300995174,2.8215269872203446,0.4939585076079818,0.26542220046024356,0.9545454545454546,0.3484848484848485,20.26842661413689,7.439816779078405,2.533422792952361,0.5819758241862993,0.22971918694553362,0,"[[0, 5], [0, 5], [0, 5], [0, 5]]",0,1,0.22819375000000264
rounded_square,491,jerk_zones,10.630335300995174,1.6591218629862619,0.39363179270071,0.1560742738595405,0.9545454545454546,0.30303030303030304,20.26842661413689,4.9306960283972545,2.533422792952361,0.5927997805482519,0.233991650425401,0,"[[2, 3], [2, 3], [2, 3], [2, 3]]",0,1,0.24596920899999475
rounded_square,491,error_peak_dynamic,10.630335300995174,1.1788589600564616,0.3733706262390999,0.1108957456822741,0.9545454545454546,0.3181818181818182,20.26842661413689,2.6509646713714874,2.533422792952361,0.5761926623298903,0.22743644050759323,1,"[[2, 3], [2, 4], [2, 4], [2, 4]]",0,1,0.26137162499999533
rounded_square,491,violation_dynamic,10.630335300995174,1.1788589600564616,0.3733706262390999,0.1108957456822741,0.9545454545454546,0.3181818181818182,20.26842661413689,2.6509646713714874,2.533422792952361,0.5761926623298903,0.22743644050759323,1,"[[2, 3], [2, 4], [2, 4], [2, 4]]",0,1,0.26211595800000964
rounded_square,491,random_zones,10.630335300995174,2.800982441250541,0.49216355560629044,0.26348956659799083,0.9545454545454546,0.3484848484848485,20.26842661413689,7.3436247752964166,2.533422792952361,0.5797875603271944,0.2288554290819854,0,"[[1, 5], [1, 5], [1, 5], [1, 5]]",0,1,0.23697824999999284
rounded_square,491,nominal_lookahead_dynamic,10.630335300995174,1.0770908202997886,0.3676075271759134,0.10132237505236126,0.9545454545454546,0.2878787878787879,20.26842661413689,2.3950097039868097,2.533422792952361,0.6609183862259079,0.2608796242239919,0,"[[2, 4], [2, 4], [2, 4], [2, 4]]",0,1,3.3339335000000005
rounded_square,509,full_trajectory,14.819766360045731,4.6331584778351,0.5035300031614768,0.3126337059082221,0.9848484848484849,0.4696969696969697,27.91350001276917,11.476486600233622,3.539329230289643,0.8287118111968187,0.2341437479465567,0,"[[0, 1, 2, 3, 4, 5], [0, 1, 2, 3, 4, 5], [0, 1, 2, 3, 4, 5], [0, 1, 2, 3, 4, 5]]",0,1,0.33704891700000417
rounded_square,509,static_tolerance,14.819766360045731,4.459623873343973,0.5054944063495671,0.3009240338206122,0.9848484848484849,0.48484848484848486,27.91350001276917,12.386245963335645,3.539329230289643,0.8497921352759276,0.2400997703190173,0,"[[0, 4], [0, 4], [0, 4], [0, 4]]",0,1,0.32528250000000014
rounded_square,509,curvature_zones,14.819766360045731,4.834804490984719,0.5192852920495674,0.3262402640853644,0.9848484848484849,0.45454545454545453,27.91350001276917,12.283118334269002,3.539329230289643,0.8715349898032695,0.24624298365482855,0,"[[0, 5], [0, 5], [0, 5], [0, 5]]",0,1,0.2841364580000061
rounded_square,509,jerk_zones,14.819766360045731,3.137079550956745,0.43108800237713035,0.21168211932236322,0.9848484848484849,0.5909090909090909,27.91350001276917,7.438459777919344,3.539329230289643,0.8190781635583846,0.23142186280629082,0,"[[2, 3], [2, 3], [2, 3], [2, 3]]",0,1,0.3511210420000026
rounded_square,509,error_peak_dynamic,14.819766360045731,2.614799414262743,0.41686681051975294,0.1764399890481589,0.9848484848484849,0.5303030303030303,27.91350001276917,6.518802596419707,3.539329230289643,0.7994015380750641,0.22586244060986796,1,"[[2, 3], [2, 4], [2, 4], [2, 4]]",0,1,0.33711750000000507
rounded_square,509,violation_dynamic,14.819766360045731,2.614799414262743,0.41686681051975294,0.1764399890481589,0.9848484848484849,0.5303030303030303,27.91350001276917,6.518802596419707,3.539329230289643,0.7994015380750641,0.22586244060986796,1,"[[2, 3], [2, 4], [2, 4], [2, 4]]",0,1,0.33319183300000077
rounded_square,509,random_zones,14.819766360045731,4.430631882221364,0.5046450583692389,0.29896772827447543,0.9848484848484849,0.45454545454545453,27.91350001276917,12.321272230801883,3.539329230289643,0.8473486492370275,0.23940938921008043,0,"[[4, 5], [4, 5], [4, 5], [4, 5]]",0,1,0.3245037079999946
rounded_square,509,nominal_lookahead_dynamic,14.819766360045731,2.4419391449182757,0.4110143420366454,0.16477581937470842,0.9848484848484849,0.5757575757575758,27.91350001276917,5.966391865951367,3.539329230289643,0.8563488420686943,0.2419522984016422,1,"[[2, 3], [2, 4], [2, 4], [2, 4]]",0,1,4.472216790999994
figure_eight,431,full_trajectory,6.409287892815148,0.2838806909062764,0.3255050385995239,0.04429207981506158,1.0,0.0,11.567486824485798,0.6979107461989353,1.235245764593708,0.06936901966477982,0.056158071254424735,0,"[[0, 1, 2, 3, 4, 5], [0, 1, 2, 3, 4, 5], [0, 1, 2, 3, 4, 5], [0, 1, 2, 3, 4, 5]]",0,1,0.2026004169999993
figure_eight,431,static_tolerance,6.409287892815148,0.5117168729066965,0.36946480261859443,0.0798398950810642,1.0,0.09090909090909091,11.567486824485798,1.3910925342244882,1.235245764593708,0.1254061901767142,0.10152327072982298,0,"[[0, 4], [0, 4], [0, 4], [0, 4]]",0,1,0.2979287080000006
figure_eight,431,curvature_zones,6.409287892815148,0.4892208553350824,0.3685767781804543,0.07632998603222396,1.0,0.09090909090909091,11.567486824485798,1.2653897264118705,1.235245764593708,0.12061673438001475,0.0976459404575959,0,"[[1, 4], [1, 4], [1, 4], [1, 4]]",0,1,0.215681625000002
figure_eight,431,jerk_zones,6.409287892815148,0.4832480351656948,0.3539805790809917,0.07539808528610782,1.0,0.12121212121212122,11.567486824485798,1.3968020371228551,1.235245764593708,0.09618314238914592,0.07786559172763656,0,"[[2, 3], [2, 3], [2, 3], [2, 3]]",0,1,0.20954025000000343
figure_eight,431,error_peak_dynamic,6.409287892815148,0.2807655610437233,0.33145211665732777,0.04380604612229438,1.0,0.0,11.567486824485798,0.6081761563024979,1.235245764593708,0.08553686853282794,0.06924684219497192,3,"[[2, 3], [3, 4], [2, 4], [3, 4]]",0,1,0.19939825000000155
figure_eight,431,violation_dynamic,6.409287892815148,0.2725544339250674,0.3219982923811233,0.04252491672758258,1.0,0.0,11.567486824485798,0.5792970713310641,1.235245764593708,0.08644940352331774,0.0699855899135605,3,"[[2, 4], [3, 4], [2, 4], [3, 4]]",0,1,0.1933709580000027
figure_eight,431,random_zones,6.409287892815148,0.5118723909238145,0.3690119332053415,0.07986415955782337,1.0,0.10606060606060606,11.567486824485798,1.391941349189128,1.235245764593708,0.12492176926158827,0.10113110511467896,0,"[[4, 5], [4, 5], [4, 5], [4, 5]]",0,1,0.2011263750000012
figure_eight,431,nominal_lookahead_dynamic,6.409287892815148,0.30280667257430666,0.3438672450274265,0.04724497910505079,1.0,0.0,11.567486824485798,0.6419148375383487,1.235245764593708,0.10360874643031749,0.08387703030448848,3,"[[2, 3], [2, 4], [3, 4], [2, 4]]",0,1,2.6532120829999997
figure_eight,449,full_trajectory,9.951788551658744,0.39864139113323127,0.3301774182925263,0.040057260970118434,0.9090909090909091,0.0,17.69370514887019,0.9847504324139372,2.0194931048869327,0.14737171735303115,0.07297460783421798,0,"[[0, 1, 2, 3, 4, 5], [0, 1, 2, 3, 4, 5], [0, 1, 2, 3, 4, 5], [0, 1, 2, 3, 4, 5]]",0,1,0.24729645899999753
figure_eight,449,static_tolerance,9.951788551658744,0.7410102089786614,0.36791704081359483,0.0744600033584065,0.9090909090909091,0.15151515151515152,17.69370514887019,1.9326205475295308,2.0194931048869327,0.22261677422784043,0.11023398579036213,0,"[[0, 4], [0, 4], [0, 4], [0, 4]]",0,1,0.21464524999998957
figure_eight,449,curvature_zones,9.951788551658744,0.7181089380270634,0.368115586003989,0.0721587817405315,0.9090909090909091,0.15151515151515152,17.69370514887019,1.7673596965406997,2.0194931048869327,0.21673452028567683,0.10732124797118897,0,"[[1, 4], [1, 4], [1, 4], [1, 4]]",0,1,0.21605150000000606
figure_eight,449,jerk_zones,9.951788551658744,0.8247889256109125,0.37004135461405335,0.08287846162823047,0.9090909090909091,0.21212121212121213,17.69370514887019,1.9705806372662504,2.0194931048869327,0.20628332615920256,0.1021460908482537,0,"[[2, 3], [2, 3], [2, 3], [2, 3]]",0,1,0.24156258299998967
figure_eight,449,error_peak_dynamic,9.951788551658744,0.5436207714904794,0.34893755288962036,0.054625434279335625,0.9090909090909091,0.045454545454545456,17.69370514887019,1.351318358287538,2.0194931048869327,0.1998605553448385,0.09896570325553465,2,"[[2, 3], [3, 4], [3, 4], [2, 3]]",0,1,0.2406675000000007
figure_eight,449,violation_dynamic,9.951788551658744,0.4784633025926118,0.3344908799140028,0.04807812184804334,0.9090909090909091,0.045454545454545456,17.69370514887019,1.3202965899593744,2.0194931048869327,0.1966868427193216,0.09739416403223308,3,"[[3, 4], [2, 4], [3, 4], [2, 3]]",0,1,0.24027983399999187
figure_eight,449,random_zones,9.951788551658744,0.8247889256109125,0.37004135461405335,0.08287846162823047,0.9090909090909091,0.21212121212121213,17.69370514887019,1.9705806372662504,2.0194931048869327,0.20628332615920256,0.1021460908482537,0,"[[2, 3], [2, 3], [2, 3], [2, 3]]",0,1,0.2421754579999913
figure_eight,449,nominal_lookahead_dynamic,9.951788551658744,0.6228561159544793,0.35117947054263243,0.06258735429529026,0.9090909090909091,0.07575757575757576,17.69370514887019,2.0091547138349024,2.0194931048869327,0.24189141178772802,0.11977828060040395,2,"[[2, 4], [3, 4], [2, 4], [2, 4]]",0,1,3.0164887089999866
figure_eight,461,full_trajectory,9.138224127086469,0.8970227722775337,0.36950694680913543,0.09816160774812717,0.7272727272727273,0.2727272727272727,15.54811519475447,1.846260720474547,1.7629131436909138,0.18281186054002418,0.10369873365245953,0,"[[0, 1, 2, 3, 4, 5], [0, 1, 2, 3, 4, 5], [0, 1, 2, 3, 4, 5], [0, 1, 2, 3, 4, 5]]",0,1,0.23138079199999595
figure_eight,461,static_tolerance,9.138224127086469,1.0713331455451522,0.4077763187907876,0.11723647074595492,0.7272727272727273,0.3939393939393939,15.54811519475447,2.0635885036862796,1.7629131436909138,0.23023922581454273,0.13060157083661172,0,"[[0, 4], [0, 4], [0, 4], [0, 4]]",0,1,0.1965587920000047
figure_eight,461,curvature_zones,9.138224127086469,1.037910838063286,0.40625337022425584,0.11357905251927784,0.7272727272727273,0.3787878787878788,15.54811519475447,1.9597520901440082,1.7629131436909138,0.22343302814667057,0.12674080339481797,0,"[[1, 4], [1, 4], [1, 4], [1, 4]]",0,1,0.21144437499999924
figure_eight,461,jerk_zones,9.138224127086469,1.074379455301633,0.38724768427760775,0.11756982980063725,0.7272727272727273,0.2727272727272727,15.54811519475447,2.9373049685711248,1.7629131436909138,0.21159286928865947,0.12002455710646026,0,"[[2, 3], [2, 3], [2, 3], [2, 3]]",0,1,0.2327651669999966
figure_eight,461,error_peak_dynamic,9.138224127086469,0.8953018874810627,0.37629351056518384,0.09797329054638879,0.7272727272727273,0.2727272727272727,15.54811519475447,1.8212650809936193,1.7629131436909138,0.18580181022622586,0.10539476144424385,2,"[[2, 3], [3, 4], [3, 4], [2, 3]]",0,1,0.23357229199999097
figure_eight,461,violation_dynamic,9.138224127086469,0.9285426061739831,0.3767482039256037,0.1016108374297479,0.7272727272727273,0.3787878787878788,15.54811519475447,1.6659095559602994,1.7629131436909138,0.18761077899795647,0.10642088617319294,1,"[[2, 3], [3, 4], [3, 4], [3, 4]]",0,1,0.24060558300000423
figure_eight,461,random_zones,9.138224127086469,1.1846575281741336,0.4117170228085991,0.12963760920053477,0.7272727272727273,0.30303030303030304,15.54811519475447,2.779888367510448,1.7629131436909138,0.23233068654903602,0.1317879371315016,0,"[[2, 5], [2, 5], [2, 5], [2, 5]]",0,1,0.21592758399999923
figure_eight,461,nominal_lookahead_dynamic,9.138224127086469,0.8999241611677822,0.38378846386714033,0.09847910804686119,0.7272727272727273,0.2727272727272727,15.54811519475447,1.894588656813878,1.7629131436909138,0.22361078289862613,0.1268416335194283,1,"[[2, 3], [2, 4], [2, 4], [2, 4]]",0,1,3.101847500000005
figure_eight,479,full_trajectory,5.132959047884346,0.17683255684090235,0.3056014800375425,0.03445041255760408,0.8787878787878788,0.0,9.456145539598397,0.4117442406086391,1.0606780125317887,0.0476026724384957,0.04487947508676111,0,"[[0, 1, 2, 3, 4, 5], [0, 1, 2, 3, 4, 5], [0, 1, 2, 3, 4, 5], [0, 1, 2, 3, 4, 5]]",0,1,0.21398683400001062
figure_eight,479,static_tolerance,5.132959047884346,0.3611454718299805,0.3476423006670928,0.07035814399860331,0.8787878787878788,0.045454545454545456,9.456145539598397,1.0820033391561596,1.0606780125317887,0.09305912332088012,0.08773550712034876,0,"[[0, 4], [0, 4], [0, 4], [0, 4]]",0,1,0.21387120900000411
figure_eight,479,curvature_zones,5.132959047884346,0.34445570899619293,0.34712706012593186,0.06710665442346894,0.8787878787878788,0.0,9.456145539598397,0.9927805515463892,1.0606780125317887,0.08913578446071212,0.08403660998680379,0,"[[1, 4], [1, 4], [1, 4], [1, 4]]",0,1,0.20264591599999449
figure_eight,479,jerk_zones,5.132959047884346,0.3244390328711087,0.3372056902092056,0.06320701759832525,0.8787878787878788,0.0,9.456145539598397,0.9208901480787457,1.0606780125317887,0.06909551323062968,0.0651427788775426,0,"[[2, 3], [2, 3], [2, 3], [2, 3]]",0,1,0.22235091599999635
figure_eight,479,error_peak_dynamic,5.132959047884346,0.21578573705888768,0.32123521120616577,0.0420392477410916,0.8787878787878788,0.0,9.456145539598397,0.45936630738882656,1.0606780125317887,0.06423170901072228,0.06055721741360906,3,"[[2, 3], [3, 4], [2, 3], [3, 4]]",0,1,0.19564554199999407
figure_eight,479,violation_dynamic,5.132959047884346,0.17752582345866197,0.3023435333122604,0.03458547434385491,0.8787878787878788,0.0,9.456145539598397,0.4223486037567883,1.0606780125317887,0.0631496342731428,0.05953704472708695,3,"[[2, 4], [3, 4], [2, 4], [3, 4]]",0,1,0.19039475000001005
figure_eight,479,random_zones,5.132959047884346,0.37437841619512074,0.35636273072950736,0.07293617827506893,0.8787878787878788,0.015151515151515152,9.456145539598397,1.0070689221933193,1.0606780125317887,0.08262215932606123,0.07789560861061502,0,"[[1, 2], [1, 2], [1, 2], [1, 2]]",0,1,0.19061920899999052
figure_eight,479,nominal_lookahead_dynamic,5.132959047884346,0.21426246164153967,0.32157748477440756,0.04174248413882287,0.8787878787878788,0.0,9.456145539598397,0.5539992129943065,1.0606780125317887,0.07901099751499371,0.07449102987097674,3,"[[2, 4], [3, 4], [2, 4], [2, 3]]",0,1,2.516738124999989
figure_eight,491,full_trajectory,10.419231803884756,0.5270173087225376,0.32116437700436756,0.05058120585493087,0.9393939393939394,0.07575757575757576,18.5301470089737,1.3581086877782176,2.2002604993148567,0.19479474721714943,0.08853258388168443,0,"[[0, 1, 2, 3, 4, 5], [0, 1, 2, 3, 4, 5], [0, 1, 2, 3, 4, 5], [0, 1, 2, 3, 4, 5]]",0,1,0.28368145800000377
figure_eight,491,static_tolerance,10.419231803884756,0.8733647020508718,0.35889340173810885,0.08382236987233957,0.9393939393939394,0.22727272727272727,18.5301470089737,2.205692755609855,2.2002604993148567,0.2957923423957015,0.13443514642371157,0,"[[0, 4], [0, 4], [0, 4], [0, 4]]",0,1,0.2310200000000009
figure_eight,491,curvature_zones,10.419231803884756,0.8439089587591607,0.35870999006128346,0.0809953146876446,0.9393939393939394,0.21212121212121213,18.5301470089737,2.0537677912650834,2.2002604993148567,0.2878388956948146,0.13082037139895267,0,"[[1, 4], [1, 4], [1, 4], [1, 4]]",0,1,0.24487137500000244
figure_eight,491,jerk_zones,10.419231803884756,0.7310141281069172,0.35718154949464787,0.07016007915615836,0.9393939393939394,0.19696969696969696,18.5301470089737,1.9872201318209437,2.2002604993148567,0.2816640153261031,0.12801393990112125,0,"[[2, 3], [2, 3], [2, 3], [2, 3]]",0,1,0.2587853750000022
figure_eight,491,error_peak_dynamic,10.419231803884756,0.6876257283810466,0.3446408011257694,0.06599581824493711,0.9393939393939394,0.16666666666666666,18.5301470089737,2.0015848877521782,2.2002604993148567,0.2810679648112559,0.12774303992585342,2,"[[2, 3], [3, 4], [2, 3], [2, 3]]",0,1,0.2636933330000062
figure_eight,491,violation_dynamic,10.419231803884756,0.6762775858918281,0.32911026273856553,0.06490666477347029,0.9393939393939394,0.16666666666666666,18.5301470089737,1.8394110491369353,2.2002604993148567,0.2694671273453571,0.12247055629516004,3,"[[3, 4], [2, 4], [3, 4], [2, 3]]",0,1,0.26174666700001126
figure_eight,491,random_zones,10.419231803884756,0.8439089587591607,0.35870999006128346,0.0809953146876446,0.9393939393939394,0.21212121212121213,18.5301470089737,2.0537677912650834,2.2002604993148567,0.2878388956948146,0.13082037139895267,0,"[[1, 4], [1, 4], [1, 4], [1, 4]]",0,1,0.24556845799999394
figure_eight,491,nominal_lookahead_dynamic,10.419231803884756,0.7780598628240741,0.34503842740384605,0.07467535778731582,0.9393939393939394,0.16666666666666666,18.5301470089737,1.987657887770241,2.2002604993148567,0.3106798127112276,0.14120137720418593,3,"[[2, 4], [3, 4], [2, 4], [2, 3]]",0,1,3.3504530000000017
figure_eight,509,full_trajectory,13.764572128534702,2.443854127031867,0.398831337009151,0.17754668319588557,0.9696969696969697,0.36363636363636365,24.97688073280335,7.717555214579545,2.975728747084741,0.7398531839483325,0.24862924239084333,0,"[[0, 1, 2, 3, 4, 5], [0, 1, 2, 3, 4, 5], [0, 1, 2, 3, 4, 5], [0, 1, 2, 3, 4, 5]]",0,1,0.3414902909999995
figure_eight,509,static_tolerance,13.764572128534702,2.5604467890791214,0.4043803512132759,0.18601717257677605,0.9696969696969697,0.42424242424242425,24.97688073280335,8.024389397709422,2.975728747084741,0.8043895866800745,0.27031683834358833,0,"[[0, 4], [0, 4], [0, 4], [0, 4]]",0,1,0.31489812499999914
figure_eight,509,curvature_zones,13.764572128534702,2.548115269829566,0.4054890114911112,0.18512128426768787,0.9696969696969697,0.3484848484848485,24.97688073280335,7.952078377177884,2.975728747084741,0.7944629579518118,0.2669809735615622,0,"[[1, 4], [1, 4], [1, 4], [1, 4]]",0,1,0.2923277919999947
figure_eight,509,jerk_zones,13.764572128534702,3.6143222222133167,0.4674900494724783,0.26258151640766453,0.9696969696969697,0.5757575757575758,24.97688073280335,10.231512625076101,2.975728747084741,1.1456348134983398,0.3849930255305341,0,"[[2, 3], [2, 3], [2, 3], [2, 3]]",0,1,0.3624029580000041
figure_eight,509,error_peak_dynamic,13.764572128534702,2.867036665236642,0.44620535790393695,0.2082910124967212,0.9696969696969697,0.5606060606060606,24.97688073280335,9.113959468609195,2.975728747084741,1.0168953880559037,0.34172986669303607,3,"[[2, 3], [3, 4], [2, 3], [3, 4]]",0,1,0.3475765830000057
figure_eight,509,violation_dynamic,13.764572128534702,2.8615367206309505,0.4323308184461867,0.20789143998881232,0.9696969696969697,0.5909090909090909,24.97688073280335,8.850295868361735,2.975728747084741,1.0030728948060024,0.3370847883190603,2,"[[3, 4], [3, 4], [2, 3], [3, 4]]",0,1,0.32846237500000086
figure_eight,509,random_zones,13.764572128534702,4.089207019556119,0.5023845088842261,0.2970820292393232,0.9696969696969697,0.5606060606060606,24.97688073280335,8.769053750164659,2.975728747084741,0.9495812056712648,0.31910879195610475,0,"[[1, 3], [1, 3], [1, 3], [1, 3]]",0,1,0.4483517500000005
figure_eight,509,nominal_lookahead_dynamic,13.764572128534702,2.8920970704321047,0.4306678769868455,0.21011165791609543,0.9696969696969697,0.4393939393939394,24.97688073280335,10.713202833392337,2.975728747084741,1.1469915551468297,0.38544896145877316,1,"[[2, 4], [2, 4], [2, 4], [2, 5]]",0,1,4.484038416000004
s_curve,431,full_trajectory,2.4099201817068496,0.6029765758793494,0.5045188503570549,0.250206036057296,0.5757575757575758,0.18181818181818182,5.94389003715665,1.3089449394486552,0.5344734875829574,0.11898931468069562,0.222629031084029,0,"[[0, 1, 2, 3, 4, 5], [0, 1, 2, 3, 4, 5], [0, 1, 2, 3, 4, 5], [0, 1, 2, 3, 4, 5]]",0,1,0.220644833999998
s_curve,431,static_tolerance,2.4099201817068496,0.811517434101867,0.5782717532319488,0.3367403784830342,0.5757575757575758,0.22727272727272727,5.94389003715665,1.971299490537422,0.5344734875829574,0.18331068887851976,0.3429743348121968,0,"[[0, 4], [0, 4], [0, 4], [0, 4]]",0,1,0.21849137499999927
s_curve,431,curvature_zones,2.4099201817068496,0.6940479820312768,0.4703007114840291,0.28799625286332536,0.5757575757575758,0.10606060606060606,5.94389003715665,2.1804374707425858,0.5344734875829574,0.17803328335055743,0.33310030803524987,0,"[[2, 3], [2, 3], [2, 3], [2, 3]]",0,1,0.20533720900000674
s_curve,431,jerk_zones,2.4099201817068496,0.6940479820312768,0.4703007114840291,0.28799625286332536,0.5757575757575758,0.10606060606060606,5.94389003715665,2.1804374707425858,0.5344734875829574,0.17803328335055743,0.33310030803524987,0,"[[2, 3], [2, 3], [2, 3], [2, 3]]",0,1,0.20347737500000562
s_curve,431,error_peak_dynamic,2.4099201817068496,0.6383708970958725,0.4583711548735903,0.2648929628215902,0.5757575757575758,0.12121212121212122,5.94389003715665,1.4933206513171065,0.5344734875829574,0.14808602532098714,0.27706898239363503,3,"[[2, 3], [3, 4], [2, 4], [1, 4]]",0,1,0.2039965410000093
s_curve,431,violation_dynamic,2.4099201817068496,0.5150847611738864,0.4519764339582555,0.2137351954989117,0.5757575757575758,0.015151515151515152,5.94389003715665,1.0104187417277815,0.5344734875829574,0.1443043631765962,0.2699934917804473,2,"[[2, 3], [3, 4], [2, 4], [2, 4]]",0,1,0.2084562910000045
s_curve,431,random_zones,2.4099201817068496,1.0176895355452475,0.6438649615932422,0.4222918017245115,0.5757575757575758,0.3787878787878788,5.94389003715665,2.2481935353871814,0.5344734875829574,0.20560644064085182,0.3846896907284647,0,"[[0, 1], [0, 1], [0, 1], [0, 1]]",0,1,0.2095880840000035
s_curve,431,nominal_lookahead_dynamic,2.4099201817068496,0.5684076700827353,0.46346533764891573,0.23586161666157548,0.5757575757575758,0.10606060606060606,5.94389003715665,1.3162961793009975,0.5344734875829574,0.17066019704519947,0.3193052621131384,2,"[[2, 3], [2, 3], [3, 4], [2, 4]]",0,1,2.7146885419999904
s_curve,449,full_trajectory,3.808542294762074,1.1315033609675706,0.5289118590931423,0.29709617837873,0.8636363636363636,0.3181818181818182,9.833070544686512,2.564851778562104,0.8911426731995863,0.22156932031751841,0.24863506931161658,0,"[[0, 1, 2, 3, 4, 5], [0, 1, 2, 3, 4, 5], [0, 1, 2, 3, 4, 5], [0, 1, 2, 3, 4, 5]]",0,1,0.23751529099999402
s_curve,449,static_tolerance,3.808542294762074,1.3180098469576562,0.572409963373117,0.34606674810210936,0.8636363636363636,0.42424242424242425,9.833070544686512,3.060590916529263,0.8911426731995863,0.2992513942251084,0.3358063789613698,0,"[[0, 4], [0, 4], [0, 4], [0, 4]]",0,1,0.2303542079999943
s_curve,449,curvature_zones,3.808542294762074,1.2430795496039397,0.4900681311496209,0.3263924760172834,0.8636363636363636,0.21212121212121213,9.833070544686512,3.8775340424575564,0.8911426731995863,0.3031175622670557,0.3401448178648353,0,"[[2, 3], [2, 3], [2, 3], [2, 3]]",0,1,0.21249099999999999
s_curve,449,jerk_zones,3.808542294762074,1.2430795496039397,0.4900681311496209,0.3263924760172834,0.8636363636363636,0.21212121212121213,9.833070544686512,3.8775340424575564,0.8911426731995863,0.3031175622670557,0.3401448178648353,0,"[[2, 3], [2, 3], [2, 3], [2, 3]]",0,1,0.20822970800000462
s_curve,449,error_peak_dynamic,3.808542294762074,1.1177693124084922,0.4761157837126757,0.29349006152452906,0.8636363636363636,0.3787878787878788,9.833070544686512,2.426130282005305,0.8911426731995863,0.2531705252404016,0.2840965121010425,3,"[[2, 3], [3, 4], [2, 4], [1, 4]]",0,1,0.2149227499999995
s_curve,449,violation_dynamic,3.808542294762074,0.9433670806960097,0.4703917356972336,0.24769767740099194,0.8636363636363636,0.3333333333333333,9.833070544686512,1.9652812743266923,0.8911426731995863,0.24325109947622242,0.2729653811805983,2,"[[2, 3], [3, 4], [2, 4], [2, 4]]",0,1,0.21356641700000978
s_curve,449,random_zones,3.808542294762074,1.40007564368918,0.5897524669148851,0.3676145714896531,0.8636363636363636,0.36363636363636365,9.833070544686512,3.4499091214516002,0.8911426731995863,0.3175345740781036,0.35632293641378165,0,"[[1, 2], [1, 2], [1, 2], [1, 2]]",0,1,0.21409920900001111
s_curve,449,nominal_lookahead_dynamic,3.808542294762074,0.9722071926125229,0.47115843942916447,0.2552701578106692,0.8636363636363636,0.3484848484848485,9.833070544686512,1.8905296571141037,0.8911426731995863,0.2811016338974069,0.3154395388654556,2,"[[2, 3], [3, 4], [2, 4], [2, 4]]",0,1,2.83447975
s_curve,461,full_trajectory,3.384698474606355,1.0873783117879934,0.5375108189144253,0.32126297806024123,0.5454545454545454,0.2727272727272727,7.875522986782633,2.5832200909637346,0.7225020919340168,0.2149762959967649,0.2975441848497759,0,"[[0, 1, 2, 3, 4, 5], [0, 1, 2, 3, 4, 5], [0, 1, 2, 3, 4, 5], [0, 1, 2, 3, 4, 5]]",0,1,0.23363687500000196
s_curve,461,static_tolerance,3.384698474606355,1.2786040619000232,0.6016127745023434,0.3777601081729227,0.5454545454545454,0.4090909090909091,7.875522986782633,2.972329274911574,0.7225020919340168,0.2846370053894722,0.3939601124580092,0,"[[0, 4], [0, 4], [0, 4], [0, 4]]",0,1,0.22076262499999189
s_curve,461,curvature_zones,3.384698474606355,1.1392187889370853,0.49108716324357554,0.3365791066719992,0.5454545454545454,0.18181818181818182,7.875522986782633,3.8379630873748827,0.7225020919340168,0.2970777380842327,0.411179069792041,0,"[[2, 3], [2, 3], [2, 3], [2, 3]]",0,1,0.20251658300000486
s_curve,461,jerk_zones,3.384698474606355,1.1392187889370853,0.49108716324357554,0.3365791066719992,0.5454545454545454,0.18181818181818182,7.875522986782633,3.8379630873748827,0.7225020919340168,0.2970777380842327,0.411179069792041,0,"[[2, 3], [2, 3], [2, 3], [2, 3]]",0,1,0.20554641699999365
s_curve,461,error_peak_dynamic,3.384698474606355,0.9132841400616736,0.48069561488670814,0.2698273263965972,0.5454545454545454,0.3333333333333333,7.875522986782633,2.059289733280636,0.7225020919340168,0.23151534551992325,0.3204355365950506,2,"[[2, 3], [3, 4], [2, 4], [2, 4]]",0,1,0.2094914999999844
s_curve,461,violation_dynamic,3.384698474606355,0.9132841400616736,0.48069561488670814,0.2698273263965972,0.5454545454545454,0.3333333333333333,7.875522986782633,2.059289733280636,0.7225020919340168,0.23151534551992325,0.3204355365950506,2,"[[2, 3], [3, 4], [2, 4], [2, 4]]",0,1,0.21365108400001986
s_curve,461,random_zones,3.384698474606355,1.5451957029711547,0.600491282803522,0.45652388671072486,0.5454545454545454,0.30303030303030304,7.875522986782633,3.7518912332655097,0.7225020919340168,0.3238331296887809,0.44821064645215625,0,"[[1, 3], [1, 3], [1, 3], [1, 3]]",0,1,0.20850212499999543
s_curve,461,nominal_lookahead_dynamic,3.384698474606355,1.0013117670598586,0.48961117967199463,0.29583485045187446,0.5454545454545454,0.24242424242424243,7.875522986782633,2.60036581223633,0.7225020919340168,0.2665379279662022,0.36890955879826576,2,"[[2, 3], [2, 3], [3, 4], [2, 4]]",0,1,2.811096958999997
s_curve,479,full_trajectory,1.932869028621667,0.36160549527655494,0.4543865204424657,0.1870822543700318,0.5454545454545454,0.0,4.871994490181163,0.7558597096628303,0.45944645318605565,0.0730525748059848,0.15900128143203168,0,"[[0, 1, 2, 3, 4, 5], [0, 1, 2, 3, 4, 5], [0, 1, 2, 3, 4, 5], [0, 1, 2, 3, 4, 5]]",0,1,0.21634004099999515
s_curve,479,static_tolerance,1.932869028621667,0.5529474953881162,0.5337535826863281,0.2860760285358932,0.5454545454545454,0.09090909090909091,4.871994490181163,1.3503043610280092,0.45944645318605565,0.12755579397471123,0.2776292930115552,0,"[[0, 4], [0, 4], [0, 4], [0, 4]]",0,1,0.19931362500000205
s_curve,479,curvature_zones,1.932869028621667,0.44857386444945707,0.4382455826333981,0.2320766993557427,0.5454545454545454,0.09090909090909091,4.871994490181163,1.3457301763383585,0.45944645318605565,0.11787387002330126,0.2565562737635663,0,"[[2, 3], [2, 3], [2, 3], [2, 3]]",0,1,0.19710658300002137
s_curve,479,jerk_zones,1.932869028621667,0.44857386444945707,0.4382455826333981,0.2320766993557427,0.5454545454545454,0.09090909090909091,4.871994490181163,1.3457301763383585,0.45944645318605565,0.11787387002330126,0.2565562737635663,0,"[[2, 3], [2, 3], [2, 3], [2, 3]]",0,1,0.19695575000000076
s_curve,479,error_peak_dynamic,1.932869028621667,0.3564181663503231,0.4302761949546582,0.18439850867934163,0.5454545454545454,0.0,4.871994490181163,0.7384446679079992,0.45944645318605565,0.09581677018850429,0.208548285712204,3,"[[2, 3], [3, 4], [1, 2], [2, 4]]",0,1,0.1977392090000194
s_curve,479,violation_dynamic,1.932869028621667,0.32543013294103457,0.4172297457173434,0.1683663652953762,0.5454545454545454,0.0,4.871994490181163,0.6024076603978977,0.45944645318605565,0.09970281341156502,0.21700638392171842,2,"[[2, 3], [3, 4], [2, 4], [2, 4]]",0,1,0.19799712500000055
s_curve,479,random_zones,1.932869028621667,0.6774237400455927,0.5911670247682206,0.3504757590992417,0.5454545454545454,0.19696969696969696,4.871994490181163,1.4831434582885883,0.45944645318605565,0.135810846801947,0.29559668131108535,0,"[[0, 1], [0, 1], [0, 1], [0, 1]]",0,1,0.20040749999998297
s_curve,479,nominal_lookahead_dynamic,1.932869028621667,0.3658210478257361,0.4263386296350876,0.18926323636454762,0.5454545454545454,0.0,4.871994490181163,0.8349198438219391,0.45944645318605565,0.1254309589518788,0.27300452116252333,3,"[[2, 3], [3, 4], [2, 4], [2, 3]]",0,1,2.590566291000016
s_curve,491,full_trajectory,3.9745045486935795,1.1231902757943315,0.5195917777183009,0.28259881503054873,0.8636363636363636,0.3181818181818182,10.352240406141222,2.5628967510441925,0.9684361896955959,0.2179090959585362,0.22501131027231702,0,"[[0, 1, 2, 3, 4, 5], [0, 1, 2, 3, 4, 5], [0, 1, 2, 3, 4, 5], [0, 1, 2, 3, 4, 5]]",0,1,0.23141620900000248
s_curve,491,static_tolerance,3.9745045486935795,1.2957432210723143,0.5545280102351786,0.32601377233251005,0.8636363636363636,0.42424242424242425,10.352240406141222,2.961093034093193,0.9684361896955959,0.2960331481725039,0.30568162499746593,0,"[[0, 4], [0, 4], [0, 4], [0, 4]]",0,1,0.22480316700000458
s_curve,491,curvature_zones,3.9745045486935795,1.273214822602568,0.49196871926858915,0.32034554420652855,0.8636363636363636,0.21212121212121213,10.352240406141222,3.901780355876459,0.9684361896955959,0.2990488183593797,0.3087955835824127,0,"[[2, 3], [2, 3], [2, 3], [2, 3]]",0,1,0.20620287500000245
s_curve,491,jerk_zones,3.9745045486935795,1.273214822602568,0.49196871926858915,0.32034554420652855,0.8636363636363636,0.21212121212121213,10.352240406141222,3.901780355876459,0.9684361896955959,0.2990488183593797,0.3087955835824127,0,"[[2, 3], [2, 3], [2, 3], [2, 3]]",0,1,0.20630224999999314
s_curve,491,error_peak_dynamic,3.9745045486935795,1.1120591766492083,0.47251958355513235,0.27979818944093104,0.8636363636363636,0.3939393939393939,10.352240406141222,2.379322188458622,0.9684361896955959,0.25081659267573336,0.2589913464041151,3,"[[2, 3], [3, 4], [2, 4], [1, 4]]",0,1,0.21667550000000801
s_curve,491,violation_dynamic,3.9745045486935795,0.9686547746961285,0.4705168140349686,0.2437171131215652,0.8636363636363636,0.2727272727272727,10.352240406141222,2.036946987652067,0.9684361896955959,0.2569510234899245,0.26532571399535443,3,"[[3, 4], [2, 3], [2, 4], [3, 4]]",0,1,0.2146481670000071
s_curve,491,random_zones,3.9745045486935795,1.2928275856913927,0.5529382692540923,0.32528018771958517,0.8636363636363636,0.42424242424242425,10.352240406141222,2.9480383654350226,0.9684361896955959,0.29535049773281685,0.3049767252354056,0,"[[4, 5], [4, 5], [4, 5], [4, 5]]",0,1,0.21810016599999926
s_curve,491,nominal_lookahead_dynamic,3.9745045486935795,0.9665075485687273,0.468408142961782,0.24317686311025072,0.8636363636363636,0.36363636363636365,10.352240406141222,1.8518749586192498,0.9684361896955959,0.2805740552914911,0.289718680773054,2,"[[2, 3], [3, 4], [2, 4], [2, 4]]",0,1,2.9446381250000115
s_curve,509,full_trajectory,5.3246368006455,1.8856311391958025,0.5495801697545288,0.35413328829624763,0.9242424242424242,0.42424242424242425,13.970670887944836,4.328178338858676,1.3154242514561747,0.3696440708144704,0.2810074927577733,0,"[[0, 1, 2, 3, 4, 5], [0, 1, 2, 3, 4, 5], [0, 1, 2, 3, 4, 5], [0, 1, 2, 3, 4, 5]]",0,1,0.24556829200000152
s_curve,509,static_tolerance,5.3246368006455,1.846893511688905,0.5615201573776567,0.34685812025056956,0.9242424242424242,0.4696969696969697,13.970670887944836,4.017374040438299,1.3154242514561747,0.41938417621804225,0.31882046857033686,0,"[[0, 4], [0, 4], [0, 4], [0, 4]]",0,1,0.2293264999999849
s_curve,509,curvature_zones,5.3246368006455,2.158175381694936,0.5187141615097386,0.40531879684888605,0.9242424242424242,0.3787878787878788,13.970670887944836,6.322828522815948,1.3154242514561747,0.4654202685332341,0.3538176128484889,0,"[[2, 3], [2, 3], [2, 3], [2, 3]]",0,1,0.24475770800000873
s_curve,509,jerk_zones,5.3246368006455,2.158175381694936,0.5187141615097386,0.40531879684888605,0.9242424242424242,0.3787878787878788,13.970670887944836,6.322828522815948,1.3154242514561747,0.4654202685332341,0.3538176128484889,0,"[[2, 3], [2, 3], [2, 3], [2, 3]]",0,1,0.245350166999998
s_curve,509,error_peak_dynamic,5.3246368006455,1.5083058409115149,0.4877421897387491,0.2832692439658353,0.9242424242424242,0.4090909090909091,13.970670887944836,3.315228904152956,1.3154242514561747,0.3800183527285926,0.2888941360993704,3,"[[2, 3], [3, 4], [2, 4], [3, 4]]",0,1,0.23150254099999756
s_curve,509,violation_dynamic,5.3246368006455,1.503430692846048,0.48822971877568583,0.28235366075368534,0.9242424242424242,0.4090909090909091,13.970670887944836,3.371963137890409,1.3154242514561747,0.3831503277004283,0.29127509795891393,3,"[[3, 4], [2, 3], [2, 4], [3, 4]]",0,1,0.22917104199999017
s_curve,509,random_zones,5.3246368006455,2.4526828849371474,0.6370888503320051,0.46062914275013295,0.9242424242424242,0.4393939393939394,13.970670887944836,5.013426596516144,1.3154242514561747,0.49609035965886034,0.37713335382838525,0,"[[0, 1], [0, 1], [0, 1], [0, 1]]",0,1,0.22311100000001716
s_curve,509,nominal_lookahead_dynamic,5.3246368006455,1.4611485886407019,0.48461058251578204,0.2744128178777505,0.9242424242424242,0.42424242424242425,13.970670887944836,3.059589993027497,1.3154242514561747,0.41023030969710955,0.31186159844854966,3,"[[2, 3], [3, 4], [2, 4], [3, 4]]",0,1,3.0099729160000095
