paired_n,plant_n,median,mean,paired_ci_low,paired_ci_high,plant_ci_low,plant_ci_high,hierarchical_ci_low,hierarchical_ci_high,win_rate,tie_rate,leave_one_plant_min,leave_one_plant_max,scenario_id,scenario_label,scope,scope_label,metric,metric_label,effect_definition
40,8,-23.2691614710675,-25.677718393272794,-42.680568676703565,-10.479981719676754,-42.07953708237384,-8.779337528273688,-46.02608480697753,-5.66648427667295,0.1,0.0,-29.00218259797464,-13.659897532799862,n0_d0_m0,Baseline,demand_conflict,Demand-conflict,task_auc_normalized,Task AUC,100*(BF_NOILC-Proposed)/BF_NOILC; positive favors Proposed
40,8,-42.19629736530172,-43.54256219355526,-55.108740181483135,-31.036951384417492,-60.31615292351834,-27.179017588888208,-60.41884355438211,-27.000608028258615,0.0,0.0,-50.89892736095443,-36.364394786542746,n0_d0_m0,Baseline,demand_conflict,Demand-conflict,global_rmse_auc_normalized,Global RMSE AUC,100*(BF_NOILC-Proposed)/BF_NOILC; positive favors Proposed
40,8,-23.40879350061749,-23.738073909217462,-38.863448146569496,-6.631468037535642,-37.837240313278166,-4.577130225414301,-44.48051181787933,-4.327874722053718,0.15,0.0,-30.722497542233885,-12.668687680619321,n0_d0_m0,Baseline,demand_conflict,Demand-conflict,worst_zone_auc_normalized,Worst-zone AUC,100*(BF_NOILC-Proposed)/BF_NOILC; positive favors Proposed
40,8,-39.56955897914528,-59.81627679049181,-77.20154948990938,-0.35511581137245163,-77.20154948990938,6.247643899257021,-88.61998816136345,6.485745216090842,0.35,0.0,-48.24255169063619,-22.284855754525424,n0_d0_m0,Baseline,demand_conflict,Demand-conflict,final_task_ratio,Final task ratio,100*(BF_NOILC-Proposed)/BF_NOILC; positive favors Proposed
40,8,-131.35195296739,-124.10512337131816,-143.74678668117775,-72.05913900937459,-153.75938966346712,-74.04479511526667,-158.15842968108672,-55.169582455946546,0.0,0.0,-135.1335021381828,-126.91921814102449,n0_d0_m0,Baseline,demand_conflict,Demand-conflict,final_global_ratio,Final global RMSE ratio,100*(BF_NOILC-Proposed)/BF_NOILC; positive favors Proposed
40,8,-33.52969611703521,-60.50872818013056,-73.5779796667806,3.1995486485993463,-67.56322785118851,7.7587459676432236,-83.52545925635525,8.979648202245532,0.4,0.0,-40.209807543343764,-11.101835424252974,n0_d0_m0,Baseline,demand_conflict,Demand-conflict,final_worst_zone_ratio_relative,Final worst-zone ratio,100*(BF_NOILC-Proposed)/BF_NOILC; positive favors Proposed
120,8,-16.035461601674402,-23.7056313029529,-27.55403265332003,-12.493903415486685,-29.461424399218046,-9.846687151201385,-33.537950534549324,-7.7854796579493355,0.16666666666666666,0.0,-17.990424977913587,-14.07208644982218,n0_d0_m0,Baseline,all_tasks,All 15 tasks,task_auc_normalized,Task AUC,100*(BF_NOILC-Proposed)/BF_NOILC; positive favors Proposed
120,8,-42.19629736530172,-43.36615739176338,-50.846872474697385,-31.87404060194587,-58.7874149291865,-27.000608028258615,-58.93430455786974,-27.000608028258615,0.0,0.0,-50.47952215766381,-36.21349052773097,n0_d0_m0,Baseline,all_tasks,All 15 tasks,global_rmse_auc_normalized,Global RMSE AUC,100*(BF_NOILC-Proposed)/BF_NOILC; positive favors Proposed
120,8,-16.52159354352895,-21.88955063365982,-24.887816541797537,-12.177155540057079,-30.878728984655893,-7.6802057846250555,-33.027463665484866,-7.451458913972318,0.19166666666666668,0.0,-19.566145446769212,-13.023625358003581,n0_d0_m0,Baseline,all_tasks,All 15 tasks,worst_zone_auc_normalized,Worst-zone AUC,100*(BF_NOILC-Proposed)/BF_NOILC; positive favors Proposed
120,8,-22.302128451068132,-53.766057671736704,-49.46583436335218,-3.888346972182401,-61.57131150672586,3.8051181350339993,-70.8009132453422,5.982930349989813,0.35833333333333334,0.0,-37.94019572086943,-13.41827032563971,n0_d0_m0,Baseline,all_tasks,All 15 tasks,final_task_ratio,Final task ratio,100*(BF_NOILC-Proposed)/BF_NOILC; positive favors Proposed
120,8,-129.82900644049084,-124.40074423755927,-137.20564738291145,-94.65234159206025,-149.48473090909656,-78.25980855817156,-155.57993842807167,-68.29004602828394,0.0,0.0,-135.5017819466023,-106.27667580919426,n0_d0_m0,Baseline,all_tasks,All 15 tasks,final_global_ratio,Final global RMSE ratio,100*(BF_NOILC-Proposed)/BF_NOILC; positive favors Proposed
120,8,-17.896830769272118,-55.07215917836649,-44.269310405831924,-1.151665585190942,-52.9425701755861,6.537843733040916,-64.0637907069233,6.537843733040935,0.4,0.0,-35.703335629691175,-9.306288146470356,n0_d0_m0,Baseline,all_tasks,All 15 tasks,final_worst_zone_ratio_relative,Final worst-zone ratio,100*(BF_NOILC-Proposed)/BF_NOILC; positive favors Proposed
40,8,-5.351673164656982,-9.608713328895954,-14.46104908156533,-1.444113617712437,-14.621728516316614,-1.444113617712437,-16.769733950277306,1.428612502007429,0.325,0.0,-6.582522480085632,-4.654131146775543,delay_2,Added delay +2,demand_conflict,Demand-conflict,task_auc_normalized,Task AUC,100*(BF_NOILC-Proposed)/BF_NOILC; positive favors Proposed
40,8,-18.428193107465297,-24.81221841159597,-31.39379802913175,-12.507130702542469,-31.39379802913175,-9.549426630968945,-35.00300604679793,-9.464047688401555,0.025,0.0,-26.145249578884254,-15.68198601076653,delay_2,Added delay +2,demand_conflict,Demand-conflict,global_rmse_auc_normalized,Global RMSE AUC,100*(BF_NOILC-Proposed)/BF_NOILC; positive favors Proposed
40,8,-5.511209865233904,-7.900153265332466,-10.972265840363647,-2.3615233810538383,-11.937573766351708,0.8050051252522306,-12.991292371612094,4.34583381308797,0.325,0.0,-6.080312380240787,-4.549605771350855,delay_2,Added delay +2,demand_conflict,Demand-conflict,worst_zone_auc_normalized,Worst-zone AUC,100*(BF_NOILC-Proposed)/BF_NOILC; positive favors Proposed
40,8,4.663510671700372,-34.16336271216916,-14.596971928055543,14.885733043288829,-6.661987689993467,14.885733043288829,-26.147922493561552,17.98712389236718,0.6,0.0,2.334442592999452,5.715721714426792,delay_2,Added delay +2,demand_conflict,Demand-conflict,final_task_ratio,Final task ratio,100*(BF_NOILC-Proposed)/BF_NOILC; positive favors Proposed
40,8,-32.91874676438535,-63.15619850929626,-42.02693566093447,-23.906348661395967,-64.7994736803183,-15.855969876041007,-86.91877093035605,-13.480339785638094,0.05,0.0,-34.80889213487689,-30.895362575911214,delay_2,Added delay +2,demand_conflict,Demand-conflict,final_global_ratio,Final global RMSE ratio,100*(BF_NOILC-Proposed)/BF_NOILC; positive favors Proposed
40,8,3.5618375522071024,-35.820639858248754,-7.46402121473263,21.846925217404934,1.1466472931762373,21.8358044664528,-19.39994861831222,24.046982678193295,0.625,0.0,2.578989075321387,4.920272079464887,delay_2,Added delay +2,demand_conflict,Demand-conflict,final_worst_zone_ratio_relative,Final worst-zone ratio,100*(BF_NOILC-Proposed)/BF_NOILC; positive favors Proposed
120,8,-5.149628419177022,-11.581653496599358,-7.577165576371246,-3.969210715139222,-9.219606482945427,-3.3598728952080856,-11.89569560780085,-3.265183158749283,0.3,0.0,-5.952345274309249,-4.654131146775543,delay_2,Added delay +2,all_tasks,All 15 tasks,task_auc_normalized,Task AUC,100*(BF_NOILC-Proposed)/BF_NOILC; positive favors Proposed
120,8,-18.834461540241456,-24.909620266691128,-29.953074614102672,-14.684475501010107,-31.499335746708788,-9.464047688401555,-32.098533199785486,-9.464047688401555,0.025,0.0,-26.145249578884254,-15.68198601076653,delay_2,Added delay +2,all_tasks,All 15 tasks,global_rmse_auc_normalized,Global RMSE AUC,100*(BF_NOILC-Proposed)/BF_NOILC; positive favors Proposed
120,8,-5.208506850597083,-10.648438869777301,-8.155407604738915,-3.2018530813909587,-8.297097782398616,-3.1914041333868495,-9.746017173002627,-2.900825247977799,0.2916666666666667,0.0,-5.735440320315019,-4.549605771350855,delay_2,Added delay +2,all_tasks,All 15 tasks,worst_zone_auc_normalized,Worst-zone AUC,100*(BF_NOILC-Proposed)/BF_NOILC; positive favors Proposed
120,8,2.2621774048260628,-33.55878511963987,-1.9396862782337791,5.715721714426792,-12.436038126704494,6.644567869081854,-14.5682337789568,8.961068335400164,0.55,0.0,0.43246599615599696,4.352038890770586,delay_2,Added delay +2,all_tasks,All 15 tasks,final_task_ratio,Final task ratio,100*(BF_NOILC-Proposed)/BF_NOILC; positive favors Proposed
120,8,-32.91874676438535,-64.76983911848305,-41.37369489158838,-29.352093969098718,-78.26954964893481,-14.584606724066415,-80.17251928136612,-14.584606724066415,0.025,0.0,-38.69889358930717,-30.895362575911214,delay_2,Added delay +2,all_tasks,All 15 tasks,final_global_ratio,Final global RMSE ratio,100*(BF_NOILC-Proposed)/BF_NOILC; positive favors Proposed
120,8,2.2169669132844314,-34.95803986842455,0.10682211066535546,4.920272079464887,-2.334891880368501,5.862946014169547,-8.03461898124575,7.7927837666923345,0.5833333333333334,0.0,1.4063239810416974,3.9361768281840916,delay_2,Added delay +2,all_tasks,All 15 tasks,final_worst_zone_ratio_relative,Final worst-zone ratio,100*(BF_NOILC-Proposed)/BF_NOILC; positive favors Proposed
40,8,-2.2153797405440043,-3.661920948300928,-4.137833731797487,2.3292581814227065,-3.179725974867786,-0.7281902480830078,-4.362992289282731,2.497319640707701,0.375,0.0,-2.247540098458261,-2.1832193826297477,n0_d1_m0,Added delay +4,demand_conflict,Demand-conflict,task_auc_normalized,Task AUC,100*(BF_NOILC-Proposed)/BF_NOILC; positive favors Proposed
40,8,-9.353646514006485,-12.131433211781152,-12.861736336340549,-4.237822157404104,-12.491073286729149,-3.388366121845044,-13.495394704742022,-2.9415019729600926,0.125,0.0,-10.095141805652908,-6.4727677079614105,n0_d1_m0,Added delay +4,demand_conflict,Demand-conflict,global_rmse_auc_normalized,Global RMSE AUC,100*(BF_NOILC-Proposed)/BF_NOILC; positive favors Proposed
40,8,-0.5673879762721944,-3.3292335115942775,-4.850150157874619,3.2955183233922782,-4.167576529265443,1.6944506678251021,-5.506787039773186,5.128653996569109,0.5,0.0,-1.6040583043030336,0.4576119511746668,n0_d1_m0,Added delay +4,demand_conflict,Demand-conflict,worst_zone_auc_normalized,Worst-zone AUC,100*(BF_NOILC-Proposed)/BF_NOILC; positive favors Proposed
40,8,6.549554668171996,0.5700575763217184,0.6270987004885124,15.01618461433145,2.1370001415758235,12.347308529322214,0.27040370249650153,16.694884751732953,0.675,0.0,5.4788841112742865,7.832261599512736,n0_d1_m0,Added delay +4,demand_conflict,Demand-conflict,final_task_ratio,Final task ratio,100*(BF_NOILC-Proposed)/BF_NOILC; positive favors Proposed
40,8,-11.824508995155096,-18.80736254973344,-15.564925621697315,-6.603024494052987,-14.374875126400081,-6.154435937828335,-16.073000085043198,-5.374316729477329,0.2,0.0,-12.35568307974551,-9.374946932886711,n0_d1_m0,Added delay +4,demand_conflict,Demand-conflict,final_global_ratio,Final global RMSE ratio,100*(BF_NOILC-Proposed)/BF_NOILC; positive favors Proposed
40,8,7.318831976989763,1.9336020881760927,1.4005816079889148,18.916376535871695,3.9867311387810576,18.916376535871695,0.9192065334701254,21.82361895052508,0.7,0.0,6.358130684637524,8.770269979428567,n0_d1_m0,Added delay +4,demand_conflict,Demand-conflict,final_worst_zone_ratio_relative,Final worst-zone ratio,100*(BF_NOILC-Proposed)/BF_NOILC; positive favors Proposed
120,8,-3.179725974867786,-6.855753779502498,-4.83133669962727,-1.9113858352994324,-4.526363596175686,-2.6921864277634877,-5.089781085265201,-1.3511791001002258,0.3333333333333333,0.0,-3.7162464483183366,-2.9864111737234786,n0_d1_m0,Added delay +4,all_tasks,All 15 tasks,task_auc_normalized,Task AUC,100*(BF_NOILC-Proposed)/BF_NOILC; positive favors Proposed
120,8,-10.095141805652908,-12.06115391775986,-11.918168048529353,-5.455403167002598,-12.830178328868305,-2.9415019729600926,-13.23239938595195,-2.9415019729600926,0.15833333333333333,0.0,-11.120355195898375,-6.4727677079614105,n0_d1_m0,Added delay +4,all_tasks,All 15 tasks,global_rmse_auc_normalized,Global RMSE AUC,100*(BF_NOILC-Proposed)/BF_NOILC; positive favors Proposed
120,8,-4.2441005227608155,-7.432557663393096,-7.086688457687419,-2.6385450844631224,-6.7673819197041025,-1.896157328413314,-7.510107456913321,0.2800057314803668,0.36666666666666664,0.0,-4.349634963517345,-4.10040279155371,n0_d1_m0,Added delay +4,all_tasks,All 15 tasks,worst_zone_auc_normalized,Worst-zone AUC,100*(BF_NOILC-Proposed)/BF_NOILC; positive favors Proposed
120,8,4.446181110962685,-4.210601034292807,1.7547891095692596,7.335931286277066,1.3468869577957323,7.8414081408346625,0.9773785436735101,8.793686081799324,0.6833333333333333,0.0,3.912606411969493,5.381283294422157,n0_d1_m0,Added delay +4,all_tasks,All 15 tasks,final_task_ratio,Final task ratio,100*(BF_NOILC-Proposed)/BF_NOILC; positive favors Proposed
120,8,-12.041908818098337,-19.40185468720578,-14.008409729437703,-7.232144839014111,-14.008409729437703,-6.553331094319244,-14.735892299808944,-5.4847674314007815,0.25,0.0,-12.52962527918156,-10.706279828138973,n0_d1_m0,Added delay +4,all_tasks,All 15 tasks,final_global_ratio,Final global RMSE ratio,100*(BF_NOILC-Proposed)/BF_NOILC; positive favors Proposed
120,8,5.245158622993355,-4.695410731392662,1.731819683974488,6.358130684637524,0.7690695349368839,6.56441125027418,0.08293728092581275,8.770269979428567,0.6583333333333333,0.0,4.589470341521567,5.431513872733684,n0_d1_m0,Added delay +4,all_tasks,All 15 tasks,final_worst_zone_ratio_relative,Final worst-zone ratio,100*(BF_NOILC-Proposed)/BF_NOILC; positive favors Proposed
40,8,-1.8177966333648738,-3.4033155323172037,-4.2486277834221795,-0.19192664571610468,-4.207301177848208,-0.30312481662876717,-4.289954388996152,1.658537706187326,0.35,0.0,-2.3030506126855665,-1.648423476145148,n1_d1_m1,Triple stress,demand_conflict,Demand-conflict,task_auc_normalized,Task AUC,100*(BF_NOILC-Proposed)/BF_NOILC; positive favors Proposed
40,8,-8.09520120963025,-10.663137507382059,-14.201780757152283,-2.8105495494591857,-13.112286562681412,-2.5830728228799433,-15.581563633306205,-2.311573306594117,0.225,0.0,-8.277897773970619,-6.046435010866359,n1_d1_m1,Triple stress,demand_conflict,Demand-conflict,global_rmse_auc_normalized,Global RMSE AUC,100*(BF_NOILC-Proposed)/BF_NOILC; positive favors Proposed
40,8,-1.4127243803488496,-3.4427745019228886,-4.322759596021673,2.3529623256856187,-4.164717293801788,1.5710942430886665,-4.366141948870615,2.553636414691263,0.475,0.0,-2.2663918089563118,0.36111653348114575,n1_d1_m1,Triple stress,demand_conflict,Demand-conflict,worst_zone_auc_normalized,Worst-zone AUC,100*(BF_NOILC-Proposed)/BF_NOILC; positive favors Proposed
40,8,5.3744037030984995,-1.3193600479566967,-0.3243127571010953,12.39846762519532,2.024299681311697,9.082376677453553,-1.104904532398301,14.254412419691176,0.65,0.0,3.977255654099473,7.180202990199137,n1_d1_m1,Triple stress,demand_conflict,Demand-conflict,final_task_ratio,Final task ratio,100*(BF_NOILC-Proposed)/BF_NOILC; positive favors Proposed
40,8,-8.669290605239901,-20.251213537521313,-19.17535778539101,-3.7255225024069345,-20.469038979580436,-3.05988003471001,-21.946820996565577,-0.6205746034714529,0.275,0.0,-14.85964713000391,-6.233596144588433,n1_d1_m1,Triple stress,demand_conflict,Demand-conflict,final_global_ratio,Final global RMSE ratio,100*(BF_NOILC-Proposed)/BF_NOILC; positive favors Proposed
40,8,6.475194535716554,-1.1202617999722904,0.6117321625205044,12.893655232263058,1.489208950882959,12.262593949517285,0.33383232949749037,15.13354222732173,0.675,0.0,4.168961192208729,8.160166373983534,n1_d1_m1,Triple stress,demand_conflict,Demand-conflict,final_worst_zone_ratio_relative,Final worst-zone ratio,100*(BF_NOILC-Proposed)/BF_NOILC; positive favors Proposed
120,8,-1.9454591310463991,-5.791768324699587,-4.183994290496913,-1.2528997040267034,-4.160615334710759,-0.50462580551067,-4.262095192168497,0.6636273119314435,0.375,0.0,-2.4440867717236294,-1.8143088503839508,n1_d1_m1,Triple stress,all_tasks,All 15 tasks,task_auc_normalized,Task AUC,100*(BF_NOILC-Proposed)/BF_NOILC; positive favors Proposed
120,8,-8.158805713666062,-10.53848338410615,-12.254082506552367,-3.428266489058158,-13.112286562681412,-2.311573306594117,-13.153957197440867,-1.8469205786582925,0.25833333333333336,0.0,-9.313236545998235,-5.365910638406803,n1_d1_m1,Triple stress,all_tasks,All 15 tasks,global_rmse_auc_normalized,Global RMSE AUC,100*(BF_NOILC-Proposed)/BF_NOILC; positive favors Proposed
120,8,-3.1881985126236314,-6.4238220139456494,-4.948338203198119,-1.328283244358515,-4.366141948870615,0.9349149031541386,-6.270925005576711,1.1865953343538933,0.375,0.0,-3.629217509392496,-2.5141723958272877,n1_d1_m1,Triple stress,all_tasks,All 15 tasks,worst_zone_auc_normalized,Worst-zone AUC,100*(BF_NOILC-Proposed)/BF_NOILC; positive favors Proposed
120,8,3.981832734750036,-2.3529625244365175,0.5741628596446089,8.135170119542707,0.5688120269747426,7.998528838302904,0.08050034387937087,9.337464524784878,0.625,0.0,2.482092150865682,4.826960702449096,n1_d1_m1,Triple stress,all_tasks,All 15 tasks,final_task_ratio,Final task ratio,100*(BF_NOILC-Proposed)/BF_NOILC; positive favors Proposed
120,8,-9.554132489002829,-18.223887021564874,-14.570504643137737,-5.710806506070906,-18.52647860690104,-0.8881202938863337,-19.522993881798442,-0.3480831386953425,0.2916666666666667,0.0,-14.353858279754265,-7.636931930096392,n1_d1_m1,Triple stress,all_tasks,All 15 tasks,final_global_ratio,Final global RMSE ratio,100*(BF_NOILC-Proposed)/BF_NOILC; positive favors Proposed
120,8,2.671383989410342,-3.4612498865762946,0.8896319955435185,7.1239211393982576,0.8896319955435185,7.5974779090321265,0.13623349943190355,9.830022541023133,0.625,0.0,1.4048280790217909,4.529497463193971,n1_d1_m1,Triple stress,all_tasks,All 15 tasks,final_worst_zone_ratio_relative,Final worst-zone ratio,100*(BF_NOILC-Proposed)/BF_NOILC; positive favors Proposed
