scenario_id,scope,plant_id,manifest_id,value,proposed,baseline
n0_d0_m0,demand_conflict,S26001,ellipse--demand_conflict,-46.02608480697753,0.29892582532177886,0.20470714236905663
n0_d0_m0,demand_conflict,S26001,figure_eight--demand_conflict,-2.9277826019738313,0.3491085769928688,0.33917817732738564
n0_d0_m0,demand_conflict,S26001,harmonic_loop--demand_conflict,6.806165572100304,0.5147962914443032,0.5523930790105865
n0_d0_m0,demand_conflict,S26001,rounded_square--demand_conflict,-11.348500356530701,0.5613812895835528,0.5041660083306432
n0_d0_m0,demand_conflict,S26001,s_curve--demand_conflict,-2.5244790394243832,0.36995698272810185,0.36084746413180013
n0_d0_m0,demand_conflict,S26002,ellipse--demand_conflict,-55.21226188668813,0.29197904029024235,0.18811596245108525
n0_d0_m0,demand_conflict,S26002,figure_eight--demand_conflict,-11.113276288152122,0.3184492886581476,0.28659877495854513
n0_d0_m0,demand_conflict,S26002,harmonic_loop--demand_conflict,1.861011171859688,0.5048071016000835,0.5143797665208217
n0_d0_m0,demand_conflict,S26002,rounded_square--demand_conflict,-12.520405318966352,0.5294553191767726,0.4705416032548969
n0_d0_m0,demand_conflict,S26002,s_curve--demand_conflict,-2.918759287272069,0.35913986467751546,0.3489547164818282
n0_d0_m0,demand_conflict,S26003,ellipse--demand_conflict,-57.27812137787896,0.3176204694666085,0.20194828542203172
n0_d0_m0,demand_conflict,S26003,figure_eight--demand_conflict,-49.96225723353144,0.31630824094486304,0.21092523330872934
n0_d0_m0,demand_conflict,S26003,harmonic_loop--demand_conflict,-7.711987905345991,0.40987945814468124,0.3805328135851237
n0_d0_m0,demand_conflict,S26003,rounded_square--demand_conflict,-28.547897964221406,0.32377593793044285,0.2518718260337163
n0_d0_m0,demand_conflict,S26003,s_curve--demand_conflict,-43.29701133755455,0.3225488090205147,0.2250910929752118
n0_d0_m0,demand_conflict,S26004,ellipse--demand_conflict,-45.74074587250012,0.29895714540413026,0.20512941910265098
n0_d0_m0,demand_conflict,S26004,figure_eight--demand_conflict,-3.1863369648572735,0.3791155847003763,0.36740870531095
n0_d0_m0,demand_conflict,S26004,harmonic_loop--demand_conflict,10.382518676291854,0.4948767197364906,0.5522100291448069
n0_d0_m0,demand_conflict,S26004,rounded_square--demand_conflict,-5.66648427667295,0.4788346932317781,0.4531566432909949
n0_d0_m0,demand_conflict,S26004,s_curve--demand_conflict,-9.846687151201385,0.37070337307896306,0.3374734210861531
n0_d0_m0,demand_conflict,S26005,ellipse--demand_conflict,-29.078866010188953,0.3177640003461743,0.24617817785995372
n0_d0_m0,demand_conflict,S26005,figure_eight--demand_conflict,-4.304610592552826,0.5144039485870885,0.49317469828492516
n0_d0_m0,demand_conflict,S26005,harmonic_loop--demand_conflict,25.622299730882073,0.4602634765968413,0.6188191822703417
n0_d0_m0,demand_conflict,S26005,rounded_square--demand_conflict,-15.828499012877812,0.47321191678472807,0.40854532417977407
n0_d0_m0,demand_conflict,S26005,s_curve--demand_conflict,-4.218547756341879,0.3540838869977282,0.3397513155005382
n0_d0_m0,demand_conflict,S26006,ellipse--demand_conflict,-71.33560704579824,0.2645309015974898,0.1543934189504347
n0_d0_m0,demand_conflict,S26006,figure_eight--demand_conflict,-51.690736296144294,0.27266680102771007,0.17975178160872357
n0_d0_m0,demand_conflict,S26006,harmonic_loop--demand_conflict,-49.39898309392419,0.4273275945326069,0.2860311266402359
n0_d0_m0,demand_conflict,S26006,rounded_square--demand_conflict,-33.537950534549324,0.5443916615731423,0.4076681268463048
n0_d0_m0,demand_conflict,S26006,s_curve--demand_conflict,-17.990424977913587,0.2983580325450494,0.25286630894066064
n0_d0_m0,demand_conflict,S26007,ellipse--demand_conflict,-56.510456482444816,0.29856804182542135,0.19076555556459615
n0_d0_m0,demand_conflict,S26007,figure_eight--demand_conflict,-58.220591609867505,0.2983990364335819,0.18859684027055054
n0_d0_m0,demand_conflict,S26007,harmonic_loop--demand_conflict,-13.659897532799862,0.41150386454813437,0.3620484211939246
n0_d0_m0,demand_conflict,S26007,rounded_square--demand_conflict,-29.00218259797464,0.3101370450266003,0.24041224635176792
n0_d0_m0,demand_conflict,S26007,s_curve--demand_conflict,-52.84773838688219,0.3110163264677509,0.20348114388223304
n0_d0_m0,demand_conflict,S26008,ellipse--demand_conflict,-57.114993104092,0.3126840845197114,0.19901606991291507
n0_d0_m0,demand_conflict,S26008,figure_eight--demand_conflict,-50.537613594859245,0.3154077930607787,0.2095209200735926
n0_d0_m0,demand_conflict,S26008,harmonic_loop--demand_conflict,-7.577610721665187,0.3971914544359609,0.36921386501473025
n0_d0_m0,demand_conflict,S26008,rounded_square--demand_conflict,-31.03221584556747,0.3191034890723494,0.24353056003299206
n0_d0_m0,demand_conflict,S26008,s_curve--demand_conflict,-42.06412601585258,0.31894848863423203,0.2245102247689479
n0_d0_m0,all_tasks,S26001,ellipse--demand_aligned,-56.14541993443795,0.2735403633517832,0.1751830847594741
n0_d0_m0,all_tasks,S26001,ellipse--demand_conflict,-46.02608480697753,0.29892582532177886,0.20470714236905663
n0_d0_m0,all_tasks,S26001,ellipse--neutral,-54.21445039528574,0.2710732382723516,0.17577680793047015
n0_d0_m0,all_tasks,S26001,figure_eight--demand_aligned,-21.844033628403345,0.3851124740022291,0.3160700302952336
n0_d0_m0,all_tasks,S26001,figure_eight--demand_conflict,-2.9277826019738313,0.3491085769928688,0.33917817732738564
n0_d0_m0,all_tasks,S26001,figure_eight--neutral,-13.988912109345476,0.380986586523208,0.33423126817610227
n0_d0_m0,all_tasks,S26001,harmonic_loop--demand_aligned,-7.467433354765331,0.36762970591459476,0.3420847548307929
n0_d0_m0,all_tasks,S26001,harmonic_loop--demand_conflict,6.806165572100304,0.5147962914443032,0.5523930790105865
n0_d0_m0,all_tasks,S26001,harmonic_loop--neutral,-11.883062517036691,0.4140625405145151,0.3700850970641466
n0_d0_m0,all_tasks,S26001,rounded_square--demand_aligned,6.899143088538598,0.4761050159849687,0.5113862877091915
n0_d0_m0,all_tasks,S26001,rounded_square--demand_conflict,-11.348500356530701,0.5613812895835528,0.5041660083306432
n0_d0_m0,all_tasks,S26001,rounded_square--neutral,-0.10837331230355345,0.5293832659680042,0.5288101768635389
n0_d0_m0,all_tasks,S26001,s_curve--demand_aligned,11.624662549277316,0.38468948098600525,0.43529053702397996
n0_d0_m0,all_tasks,S26001,s_curve--demand_conflict,-2.5244790394243832,0.36995698272810185,0.36084746413180013
n0_d0_m0,all_tasks,S26001,s_curve--neutral,1.759303311014793,0.3724474881339201,0.3791173115486253
n0_d0_m0,all_tasks,S26002,ellipse--demand_aligned,-61.77780584933661,0.27247247040989786,0.16842388792418844
n0_d0_m0,all_tasks,S26002,ellipse--demand_conflict,-55.21226188668813,0.29197904029024235,0.18811596245108525
n0_d0_m0,all_tasks,S26002,ellipse--neutral,-59.765417566239634,0.2688257378086395,0.16826278296251618
n0_d0_m0,all_tasks,S26002,figure_eight--demand_aligned,-42.13654707490899,0.30283740395804154,0.21306089826316083
n0_d0_m0,all_tasks,S26002,figure_eight--demand_conflict,-11.113276288152122,0.3184492886581476,0.28659877495854513
n0_d0_m0,all_tasks,S26002,figure_eight--neutral,-26.316153645268173,0.30993015446229066,0.2453606649017061
n0_d0_m0,all_tasks,S26002,harmonic_loop--demand_aligned,-7.8623308401444065,0.3601064571689852,0.3338574777349055
n0_d0_m0,all_tasks,S26002,harmonic_loop--demand_conflict,1.861011171859688,0.5048071016000835,0.5143797665208217
n0_d0_m0,all_tasks,S26002,harmonic_loop--neutral,-14.432810538408617,0.4056210625307486,0.35446220417229424
n0_d0_m0,all_tasks,S26002,rounded_square--demand_aligned,4.106449379545941,0.4612520581240642,0.4810042543420843
n0_d0_m0,all_tasks,S26002,rounded_square--demand_conflict,-12.520405318966352,0.5294553191767726,0.4705416032548969
n0_d0_m0,all_tasks,S26002,rounded_square--neutral,-4.054715982006445,0.5136557209767916,0.4936400201847795
n0_d0_m0,all_tasks,S26002,s_curve--demand_aligned,11.129093515098864,0.3805904633394574,0.4282509072911487
n0_d0_m0,all_tasks,S26002,s_curve--demand_conflict,-2.918759287272069,0.35913986467751546,0.3489547164818282
n0_d0_m0,all_tasks,S26002,s_curve--neutral,2.1987270936784724,0.36478201121203624,0.37298288700336335
n0_d0_m0,all_tasks,S26003,ellipse--demand_aligned,-51.625261272139596,0.24618559381206562,0.1623644976744393
n0_d0_m0,all_tasks,S26003,ellipse--demand_conflict,-57.27812137787896,0.3176204694666085,0.20194828542203172
n0_d0_m0,all_tasks,S26003,ellipse--neutral,-45.71607606291146,0.2575089441355828,0.1767196531043053
n0_d0_m0,all_tasks,S26003,figure_eight--demand_aligned,-56.02555306773444,0.30785763378547903,0.19731231694582146
n0_d0_m0,all_tasks,S26003,figure_eight--demand_conflict,-49.96225723353144,0.31630824094486304,0.21092523330872934
n0_d0_m0,all_tasks,S26003,figure_eight--neutral,-53.67771618272598,0.31701449874115956,0.20628527454443868
n0_d0_m0,all_tasks,S26003,harmonic_loop--demand_aligned,-12.576230055535191,0.31645278148658756,0.28110088722146553
n0_d0_m0,all_tasks,S26003,harmonic_loop--demand_conflict,-7.711987905345991,0.40987945814468124,0.3805328135851237
n0_d0_m0,all_tasks,S26003,harmonic_loop--neutral,-15.507051902367293,0.3378800760128675,0.29251900247481144
n0_d0_m0,all_tasks,S26003,rounded_square--demand_aligned,11.952925176532505,0.35746322590549806,0.40599102993734226
n0_d0_m0,all_tasks,S26003,rounded_square--demand_conflict,-28.547897964221406,0.32377593793044285,0.2518718260337163
n0_d0_m0,all_tasks,S26003,rounded_square--neutral,-6.191168037045336,0.3665566208062444,0.34518560025478695
n0_d0_m0,all_tasks,S26003,s_curve--demand_aligned,-16.793288331775997,0.33593833356444047,0.287634964613837
n0_d0_m0,all_tasks,S26003,s_curve--demand_conflict,-43.29701133755455,0.3225488090205147,0.2250910929752118
n0_d0_m0,all_tasks,S26003,s_curve--neutral,-35.88118210906681,0.34279623632707096,0.25227646021795797
n0_d0_m0,all_tasks,S26004,ellipse--demand_aligned,-44.91107283383126,0.2629181774940221,0.18143415292736734
n0_d0_m0,all_tasks,S26004,ellipse--demand_conflict,-45.74074587250012,0.29895714540413026,0.20512941910265098
n0_d0_m0,all_tasks,S26004,ellipse--neutral,-48.14372719035794,0.2643391902489657,0.17843427815833326
n0_d0_m0,all_tasks,S26004,figure_eight--demand_aligned,-19.624382051430633,0.42002059210234804,0.35111620632804336
n0_d0_m0,all_tasks,S26004,figure_eight--demand_conflict,-3.1863369648572735,0.3791155847003763,0.36740870531095
n0_d0_m0,all_tasks,S26004,figure_eight--neutral,-11.388374206374673,0.41274418097360654,0.3705451165028186
n0_d0_m0,all_tasks,S26004,harmonic_loop--demand_aligned,-4.016549014703174,0.3543546854236388,0.34067144966859964
n0_d0_m0,all_tasks,S26004,harmonic_loop--demand_conflict,10.382518676291854,0.4948767197364906,0.5522100291448069
n0_d0_m0,all_tasks,S26004,harmonic_loop--neutral,-7.472291811568264,0.4005587067653215,0.37270881639671666
n0_d0_m0,all_tasks,S26004,rounded_square--demand_aligned,7.943906618504522,0.49821363976414373,0.5412065855320028
n0_d0_m0,all_tasks,S26004,rounded_square--demand_conflict,-5.66648427667295,0.4788346932317781,0.4531566432909949
n0_d0_m0,all_tasks,S26004,rounded_square--neutral,-5.1187296046144075,0.5240553727305662,0.49853663062872644
n0_d0_m0,all_tasks,S26004,s_curve--demand_aligned,3.335993334464631,0.40168065936235087,0.41554315118780016
n0_d0_m0,all_tasks,S26004,s_curve--demand_conflict,-9.846687151201385,0.37070337307896306,0.3374734210861531
n0_d0_m0,all_tasks,S26004,s_curve--neutral,-3.4007385966693957,0.3730039164395431,0.360736220554964
n0_d0_m0,all_tasks,S26005,ellipse--demand_aligned,-31.943494616573233,0.25205015945828185,0.19102886443226144
n0_d0_m0,all_tasks,S26005,ellipse--demand_conflict,-29.078866010188953,0.3177640003461743,0.24617817785995372
n0_d0_m0,all_tasks,S26005,ellipse--neutral,-26.60240292427403,0.26500219793587954,0.20931845827159218
n0_d0_m0,all_tasks,S26005,figure_eight--demand_aligned,-14.09127348805767,0.5251755411245609,0.4603117530978676
n0_d0_m0,all_tasks,S26005,figure_eight--demand_conflict,-4.304610592552826,0.5144039485870885,0.49317469828492516
n0_d0_m0,all_tasks,S26005,figure_eight--neutral,-11.380844079019681,0.508409460980211,0.45646041308460317
n0_d0_m0,all_tasks,S26005,harmonic_loop--demand_aligned,-4.818953656560738,0.400537762464165,0.38212341231389013
n0_d0_m0,all_tasks,S26005,harmonic_loop--demand_conflict,25.622299730882073,0.4602634765968413,0.6188191822703417
n0_d0_m0,all_tasks,S26005,harmonic_loop--neutral,0.8142809565773222,0.4130087151696269,0.41639937599163357
n0_d0_m0,all_tasks,S26005,rounded_square--demand_aligned,5.836679948020817,0.5334905858555942,0.5665588103319865
n0_d0_m0,all_tasks,S26005,rounded_square--demand_conflict,-15.828499012877812,0.47321191678472807,0.40854532417977407
n0_d0_m0,all_tasks,S26005,rounded_square--neutral,-4.192420055518377,0.5014991386243988,0.4813201750733668
n0_d0_m0,all_tasks,S26005,s_curve--demand_aligned,8.610042750745976,0.3885922829386955,0.4252023905415137
n0_d0_m0,all_tasks,S26005,s_curve--demand_conflict,-4.218547756341879,0.3540838869977282,0.3397513155005382
n0_d0_m0,all_tasks,S26005,s_curve--neutral,2.19633810475359,0.36335489104309115,0.37151460794204827
n0_d0_m0,all_tasks,S26006,ellipse--demand_aligned,-78.7462959662558,0.25707427227621804,0.14382075493455215
n0_d0_m0,all_tasks,S26006,ellipse--demand_conflict,-71.33560704579824,0.2645309015974898,0.1543934189504347
n0_d0_m0,all_tasks,S26006,ellipse--neutral,-76.78873406299915,0.25802653812421084,0.14595191231600899
n0_d0_m0,all_tasks,S26006,figure_eight--demand_aligned,-52.63815546260266,0.26199265631100305,0.1716429653627418
n0_d0_m0,all_tasks,S26006,figure_eight--demand_conflict,-51.690736296144294,0.27266680102771007,0.17975178160872357
n0_d0_m0,all_tasks,S26006,figure_eight--neutral,-50.84555758270751,0.2622646513376184,0.17386302622390495
n0_d0_m0,all_tasks,S26006,harmonic_loop--demand_aligned,-27.014136232529104,0.32362700409802275,0.254796051602908
n0_d0_m0,all_tasks,S26006,harmonic_loop--demand_conflict,-49.39898309392419,0.4273275945326069,0.2860311266402359
n0_d0_m0,all_tasks,S26006,harmonic_loop--neutral,-37.77406743867133,0.3603003380822349,0.26151535247561647
n0_d0_m0,all_tasks,S26006,rounded_square--demand_aligned,-16.242424190470995,0.4033696078463897,0.347007222754957
n0_d0_m0,all_tasks,S26006,rounded_square--demand_conflict,-33.537950534549324,0.5443916615731423,0.4076681268463048
n0_d0_m0,all_tasks,S26006,rounded_square--neutral,-27.89063295286862,0.481587075014368,0.3765616479448082
n0_d0_m0,all_tasks,S26006,s_curve--demand_aligned,0.579730521307336,0.30751259584250845,0.3093057355959121
n0_d0_m0,all_tasks,S26006,s_curve--demand_conflict,-17.990424977913587,0.2983580325450494,0.25286630894066064
n0_d0_m0,all_tasks,S26006,s_curve--neutral,-5.945727818331533,0.29318786022107596,0.2767340092502969
n0_d0_m0,all_tasks,S26007,ellipse--demand_aligned,-56.09077299929722,0.24561744121193904,0.15735551595547861
n0_d0_m0,all_tasks,S26007,ellipse--demand_conflict,-56.510456482444816,0.29856804182542135,0.19076555556459615
n0_d0_m0,all_tasks,S26007,ellipse--neutral,-51.07205680792694,0.2577108390166668,0.17058802564945577
n0_d0_m0,all_tasks,S26007,figure_eight--demand_aligned,-56.75890414549031,0.2999506047143367,0.19134517834849624
n0_d0_m0,all_tasks,S26007,figure_eight--demand_conflict,-58.220591609867505,0.2983990364335819,0.18859684027055054
n0_d0_m0,all_tasks,S26007,figure_eight--neutral,-57.76605401841975,0.2961813819918263,0.18773454393252814
n0_d0_m0,all_tasks,S26007,harmonic_loop--demand_aligned,-14.07208644982218,0.320754976384125,0.2811862098491712
n0_d0_m0,all_tasks,S26007,harmonic_loop--demand_conflict,-13.659897532799862,0.41150386454813437,0.3620484211939246
n0_d0_m0,all_tasks,S26007,harmonic_loop--neutral,-16.990683435735992,0.340928408396396,0.29141500706222556
n0_d0_m0,all_tasks,S26007,rounded_square--demand_aligned,6.363688058596172,0.38228243081819513,0.40826301558888994
n0_d0_m0,all_tasks,S26007,rounded_square--demand_conflict,-29.00218259797464,0.3101370450266003,0.24041224635176792
n0_d0_m0,all_tasks,S26007,rounded_square--neutral,-10.607121642672952,0.36159394040997817,0.3269174127667317
n0_d0_m0,all_tasks,S26007,s_curve--demand_aligned,-27.55403265332003,0.35124442348734003,0.2753691248962623
n0_d0_m0,all_tasks,S26007,s_curve--demand_conflict,-52.84773838688219,0.3110163264677509,0.20348114388223304
n0_d0_m0,all_tasks,S26007,s_curve--neutral,-29.240882420131907,0.31191281302115464,0.24134221863883518
n0_d0_m0,all_tasks,S26008,ellipse--demand_aligned,-53.84779371285207,0.24666128502317397,0.1603281263061548
n0_d0_m0,all_tasks,S26008,ellipse--demand_conflict,-57.114993104092,0.3126840845197114,0.19901606991291507
n0_d0_m0,all_tasks,S26008,ellipse--neutral,-47.00163621181406,0.25651646591371124,0.17449905492487017
n0_d0_m0,all_tasks,S26008,figure_eight--demand_aligned,-57.37516002822462,0.30750233521488246,0.19539445434700947
n0_d0_m0,all_tasks,S26008,figure_eight--demand_conflict,-50.537613594859245,0.3154077930607787,0.2095209200735926
n0_d0_m0,all_tasks,S26008,figure_eight--neutral,-55.01303239875923,0.3178872935792405,0.20507133410660572
n0_d0_m0,all_tasks,S26008,harmonic_loop--demand_aligned,-13.10474431393668,0.3138473330413244,0.2774837916349477
n0_d0_m0,all_tasks,S26008,harmonic_loop--demand_conflict,-7.577610721665187,0.3971914544359609,0.36921386501473025
n0_d0_m0,all_tasks,S26008,harmonic_loop--neutral,-15.740923129368225,0.3335597238534666,0.2881951472606052
n0_d0_m0,all_tasks,S26008,rounded_square--demand_aligned,8.205483901540852,0.355172796210511,0.38692158454166403
n0_d0_m0,all_tasks,S26008,rounded_square--demand_conflict,-31.03221584556747,0.3191034890723494,0.24353056003299206
n0_d0_m0,all_tasks,S26008,rounded_square--neutral,-8.281278681174669,0.35773193504370626,0.3303728395164399
n0_d0_m0,all_tasks,S26008,s_curve--demand_aligned,-16.984648774633385,0.33186596467075835,0.2836833449062927
n0_d0_m0,all_tasks,S26008,s_curve--demand_conflict,-42.06412601585258,0.31894848863423203,0.2245102247689479
n0_d0_m0,all_tasks,S26008,s_curve--neutral,-36.639677501870636,0.3405840474340996,0.24925706329293473
delay_2,demand_conflict,S26001,ellipse--demand_conflict,-37.13008466403408,0.31440522252509995,0.22927516109640445
delay_2,demand_conflict,S26001,figure_eight--demand_conflict,-4.654131146775543,0.5851465939012683,0.5591242194544721
delay_2,demand_conflict,S26001,harmonic_loop--demand_conflict,27.24305461048308,0.5616143651205128,0.7719048155661469
delay_2,demand_conflict,S26001,rounded_square--demand_conflict,3.3056525160002788,0.6754179678533053,0.6985082224843273
delay_2,demand_conflict,S26001,s_curve--demand_conflict,14.542469046201175,0.43536110521856763,0.5094473247231286
delay_2,demand_conflict,S26002,ellipse--demand_conflict,-45.9199825541132,0.30803205733416655,0.21109655575783492
delay_2,demand_conflict,S26002,figure_eight--demand_conflict,-4.478861995097157,0.5394610162854379,0.5163350805933864
delay_2,demand_conflict,S26002,harmonic_loop--demand_conflict,24.962386076887917,0.5725589131138025,0.7630292105243108
delay_2,demand_conflict,S26002,rounded_square--demand_conflict,3.0565292510726167,0.6674696928406806,0.6885143348842456
delay_2,demand_conflict,S26002,s_curve--demand_conflict,13.756820942872555,0.42135495688067653,0.48856612370651503
delay_2,demand_conflict,S26003,ellipse--demand_conflict,-40.456027232030166,0.313324245794131,0.2230763976233832
delay_2,demand_conflict,S26003,figure_eight--demand_conflict,-14.062907295690419,0.3957420513153462,0.3469506965042073
delay_2,demand_conflict,S26003,harmonic_loop--demand_conflict,12.063299182610606,0.4792950159993361,0.5450454833353903
delay_2,demand_conflict,S26003,rounded_square--demand_conflict,-5.0004554124712755,0.4166458233755089,0.3968038250299078
delay_2,demand_conflict,S26003,s_curve--demand_conflict,-13.305120797665257,0.3547374478735814,0.3130815671668134
delay_2,demand_conflict,S26004,ellipse--demand_conflict,-37.01436902261279,0.3117480965615652,0.22752949109309437
delay_2,demand_conflict,S26004,figure_eight--demand_conflict,-2.688922988367115,0.6003629641962298,0.58464238081866
delay_2,demand_conflict,S26004,harmonic_loop--demand_conflict,20.812574967090605,0.5884566174108334,0.743118768120415
delay_2,demand_conflict,S26004,rounded_square--demand_conflict,0.4890529335071251,0.6746834037674896,0.6779991786397817
delay_2,demand_conflict,S26004,s_curve--demand_conflict,11.08706070757903,0.435419323335818,0.48971423822104326
delay_2,demand_conflict,S26005,ellipse--demand_conflict,-21.13918912911251,0.31924537380312035,0.26353600028052226
delay_2,demand_conflict,S26005,figure_eight--demand_conflict,-5.702890916842689,0.663130653048994,0.6273533744414655
delay_2,demand_conflict,S26005,harmonic_loop--demand_conflict,12.022812767064394,0.652427584917902,0.7415872289602545
delay_2,demand_conflict,S26005,rounded_square--demand_conflict,-4.0238734503676366,0.6714031953021355,0.6454318350512862
delay_2,demand_conflict,S26005,s_curve--demand_conflict,-4.185599295817018,0.5131098828452477,0.4924959747924095
delay_2,demand_conflict,S26006,ellipse--demand_conflict,-64.54321915661095,0.27135571772040656,0.16491455503987212
delay_2,demand_conflict,S26006,figure_eight--demand_conflict,-18.391588294160382,0.280185561118273,0.23666002387104812
delay_2,demand_conflict,S26006,harmonic_loop--demand_conflict,-14.300369646814046,0.46346151786834844,0.40547683205263085
delay_2,demand_conflict,S26006,rounded_square--demand_conflict,-10.48627041793644,0.5369868999800836,0.4860213834251289
delay_2,demand_conflict,S26006,s_curve--demand_conflict,-0.19930424705775882,0.3298847682410163,0.32922860165538825
delay_2,demand_conflict,S26007,ellipse--demand_conflict,-48.36362257353589,0.3132242468108842,0.21111930362554723
delay_2,demand_conflict,S26007,figure_eight--demand_conflict,-30.421016316771457,0.3728449751451176,0.2858779862898306
delay_2,demand_conflict,S26007,harmonic_loop--demand_conflict,7.149630213880538,0.47040928172744084,0.5066315651849607
delay_2,demand_conflict,S26007,rounded_square--demand_conflict,-22.2465829916875,0.45563209711680797,0.372715609685213
delay_2,demand_conflict,S26007,s_curve--demand_conflict,-20.398108350864113,0.3637662084545178,0.30213614934416616
delay_2,demand_conflict,S26008,ellipse--demand_conflict,-40.69696209576214,0.3091647802165523,0.21973806371606405
delay_2,demand_conflict,S26008,figure_eight--demand_conflict,-14.621728516316614,0.39354850831107663,0.3433454663485155
delay_2,demand_conflict,S26008,harmonic_loop--demand_conflict,11.32171422390595,0.4647376823408784,0.5240715675473315
delay_2,demand_conflict,S26008,rounded_square--demand_conflict,-6.582522480085632,0.408705837440021,0.3834642190199481
delay_2,demand_conflict,S26008,s_curve--demand_conflict,-15.14787960639423,0.34994795774245246,0.30391176888247246
delay_2,all_tasks,S26001,ellipse--demand_aligned,-54.88565602956594,0.28506448460122363,0.1840483437322356
delay_2,all_tasks,S26001,ellipse--demand_conflict,-37.13008466403408,0.31440522252509995,0.22927516109640445
delay_2,all_tasks,S26001,ellipse--neutral,-53.42717628753302,0.28866075864515206,0.18814187005839308
delay_2,all_tasks,S26001,figure_eight--demand_aligned,-5.233412854628596,0.6499080357581851,0.6175871504385971
delay_2,all_tasks,S26001,figure_eight--demand_conflict,-4.654131146775543,0.5851465939012683,0.5591242194544721
delay_2,all_tasks,S26001,figure_eight--neutral,-5.003713393721214,0.6425579974615514,0.6119383559819644
delay_2,all_tasks,S26001,harmonic_loop--demand_aligned,-8.126408739285187,0.5121317298582772,0.47364167165963234
delay_2,all_tasks,S26001,harmonic_loop--demand_conflict,27.24305461048308,0.5616143651205128,0.7719048155661469
delay_2,all_tasks,S26001,harmonic_loop--neutral,-3.265183158749283,0.5202522200420531,0.5038021568627548
delay_2,all_tasks,S26001,rounded_square--demand_aligned,3.9806772372687402,0.6097279598719167,0.6350054784062436
delay_2,all_tasks,S26001,rounded_square--demand_conflict,3.3056525160002788,0.6754179678533053,0.6985082224843273
delay_2,all_tasks,S26001,rounded_square--neutral,3.8354798711336597,0.6846990329403658,0.7120079547247022
delay_2,all_tasks,S26001,s_curve--demand_aligned,22.663383560671267,0.43484404505651486,0.5622744633490061
delay_2,all_tasks,S26001,s_curve--demand_conflict,14.542469046201175,0.43536110521856763,0.5094473247231286
delay_2,all_tasks,S26001,s_curve--neutral,16.065328287911935,0.4329466637350551,0.5158138524925012
delay_2,all_tasks,S26002,ellipse--demand_aligned,-60.685089164130204,0.28339329065376107,0.17636564296534807
delay_2,all_tasks,S26002,ellipse--demand_conflict,-45.9199825541132,0.30803205733416655,0.21109655575783492
delay_2,all_tasks,S26002,ellipse--neutral,-58.896586816313594,0.2848781478839333,0.17928525312708946
delay_2,all_tasks,S26002,figure_eight--demand_aligned,-6.990513306158778,0.595746500841445,0.556821798897895
delay_2,all_tasks,S26002,figure_eight--demand_conflict,-4.478861995097157,0.5394610162854379,0.5163350805933864
delay_2,all_tasks,S26002,figure_eight--neutral,-7.060171561372581,0.5903006520822859,0.5513727873524789
delay_2,all_tasks,S26002,harmonic_loop--demand_aligned,-8.605151027432012,0.4520840070913675,0.41626387221465944
delay_2,all_tasks,S26002,harmonic_loop--demand_conflict,24.962386076887917,0.5725589131138025,0.7630292105243108
delay_2,all_tasks,S26002,harmonic_loop--neutral,3.833937057587844,0.46497081037842936,0.4835082108507149
delay_2,all_tasks,S26002,rounded_square--demand_aligned,6.373439460747883,0.5700344352681664,0.6088383808878512
delay_2,all_tasks,S26002,rounded_square--demand_conflict,3.0565292510726167,0.6674696928406806,0.6885143348842456
delay_2,all_tasks,S26002,rounded_square--neutral,6.571808645909059,0.6435876246552169,0.6888580580737488
delay_2,all_tasks,S26002,s_curve--demand_aligned,21.326026563793288,0.4314293755922275,0.5483762377173624
delay_2,all_tasks,S26002,s_curve--demand_conflict,13.756820942872555,0.42135495688067653,0.48856612370651503
delay_2,all_tasks,S26002,s_curve--neutral,14.977255995383196,0.41988901091152986,0.4938549276752695
delay_2,all_tasks,S26003,ellipse--demand_aligned,-38.7474092944191,0.25361559739896494,0.18278942914227533
delay_2,all_tasks,S26003,ellipse--demand_conflict,-40.456027232030166,0.313324245794131,0.2230763976233832
delay_2,all_tasks,S26003,ellipse--neutral,-36.134771371312226,0.2627490646312882,0.19300657869004767
delay_2,all_tasks,S26003,figure_eight--demand_aligned,-23.028951747811195,0.4028727905375339,0.32746177612189675
delay_2,all_tasks,S26003,figure_eight--demand_conflict,-14.062907295690419,0.3957420513153462,0.3469506965042073
delay_2,all_tasks,S26003,figure_eight--neutral,-13.54212250357176,0.39120895485869117,0.34454962284713736
delay_2,all_tasks,S26003,harmonic_loop--demand_aligned,-1.7789628220482578,0.34344659328718996,0.3374435971485352
delay_2,all_tasks,S26003,harmonic_loop--demand_conflict,12.063299182610606,0.4792950159993361,0.5450454833353903
delay_2,all_tasks,S26003,harmonic_loop--neutral,-5.137196924852651,0.389015680318497,0.37000765827583165
delay_2,all_tasks,S26003,rounded_square--demand_aligned,4.770164864075281,0.4958354773410836,0.5206724096848021
delay_2,all_tasks,S26003,rounded_square--demand_conflict,-5.0004554124712755,0.4166458233755089,0.3968038250299078
delay_2,all_tasks,S26003,rounded_square--neutral,-3.23888846562721,0.46674648753608877,0.45210336383221456
delay_2,all_tasks,S26003,s_curve--demand_aligned,2.1639123289149658,0.3849933756364121,0.3935085557904979
delay_2,all_tasks,S26003,s_curve--demand_conflict,-13.305120797665257,0.3547374478735814,0.3130815671668134
delay_2,all_tasks,S26003,s_curve--neutral,-5.0450579966391595,0.35766705992044995,0.3404891831578533
delay_2,all_tasks,S26004,ellipse--demand_aligned,-43.753758406058346,0.28295982420258786,0.196836470461744
delay_2,all_tasks,S26004,ellipse--demand_conflict,-37.01436902261279,0.3117480965615652,0.22752949109309437
delay_2,all_tasks,S26004,ellipse--neutral,-45.82605691155166,0.2819096386643028,0.19331911225940254
delay_2,all_tasks,S26004,figure_eight--demand_aligned,-3.3598728952080856,0.672620608199723,0.6507560326449537
delay_2,all_tasks,S26004,figure_eight--demand_conflict,-2.688922988367115,0.6003629641962298,0.58464238081866
delay_2,all_tasks,S26004,figure_eight--neutral,-3.318237581490921,0.6659600692377294,0.6445716504914847
delay_2,all_tasks,S26004,harmonic_loop--demand_aligned,-7.027922413457304,0.5326169840502354,0.4976430187934453
delay_2,all_tasks,S26004,harmonic_loop--demand_conflict,20.812574967090605,0.5884566174108334,0.743118768120415
delay_2,all_tasks,S26004,harmonic_loop--neutral,-4.140482610328368,0.5403008767708273,0.5188192557091547
delay_2,all_tasks,S26004,rounded_square--demand_aligned,5.609821466559045,0.6397284063586727,0.6777489102131817
delay_2,all_tasks,S26004,rounded_square--demand_conflict,0.4890529335071251,0.6746834037674896,0.6779991786397817
delay_2,all_tasks,S26004,rounded_square--neutral,4.487441473155384,0.6725190229815887,0.7041158077579626
delay_2,all_tasks,S26004,s_curve--demand_aligned,17.628788774057547,0.4488906978138704,0.5449606617809382
delay_2,all_tasks,S26004,s_curve--demand_conflict,11.08706070757903,0.435419323335818,0.48971423822104326
delay_2,all_tasks,S26004,s_curve--neutral,13.220415875818398,0.4348381827502046,0.5010835061481178
delay_2,all_tasks,S26005,ellipse--demand_aligned,-23.952054262575484,0.2668889116778766,0.2153162472906733
delay_2,all_tasks,S26005,ellipse--demand_conflict,-21.13918912911251,0.31924537380312035,0.26353600028052226
delay_2,all_tasks,S26005,ellipse--neutral,-24.422388207982713,0.27557237455795475,0.22148134152296758
delay_2,all_tasks,S26005,figure_eight--demand_aligned,-5.1759666682312915,0.7609817688503107,0.7235319940065428
delay_2,all_tasks,S26005,figure_eight--demand_conflict,-5.702890916842689,0.663130653048994,0.6273533744414655
delay_2,all_tasks,S26005,figure_eight--neutral,-5.162059913501393,0.7518352404381357,0.7149301193382293
delay_2,all_tasks,S26005,harmonic_loop--demand_aligned,-1.6208712068456606,0.6303204327038947,0.6202667082246323
delay_2,all_tasks,S26005,harmonic_loop--demand_conflict,12.022812767064394,0.652427584917902,0.7415872289602545
delay_2,all_tasks,S26005,harmonic_loop--neutral,0.22654884429403574,0.635384773404479,0.6368274987430279
delay_2,all_tasks,S26005,rounded_square--demand_aligned,4.555758585156728,0.6865692073812363,0.7193406298836826
delay_2,all_tasks,S26005,rounded_square--demand_conflict,-4.0238734503676366,0.6714031953021355,0.6454318350512862
delay_2,all_tasks,S26005,rounded_square--neutral,-1.6208291686163654,0.6824307836732251,0.6715461675095057
delay_2,all_tasks,S26005,s_curve--demand_aligned,3.345936776096711,0.5260215913885349,0.5442312240614068
delay_2,all_tasks,S26005,s_curve--demand_conflict,-4.185599295817018,0.5131098828452477,0.4924959747924095
delay_2,all_tasks,S26005,s_curve--neutral,-2.4490703231512962,0.5190724222290938,0.5066638678045617
delay_2,all_tasks,S26006,ellipse--demand_aligned,-80.417722405566,0.26491030854522574,0.14683164437123672
delay_2,all_tasks,S26006,ellipse--demand_conflict,-64.54321915661095,0.27135571772040656,0.16491455503987212
delay_2,all_tasks,S26006,ellipse--neutral,-77.04295798463816,0.2673507174200258,0.15100895311703025
delay_2,all_tasks,S26006,figure_eight--demand_aligned,-41.46035568936312,0.27875194688200444,0.19705305102874468
delay_2,all_tasks,S26006,figure_eight--demand_conflict,-18.391588294160382,0.280185561118273,0.23666002387104812
delay_2,all_tasks,S26006,figure_eight--neutral,-35.160141782527646,0.27937227503936346,0.20669723437318732
delay_2,all_tasks,S26006,harmonic_loop--demand_aligned,-17.50837229785344,0.3548301923553892,0.3019616265775396
delay_2,all_tasks,S26006,harmonic_loop--demand_conflict,-14.300369646814046,0.46346151786834844,0.40547683205263085
delay_2,all_tasks,S26006,harmonic_loop--neutral,-24.956448338679188,0.39640817794557,0.31723707196859025
delay_2,all_tasks,S26006,rounded_square--demand_aligned,-7.370853454255821,0.4194346181138911,0.3906410395560343
delay_2,all_tasks,S26006,rounded_square--demand_conflict,-10.48627041793644,0.5369868999800836,0.4860213834251289
delay_2,all_tasks,S26006,rounded_square--neutral,-8.23345896160011,0.476813462982909,0.4405416472479887
delay_2,all_tasks,S26006,s_curve--demand_aligned,10.270802253026329,0.3521998098706916,0.39251416340961365
delay_2,all_tasks,S26006,s_curve--demand_conflict,-0.19930424705775882,0.3298847682410163,0.32922860165538825
delay_2,all_tasks,S26006,s_curve--neutral,2.3347452079362117,0.3377745289503798,0.34584922720933414
delay_2,all_tasks,S26007,ellipse--demand_aligned,-44.09719144858507,0.2524796096777562,0.1752148026895047
delay_2,all_tasks,S26007,ellipse--demand_conflict,-48.36362257353589,0.3132242468108842,0.21111930362554723
delay_2,all_tasks,S26007,ellipse--neutral,-41.12507745604344,0.26153208349650225,0.18531935515001738
delay_2,all_tasks,S26007,figure_eight--demand_aligned,-36.19098603252051,0.3043578113484802,0.22347867521555634
delay_2,all_tasks,S26007,figure_eight--demand_conflict,-30.421016316771457,0.3728449751451176,0.2858779862898306
delay_2,all_tasks,S26007,figure_eight--neutral,-32.82363946951437,0.3356878559164288,0.252732011603609
delay_2,all_tasks,S26007,harmonic_loop--demand_aligned,-4.565966494058298,0.3480616985177164,0.33286327300144464
delay_2,all_tasks,S26007,harmonic_loop--demand_conflict,7.149630213880538,0.47040928172744084,0.5066315651849607
delay_2,all_tasks,S26007,harmonic_loop--neutral,-9.219606482945427,0.3873192073697456,0.3546242472776399
delay_2,all_tasks,S26007,rounded_square--demand_aligned,3.533368098439254,0.5049892755043337,0.5234859614666026
delay_2,all_tasks,S26007,rounded_square--demand_conflict,-22.2465829916875,0.45563209711680797,0.372715609685213
delay_2,all_tasks,S26007,rounded_square--neutral,-3.7979388199500765,0.46193125195755863,0.44502931099511867
delay_2,all_tasks,S26007,s_curve--demand_aligned,-3.7357518576591424,0.40307829865299005,0.38856256539796746
delay_2,all_tasks,S26007,s_curve--demand_conflict,-20.398108350864113,0.3637662084545178,0.30213614934416616
delay_2,all_tasks,S26007,s_curve--neutral,-8.249622525223065,0.36309095103665817,0.33542006204414704
delay_2,all_tasks,S26008,ellipse--demand_aligned,-41.00068819904768,0.2540584920395459,0.18018244824514396
delay_2,all_tasks,S26008,ellipse--demand_conflict,-40.69696209576214,0.3091647802165523,0.21973806371606405
delay_2,all_tasks,S26008,ellipse--neutral,-36.978436854602975,0.2608075382091975,0.19040043396467873
delay_2,all_tasks,S26008,figure_eight--demand_aligned,-23.37364210529439,0.40202601498508655,0.325860538867754
delay_2,all_tasks,S26008,figure_eight--demand_conflict,-14.621728516316614,0.39354850831107663,0.3433454663485155
delay_2,all_tasks,S26008,figure_eight--neutral,-14.146655456783595,0.3909008217570663,0.3424549060967126
delay_2,all_tasks,S26008,harmonic_loop--demand_aligned,-3.193642956239165,0.3387242231069256,0.3282413658470869
delay_2,all_tasks,S26008,harmonic_loop--demand_conflict,11.32171422390595,0.4647376823408784,0.5240715675473315
delay_2,all_tasks,S26008,harmonic_loop--neutral,-5.952345274309249,0.38107299052492377,0.3596645166639122
delay_2,all_tasks,S26008,rounded_square--demand_aligned,3.8741142631405263,0.48235214218531913,0.5017921431753957
delay_2,all_tasks,S26008,rounded_square--demand_conflict,-6.582522480085632,0.408705837440021,0.3834642190199481
delay_2,all_tasks,S26008,rounded_square--neutral,-4.127923087111762,0.4541098939472983,0.4361077033750084
delay_2,all_tasks,S26008,s_curve--demand_aligned,0.8953517706707429,0.37868744000256166,0.38210865662554466
delay_2,all_tasks,S26008,s_curve--demand_conflict,-15.14787960639423,0.34994795774245246,0.30391176888247246
delay_2,all_tasks,S26008,s_curve--neutral,-6.6029742292902665,0.35307380653373815,0.3312044613073539
n0_d1_m0,demand_conflict,S26001,ellipse--demand_conflict,-27.796638319013866,0.4102956230232969,0.32105353350460725
n0_d1_m0,demand_conflict,S26001,figure_eight--demand_conflict,-4.362992289282731,0.7352375934966077,0.7045002997409369
n0_d1_m0,demand_conflict,S26001,harmonic_loop--demand_conflict,13.586793913568604,0.697721407655844,0.8074245121260467
n0_d1_m0,demand_conflict,S26001,rounded_square--demand_conflict,-1.3531253891823987,0.7966955129125248,0.7860591470202039
n0_d1_m0,demand_conflict,S26001,s_curve--demand_conflict,-5.237402543110193,0.6611466881501653,0.628243069643731
n0_d1_m0,demand_conflict,S26002,ellipse--demand_conflict,-34.643184844552195,0.391676909387216,0.2908999143472531
n0_d1_m0,demand_conflict,S26002,figure_eight--demand_conflict,-5.089781085265201,0.6995933469241036,0.6657101572573307
n0_d1_m0,demand_conflict,S26002,harmonic_loop--demand_conflict,17.631176729784794,0.6679515200130667,0.8109275979599915
n0_d1_m0,demand_conflict,S26002,rounded_square--demand_conflict,3.847957230469097,0.765707641446207,0.796350882821647
n0_d1_m0,demand_conflict,S26002,s_curve--demand_conflict,-1.185663835746957,0.6128092770918423,0.6056285582971572
n0_d1_m0,demand_conflict,S26003,ellipse--demand_conflict,-29.06194878845172,0.3126746873166816,0.24226713624880525
n0_d1_m0,demand_conflict,S26003,figure_eight--demand_conflict,-3.7224180170010754,0.6031460742544869,0.5815002058239961
n0_d1_m0,demand_conflict,S26003,harmonic_loop--demand_conflict,21.6659551567576,0.5755693077682716,0.7347626551393688
n0_d1_m0,demand_conflict,S26003,rounded_square--demand_conflict,-2.6921864277634877,0.6454288314857014,0.6285082185290833
n0_d1_m0,demand_conflict,S26003,s_curve--demand_conflict,9.3695083496588,0.41926827054013444,0.46261281706128315
n0_d1_m0,demand_conflict,S26004,ellipse--demand_conflict,-29.264340848008516,0.3536592920824289,0.27359385408406506
n0_d1_m0,demand_conflict,S26004,figure_eight--demand_conflict,-2.247540098458261,0.7386180760725767,0.7223822454421218
n0_d1_m0,demand_conflict,S26004,harmonic_loop--demand_conflict,9.23614313364589,0.7259125748253801,0.7997815428824882
n0_d1_m0,demand_conflict,S26004,rounded_square--demand_conflict,-0.19130173137897047,0.788133823302352,0.7866289884279605
n0_d1_m0,demand_conflict,S26004,s_curve--demand_conflict,-7.951042135325817,0.6736682455540859,0.6240497842620041
n0_d1_m0,demand_conflict,S26005,ellipse--demand_conflict,-13.08233452686485,0.34241891703609845,0.3028049592969363
n0_d1_m0,demand_conflict,S26005,figure_eight--demand_conflict,2.161196722137712,0.7702850796063739,0.7873001854067692
n0_d1_m0,demand_conflict,S26005,harmonic_loop--demand_conflict,7.391336837563741,0.7649588919090908,0.8260122387981645
n0_d1_m0,demand_conflict,S26005,rounded_square--demand_conflict,-3.1818635142311993,0.7934416941701001,0.7689739913067822
n0_d1_m0,demand_conflict,S26005,s_curve--demand_conflict,-5.065432024175432,0.732533023294416,0.6972160197522065
n0_d1_m0,demand_conflict,S26006,ellipse--demand_conflict,-54.798386906171785,0.28524758682941637,0.18427038713414629
n0_d1_m0,demand_conflict,S26006,figure_eight--demand_conflict,-11.311944944808262,0.4608167005666748,0.41398674759942544
n0_d1_m0,demand_conflict,S26006,harmonic_loop--demand_conflict,10.677127290170485,0.549969469059039,0.6157095628189729
n0_d1_m0,demand_conflict,S26006,rounded_square--demand_conflict,2.497319640707701,0.6643093037873002,0.6813241454894933
n0_d1_m0,demand_conflict,S26006,s_curve--demand_conflict,8.145817464468738,0.39642539514936337,0.43158121296873675
n0_d1_m0,demand_conflict,S26007,ellipse--demand_conflict,-36.498705970453486,0.3100651641275941,0.22715611984974482
n0_d1_m0,demand_conflict,S26007,figure_eight--demand_conflict,-3.177588435504372,0.5350886701661102,0.5186093979126005
n0_d1_m0,demand_conflict,S26007,harmonic_loop--demand_conflict,28.285111880806088,0.5500127203113556,0.7669435660238437
n0_d1_m0,demand_conflict,S26007,rounded_square--demand_conflict,-0.2707166604190584,0.5864619262530031,0.5848785625409851
n0_d1_m0,demand_conflict,S26007,s_curve--demand_conflict,9.062324037901062,0.4024090489556376,0.44251081270578535
n0_d1_m0,demand_conflict,S26008,ellipse--demand_conflict,-29.738365941877586,0.3088583923777206,0.238062496113207
n0_d1_m0,demand_conflict,S26008,figure_eight--demand_conflict,-3.912675174312242,0.5993378133148048,0.5767706512313565
n0_d1_m0,demand_conflict,S26008,harmonic_loop--demand_conflict,19.764129934549725,0.562908842823901,0.7015675686756099
n0_d1_m0,demand_conflict,S26008,rounded_square--demand_conflict,-2.1832193826297477,0.6305231094614868,0.6170515210530451
n0_d1_m0,demand_conflict,S26008,s_curve--demand_conflict,8.222063579762255,0.4137264152220286,0.45079071436912227
n0_d1_m0,all_tasks,S26001,ellipse--demand_aligned,-28.810864290495644,0.4391444524860128,0.34092190507754805
n0_d1_m0,all_tasks,S26001,ellipse--demand_conflict,-27.796638319013866,0.4102956230232969,0.32105353350460725
n0_d1_m0,all_tasks,S26001,ellipse--neutral,-29.658766056594434,0.4338173296593416,0.33458387955812086
n0_d1_m0,all_tasks,S26001,figure_eight--demand_aligned,-6.380248092752921,0.8005070981248539,0.7524959872502759
n0_d1_m0,all_tasks,S26001,figure_eight--demand_conflict,-4.362992289282731,0.7352375934966077,0.7045002997409369
n0_d1_m0,all_tasks,S26001,figure_eight--neutral,-6.177147933740837,0.7923919009728376,0.7462923203280283
n0_d1_m0,all_tasks,S26001,harmonic_loop--demand_aligned,-2.527579293542811,0.6960792634301225,0.6789190461984911
n0_d1_m0,all_tasks,S26001,harmonic_loop--demand_conflict,13.586793913568604,0.697721407655844,0.8074245121260467
n0_d1_m0,all_tasks,S26001,harmonic_loop--neutral,-0.630715114151552,0.6947232654352572,0.6903690037849679
n0_d1_m0,all_tasks,S26001,rounded_square--demand_aligned,-9.517171717294325,0.7817004436423307,0.7137697507932348
n0_d1_m0,all_tasks,S26001,rounded_square--demand_conflict,-1.3531253891823987,0.7966955129125248,0.7860591470202039
n0_d1_m0,all_tasks,S26001,rounded_square--neutral,0.8880410792376083,0.788685090897411,0.7957516928183668
n0_d1_m0,all_tasks,S26001,s_curve--demand_aligned,-1.862382497834722,0.6612611844542444,0.6491711348576603
n0_d1_m0,all_tasks,S26001,s_curve--demand_conflict,-5.237402543110193,0.6611466881501653,0.628243069643731
n0_d1_m0,all_tasks,S26001,s_curve--neutral,-6.1191167622189315,0.662245638769642,0.6240587548928961
n0_d1_m0,all_tasks,S26002,ellipse--demand_aligned,-32.399401326618595,0.3985934190502319,0.3010537925824409
n0_d1_m0,all_tasks,S26002,ellipse--demand_conflict,-34.643184844552195,0.391676909387216,0.2908999143472531
n0_d1_m0,all_tasks,S26002,ellipse--neutral,-32.989436493437616,0.3941751742074131,0.29639585263365165
n0_d1_m0,all_tasks,S26002,figure_eight--demand_aligned,-5.259092316020073,0.7597882416188141,0.7218267086492602
n0_d1_m0,all_tasks,S26002,figure_eight--demand_conflict,-5.089781085265201,0.6995933469241036,0.6657101572573307
n0_d1_m0,all_tasks,S26002,figure_eight--neutral,-5.183145416681602,0.752259846414789,0.7151904836413875
n0_d1_m0,all_tasks,S26002,harmonic_loop--demand_aligned,-3.7162464483183366,0.6535080451129295,0.630092263740543
n0_d1_m0,all_tasks,S26002,harmonic_loop--demand_conflict,17.631176729784794,0.6679515200130667,0.8109275979599915
n0_d1_m0,all_tasks,S26002,harmonic_loop--neutral,-1.3493277519488827,0.6529754939603071,0.6442820178920731
n0_d1_m0,all_tasks,S26002,rounded_square--demand_aligned,-7.949392521576758,0.7450039061338517,0.6901418236188235
n0_d1_m0,all_tasks,S26002,rounded_square--demand_conflict,3.847957230469097,0.765707641446207,0.796350882821647
n0_d1_m0,all_tasks,S26002,rounded_square--neutral,4.261801487201739,0.7510439762449157,0.7844768210721202
n0_d1_m0,all_tasks,S26002,s_curve--demand_aligned,3.3450489024142622,0.6125855655368901,0.63378601776789
n0_d1_m0,all_tasks,S26002,s_curve--demand_conflict,-1.185663835746957,0.6128092770918423,0.6056285582971572
n0_d1_m0,all_tasks,S26002,s_curve--neutral,-1.9113858352994324,0.6132426219519918,0.601741029155528
n0_d1_m0,all_tasks,S26003,ellipse--demand_aligned,-31.237433550998848,0.2702758466509853,0.2059441725869747
n0_d1_m0,all_tasks,S26003,ellipse--demand_conflict,-29.06194878845172,0.3126746873166816,0.24226713624880525
n0_d1_m0,all_tasks,S26003,ellipse--neutral,-35.17950555176545,0.2734902259425089,0.20231633843177427
n0_d1_m0,all_tasks,S26003,figure_eight--demand_aligned,-4.68973490306864,0.6839847194669646,0.653344590183804
n0_d1_m0,all_tasks,S26003,figure_eight--demand_conflict,-3.7224180170010754,0.6031460742544869,0.5815002058239961
n0_d1_m0,all_tasks,S26003,figure_eight--neutral,-5.0006560353090705,0.6775118771489226,0.6452453753442192
n0_d1_m0,all_tasks,S26003,harmonic_loop--demand_aligned,-5.2341109073649115,0.5255343881874819,0.4993954751516809
n0_d1_m0,all_tasks,S26003,harmonic_loop--demand_conflict,21.6659551567576,0.5755693077682716,0.7347626551393688
n0_d1_m0,all_tasks,S26003,harmonic_loop--neutral,-2.422532144001688,0.5340929641874703,0.5214604179445188
n0_d1_m0,all_tasks,S26003,rounded_square--demand_aligned,2.1755505622236746,0.6734636078630425,0.6884409896847064
n0_d1_m0,all_tasks,S26003,rounded_square--demand_conflict,-2.6921864277634877,0.6454288314857014,0.6285082185290833
n0_d1_m0,all_tasks,S26003,rounded_square--neutral,1.6111566012623557,0.6464095101027658,0.6569947239679204
n0_d1_m0,all_tasks,S26003,s_curve--demand_aligned,16.388642991948966,0.4390999478969593,0.5251678284023997
n0_d1_m0,all_tasks,S26003,s_curve--demand_conflict,9.3695083496588,0.41926827054013444,0.46261281706128315
n0_d1_m0,all_tasks,S26003,s_curve--neutral,12.228054545275215,0.4199652261745588,0.4784731886695944
n0_d1_m0,all_tasks,S26004,ellipse--demand_aligned,-37.78329010788879,0.3646337956051341,0.2646429732659265
n0_d1_m0,all_tasks,S26004,ellipse--demand_conflict,-29.264340848008516,0.3536592920824289,0.27359385408406506
n0_d1_m0,all_tasks,S26004,ellipse--neutral,-38.584192934747534,0.3567651244195499,0.2574356547196786
n0_d1_m0,all_tasks,S26004,figure_eight--demand_aligned,-3.173779307420626,0.8058914677887754,0.7811010444693605
n0_d1_m0,all_tasks,S26004,figure_eight--demand_conflict,-2.247540098458261,0.7386180760725767,0.7223822454421218
n0_d1_m0,all_tasks,S26004,figure_eight--neutral,-2.9864111737234786,0.7982480601267762,0.7751003758935194
n0_d1_m0,all_tasks,S26004,harmonic_loop--demand_aligned,-2.9622399031219353,0.719789099788914,0.6990806537097191
n0_d1_m0,all_tasks,S26004,harmonic_loop--demand_conflict,9.23614313364589,0.7259125748253801,0.7997815428824882
n0_d1_m0,all_tasks,S26004,harmonic_loop--neutral,-1.2854592224656494,0.7191109836782068,0.709984423429167
n0_d1_m0,all_tasks,S26004,rounded_square--demand_aligned,0.06158820223160727,0.7336756112995032,0.7341277473811987
n0_d1_m0,all_tasks,S26004,rounded_square--demand_conflict,-0.19130173137897047,0.788133823302352,0.7866289884279605
n0_d1_m0,all_tasks,S26004,rounded_square--neutral,2.4212260119748126,0.7872030688823083,0.8067359700367965
n0_d1_m0,all_tasks,S26004,s_curve--demand_aligned,-4.83133669962727,0.6737712003988559,0.642719268504044
n0_d1_m0,all_tasks,S26004,s_curve--demand_conflict,-7.951042135325817,0.6736682455540859,0.6240497842620041
n0_d1_m0,all_tasks,S26004,s_curve--neutral,-8.431557205227618,0.6747797944105824,0.6223094196954413
n0_d1_m0,all_tasks,S26005,ellipse--demand_aligned,-27.57261715076256,0.31762533400363113,0.24897610560757594
n0_d1_m0,all_tasks,S26005,ellipse--demand_conflict,-13.08233452686485,0.34241891703609845,0.3028049592969363
n0_d1_m0,all_tasks,S26005,ellipse--neutral,-22.279421549450607,0.32160877854636327,0.2630113673021446
n0_d1_m0,all_tasks,S26005,figure_eight--demand_aligned,1.084634979231766,0.8602901816418608,0.8697235070216185
n0_d1_m0,all_tasks,S26005,figure_eight--demand_conflict,2.161196722137712,0.7702850796063739,0.7873001854067692
n0_d1_m0,all_tasks,S26005,figure_eight--neutral,1.2452297564085326,0.8515372766530338,0.8622745762585509
n0_d1_m0,all_tasks,S26005,harmonic_loop--demand_aligned,3.74229110797326,0.7580729729324204,0.7875452071924531
n0_d1_m0,all_tasks,S26005,harmonic_loop--demand_conflict,7.391336837563741,0.7649588919090908,0.8260122387981645
n0_d1_m0,all_tasks,S26005,harmonic_loop--neutral,4.829828011114027,0.7585340572545458,0.7970291966511607
n0_d1_m0,all_tasks,S26005,rounded_square--demand_aligned,3.7437169832390533,0.7844140853885906,0.8149224765431695
n0_d1_m0,all_tasks,S26005,rounded_square--demand_conflict,-3.1818635142311993,0.7934416941701001,0.7689739913067822
n0_d1_m0,all_tasks,S26005,rounded_square--neutral,-1.1843198632516516,0.7867055507894388,0.7774974935371941
n0_d1_m0,all_tasks,S26005,s_curve--demand_aligned,-3.716011484202612,0.7384218990136566,0.7119651907614366
n0_d1_m0,all_tasks,S26005,s_curve--demand_conflict,-5.065432024175432,0.732533023294416,0.6972160197522065
n0_d1_m0,all_tasks,S26005,s_curve--neutral,-4.933834588398143,0.7374850873473906,0.702809623073595
n0_d1_m0,all_tasks,S26006,ellipse--demand_aligned,-77.05109821577733,0.275218103241742,0.1554455781496061
n0_d1_m0,all_tasks,S26006,ellipse--demand_conflict,-54.798386906171785,0.28524758682941637,0.18427038713414629
n0_d1_m0,all_tasks,S26006,ellipse--neutral,-71.52753616628385,0.27884558419838634,0.16256607564634123
n0_d1_m0,all_tasks,S26006,figure_eight--demand_aligned,-15.913502684650705,0.5005134418184161,0.4317990831319207
n0_d1_m0,all_tasks,S26006,figure_eight--demand_conflict,-11.311944944808262,0.4608167005666748,0.41398674759942544
n0_d1_m0,all_tasks,S26006,figure_eight--neutral,-15.714330138434075,0.49290748683194885,0.42596926952976544
n0_d1_m0,all_tasks,S26006,harmonic_loop--demand_aligned,-6.870228931977479,0.3960221989988961,0.37056362932558407
n0_d1_m0,all_tasks,S26006,harmonic_loop--demand_conflict,10.677127290170485,0.549969469059039,0.6157095628189729
n0_d1_m0,all_tasks,S26006,harmonic_loop--neutral,-6.284807030449634,0.4491599411815763,0.4226003261716381
n0_d1_m0,all_tasks,S26006,rounded_square--demand_aligned,-12.16913047921529,0.5913053473619247,0.5271551494031528
n0_d1_m0,all_tasks,S26006,rounded_square--demand_conflict,2.497319640707701,0.6643093037873002,0.6813241454894933
n0_d1_m0,all_tasks,S26006,rounded_square--neutral,-4.241349709148459,0.6330989844910248,0.6073395886157281
n0_d1_m0,all_tasks,S26006,s_curve--demand_aligned,15.607427077157846,0.41633978536152416,0.4933369974893079
n0_d1_m0,all_tasks,S26006,s_curve--demand_conflict,8.145817464468738,0.39642539514936337,0.43158121296873675
n0_d1_m0,all_tasks,S26006,s_curve--neutral,7.843724883124812,0.40156808154724855,0.4357468669799952
n0_d1_m0,all_tasks,S26007,ellipse--demand_aligned,-36.36286364767602,0.268893745979597,0.19718986444457792
n0_d1_m0,all_tasks,S26007,ellipse--demand_conflict,-36.498705970453486,0.3100651641275941,0.22715611984974482
n0_d1_m0,all_tasks,S26007,ellipse--neutral,-39.787073827769,0.2706574905128633,0.19362125774686373
n0_d1_m0,all_tasks,S26007,figure_eight--demand_aligned,-9.193423502238867,0.6073641959717734,0.5562278171077951
n0_d1_m0,all_tasks,S26007,figure_eight--demand_conflict,-3.177588435504372,0.5350886701661102,0.5186093979126005
n0_d1_m0,all_tasks,S26007,figure_eight--neutral,-9.388646910514103,0.6005207536954549,0.5489790491573716
n0_d1_m0,all_tasks,S26007,harmonic_loop--demand_aligned,-4.487117545762181,0.4328281232898036,0.41424065804115806
n0_d1_m0,all_tasks,S26007,harmonic_loop--demand_conflict,28.285111880806088,0.5500127203113556,0.7669435660238437
n0_d1_m0,all_tasks,S26007,harmonic_loop--neutral,7.157449073227118,0.4489879156549172,0.4836014426284394
n0_d1_m0,all_tasks,S26007,rounded_square--demand_aligned,7.8291352490870265,0.6114196835019785,0.6633546133632453
n0_d1_m0,all_tasks,S26007,rounded_square--demand_conflict,-0.2707166604190584,0.5864619262530031,0.5848785625409851
n0_d1_m0,all_tasks,S26007,rounded_square--neutral,0.45918250437840086,0.6157271810511803,0.6185675349494328
n0_d1_m0,all_tasks,S26007,s_curve--demand_aligned,12.488646090204496,0.45297288139868525,0.5176161276919544
n0_d1_m0,all_tasks,S26007,s_curve--demand_conflict,9.062324037901062,0.4024090489556376,0.44251081270578535
n0_d1_m0,all_tasks,S26007,s_curve--neutral,7.946699905726596,0.4186577420160696,0.45479927562326916
n0_d1_m0,all_tasks,S26008,ellipse--demand_aligned,-32.484254556620805,0.2697597944529244,0.20361649416809385
n0_d1_m0,all_tasks,S26008,ellipse--demand_conflict,-29.738365941877586,0.3088583923777206,0.238062496113207
n0_d1_m0,all_tasks,S26008,ellipse--neutral,-36.52638467798671,0.2729462762820449,0.19992199817333497
n0_d1_m0,all_tasks,S26008,figure_eight--demand_aligned,-4.72914599353954,0.6792800980665458,0.6486065475110899
n0_d1_m0,all_tasks,S26008,figure_eight--demand_conflict,-3.912675174312242,0.5993378133148048,0.5767706512313565
n0_d1_m0,all_tasks,S26008,figure_eight--neutral,-5.1034462275151915,0.6728975156995702,0.6402240267583266
n0_d1_m0,all_tasks,S26008,harmonic_loop--demand_aligned,-5.557842884577598,0.5191043293565336,0.49177239243525384
n0_d1_m0,all_tasks,S26008,harmonic_loop--demand_conflict,19.764129934549725,0.562908842823901,0.7015675686756099
n0_d1_m0,all_tasks,S26008,harmonic_loop--neutral,-2.9724968495739117,0.527318538703277,0.5120964867673392
n0_d1_m0,all_tasks,S26008,rounded_square--demand_aligned,1.4385088228113991,0.6637906054464024,0.673478655322975
n0_d1_m0,all_tasks,S26008,rounded_square--demand_conflict,-2.1832193826297477,0.6305231094614868,0.6170515210530451
n0_d1_m0,all_tasks,S26008,rounded_square--neutral,0.783508485052229,0.6393384511414724,0.6443872801581084
n0_d1_m0,all_tasks,S26008,s_curve--demand_aligned,15.155811873364819,0.4337017545855314,0.5111743823138537
n0_d1_m0,all_tasks,S26008,s_curve--demand_conflict,8.222063579762255,0.4137264152220286,0.45079071436912227
n0_d1_m0,all_tasks,S26008,s_curve--neutral,11.344023336901076,0.4147929729030484,0.46786803159283985
n1_d1_m1,demand_conflict,S26001,ellipse--demand_conflict,-25.11934425290424,0.40867127580358825,0.3266251739439581
n1_d1_m1,demand_conflict,S26001,figure_eight--demand_conflict,-4.160615334710759,0.7338042012670745,0.7044929591756546
n1_d1_m1,demand_conflict,S26001,harmonic_loop--demand_conflict,17.190828676987845,0.6998490357507022,0.845134692896291
n1_d1_m1,demand_conflict,S26001,rounded_square--demand_conflict,-1.8143088503839508,0.8066315668271167,0.7922575676592385
n1_d1_m1,demand_conflict,S26001,s_curve--demand_conflict,-3.687513813769338,0.6538268819493152,0.6305743651290916
n1_d1_m1,demand_conflict,S26002,ellipse--demand_conflict,-24.993211869743124,0.36949453551975625,0.29561168162060736
n1_d1_m1,demand_conflict,S26002,figure_eight--demand_conflict,-1.2528997040267034,0.7494420502115158,0.7401684814975342
n1_d1_m1,demand_conflict,S26002,harmonic_loop--demand_conflict,20.05443381408671,0.7458948465802727,0.9330033948920887
n1_d1_m1,demand_conflict,S26002,rounded_square--demand_conflict,5.710886605190967,0.8150723197043446,0.8644394780672711
n1_d1_m1,demand_conflict,S26002,s_curve--demand_conflict,-5.572328945877717,0.7049341986251434,0.6677262931146779
n1_d1_m1,demand_conflict,S26003,ellipse--demand_conflict,-27.854150684787047,0.32001095691715936,0.25029375675578786
n1_d1_m1,demand_conflict,S26003,figure_eight--demand_conflict,-5.275432187881546,0.6090301677409523,0.5785112016011832
n1_d1_m1,demand_conflict,S26003,harmonic_loop--demand_conflict,22.436327069975373,0.5764196976373771,0.7431567844361933
n1_d1_m1,demand_conflict,S26003,rounded_square--demand_conflict,-1.8212844163457969,0.631138507205969,0.6198492887059375
n1_d1_m1,demand_conflict,S26003,s_curve--demand_conflict,12.522961212198892,0.40182078181119935,0.45934428894640894
n1_d1_m1,demand_conflict,S26004,ellipse--demand_conflict,-22.76971013960735,0.3326618656541562,0.27096412077202947
n1_d1_m1,demand_conflict,S26004,figure_eight--demand_conflict,-1.556278848578864,0.7444264743326868,0.7330186599714155
n1_d1_m1,demand_conflict,S26004,harmonic_loop--demand_conflict,9.515887147962744,0.7331238931549751,0.8102238835604263
n1_d1_m1,demand_conflict,S26004,rounded_square--demand_conflict,-0.9582319404520223,0.789234972707414,0.7817440515132306
n1_d1_m1,demand_conflict,S26004,s_curve--demand_conflict,-9.023892952020928,0.6783717508886004,0.6222230123328445
n1_d1_m1,demand_conflict,S26005,ellipse--demand_conflict,-14.571511729302163,0.420247666044177,0.36679944228814504
n1_d1_m1,demand_conflict,S26005,figure_eight--demand_conflict,2.7426967633548394,0.8243146383944471,0.8475606571043162
n1_d1_m1,demand_conflict,S26005,harmonic_loop--demand_conflict,9.262522360407395,0.8067495052314091,0.8891028560831298
n1_d1_m1,demand_conflict,S26005,rounded_square--demand_conflict,0.574378649019813,0.8027180413918642,0.8073553179599522
n1_d1_m1,demand_conflict,S26005,s_curve--demand_conflict,4.997843287072738,0.7861318977747151,0.8274884749724251
n1_d1_m1,demand_conflict,S26006,ellipse--demand_conflict,-41.653988748483506,0.2839290076605157,0.20043841346723484
n1_d1_m1,demand_conflict,S26006,figure_eight--demand_conflict,-8.997133598508693,0.41376108293091934,0.3796073064223961
n1_d1_m1,demand_conflict,S26006,harmonic_loop--demand_conflict,8.463042450173251,0.5659068271222689,0.618227699794617
n1_d1_m1,demand_conflict,S26006,rounded_square--demand_conflict,-2.7782358113415007,0.6597389277327458,0.6419052852237653
n1_d1_m1,demand_conflict,S26006,s_curve--demand_conflict,6.004919742278275,0.3943859810975788,0.41958151428375406
n1_d1_m1,demand_conflict,S26007,ellipse--demand_conflict,-39.89444243475098,0.318130835734261,0.22740777274454083
n1_d1_m1,demand_conflict,S26007,figure_eight--demand_conflict,-2.3030506126855665,0.4489400143918909,0.43883345775440874
n1_d1_m1,demand_conflict,S26007,harmonic_loop--demand_conflict,22.49481195042417,0.5651970544220666,0.7292377047850538
n1_d1_m1,demand_conflict,S26007,rounded_square--demand_conflict,-1.1806282822773473,0.5315963826069274,0.5253934390720136
n1_d1_m1,demand_conflict,S26007,s_curve--demand_conflict,-1.648423476145148,0.41727275557197024,0.41050588027063284
n1_d1_m1,demand_conflict,S26008,ellipse--demand_conflict,-19.333243603294342,0.3271667695070977,0.2741623035025471
n1_d1_m1,demand_conflict,S26008,figure_eight--demand_conflict,-4.207301177848208,0.6829088371801884,0.655336842487345
n1_d1_m1,demand_conflict,S26008,harmonic_loop--demand_conflict,7.598829834006906,0.667095870835446,0.7219560852281943
n1_d1_m1,demand_conflict,S26008,rounded_square--demand_conflict,-4.289954388996152,0.6817235335142071,0.6536809201885481
n1_d1_m1,demand_conflict,S26008,s_curve--demand_conflict,-8.985873051105091,0.5401085463991873,0.4955766571195171
n1_d1_m1,all_tasks,S26001,ellipse--demand_aligned,-29.196512521844134,0.4362272919290211,0.33764633689726353
n1_d1_m1,all_tasks,S26001,ellipse--demand_conflict,-25.11934425290424,0.40867127580358825,0.3266251739439581
n1_d1_m1,all_tasks,S26001,ellipse--neutral,-29.615349698157196,0.4313349365068712,0.3327807528285392
n1_d1_m1,all_tasks,S26001,figure_eight--demand_aligned,-6.284316065964676,0.8026861309532213,0.7552253810007483
n1_d1_m1,all_tasks,S26001,figure_eight--demand_conflict,-4.160615334710759,0.7338042012670745,0.7044929591756546
n1_d1_m1,all_tasks,S26001,figure_eight--neutral,-5.951043769019857,0.7938758131144424,0.7492855047706214
n1_d1_m1,all_tasks,S26001,harmonic_loop--demand_aligned,-1.5836302600411531,0.6869818660225664,0.6762722145920365
n1_d1_m1,all_tasks,S26001,harmonic_loop--demand_conflict,17.190828676987845,0.6998490357507022,0.845134692896291
n1_d1_m1,all_tasks,S26001,harmonic_loop--neutral,0.7026072533903224,0.6857008930767043,0.6905527669054697
n1_d1_m1,all_tasks,S26001,rounded_square--demand_aligned,-7.948349488940431,0.7806216555477481,0.723143669396932
n1_d1_m1,all_tasks,S26001,rounded_square--demand_conflict,-1.8143088503839508,0.8066315668271167,0.7922575676592385
n1_d1_m1,all_tasks,S26001,rounded_square--neutral,1.627980233268384,0.7914896905779362,0.8045882278871432
n1_d1_m1,all_tasks,S26001,s_curve--demand_aligned,0.6636273119314435,0.6527864477678427,0.6571474577773161
n1_d1_m1,all_tasks,S26001,s_curve--demand_conflict,-3.687513813769338,0.6538268819493152,0.6305743651290916
n1_d1_m1,all_tasks,S26001,s_curve--neutral,-4.35606283029111,0.6530134471500657,0.6257551592493747
n1_d1_m1,all_tasks,S26002,ellipse--demand_aligned,-32.24378943311904,0.3745513125379429,0.28322790366451833
n1_d1_m1,all_tasks,S26002,ellipse--demand_conflict,-24.993211869743124,0.36949453551975625,0.29561168162060736
n1_d1_m1,all_tasks,S26002,ellipse--neutral,-34.99040251985167,0.36516055983038836,0.27050853469133695
n1_d1_m1,all_tasks,S26002,figure_eight--demand_aligned,-2.094338497145023,0.832629191241478,0.815548837964959
n1_d1_m1,all_tasks,S26002,figure_eight--demand_conflict,-1.2528997040267034,0.7494420502115158,0.7401684814975342
n1_d1_m1,all_tasks,S26002,figure_eight--neutral,-1.7649841708970966,0.8225615444497605,0.8082952610383227
n1_d1_m1,all_tasks,S26002,harmonic_loop--demand_aligned,1.0708111041927113,0.7339425725332341,0.7418867785383605
n1_d1_m1,all_tasks,S26002,harmonic_loop--demand_conflict,20.05443381408671,0.7458948465802727,0.9330033948920887
n1_d1_m1,all_tasks,S26002,harmonic_loop--neutral,3.232189418727797,0.7350071355723339,0.7595574718051772
n1_d1_m1,all_tasks,S26002,rounded_square--demand_aligned,6.65870241561403,0.7612483448461084,0.8155536344005669
n1_d1_m1,all_tasks,S26002,rounded_square--demand_conflict,5.710886605190967,0.8150723197043446,0.8644394780672711
n1_d1_m1,all_tasks,S26002,rounded_square--neutral,7.180213043593505,0.8185272847861318,0.8818456835831343
n1_d1_m1,all_tasks,S26002,s_curve--demand_aligned,-3.0102539907881507,0.7059633884580606,0.6853331208378464
n1_d1_m1,all_tasks,S26002,s_curve--demand_conflict,-5.572328945877717,0.7049341986251434,0.6677262931146779
n1_d1_m1,all_tasks,S26002,s_curve--neutral,-7.042660714392373,0.707055899129787,0.6605365509517086
n1_d1_m1,all_tasks,S26003,ellipse--demand_aligned,-27.204933957040943,0.26799424658480997,0.21067912874772274
n1_d1_m1,all_tasks,S26003,ellipse--demand_conflict,-27.854150684787047,0.32001095691715936,0.25029375675578786
n1_d1_m1,all_tasks,S26003,ellipse--neutral,-26.07674003824552,0.27133525249184787,0.21521436262512658
n1_d1_m1,all_tasks,S26003,figure_eight--demand_aligned,-6.774281090082965,0.6953865612571024,0.6512678466740703
n1_d1_m1,all_tasks,S26003,figure_eight--demand_conflict,-5.275432187881546,0.6090301677409523,0.5785112016011832
n1_d1_m1,all_tasks,S26003,figure_eight--neutral,-7.001826230936129,0.6876984373828292,0.6426978506877141
n1_d1_m1,all_tasks,S26003,harmonic_loop--demand_aligned,-4.331499538122834,0.5280440819174849,0.506121434327259
n1_d1_m1,all_tasks,S26003,harmonic_loop--demand_conflict,22.436327069975373,0.5764196976373771,0.7431567844361933
n1_d1_m1,all_tasks,S26003,harmonic_loop--neutral,-1.6944723525077792,0.5377337453896496,0.5287738192157394
n1_d1_m1,all_tasks,S26003,rounded_square--demand_aligned,2.866633858916449,0.6664273893647608,0.6860952274595253
n1_d1_m1,all_tasks,S26003,rounded_square--demand_conflict,-1.8212844163457969,0.631138507205969,0.6198492887059375
n1_d1_m1,all_tasks,S26003,rounded_square--neutral,0.8159245216315857,0.6449097392887633,0.6502150029410871
n1_d1_m1,all_tasks,S26003,s_curve--demand_aligned,17.88176890454564,0.4309129701046769,0.5247470194575709
n1_d1_m1,all_tasks,S26003,s_curve--demand_conflict,12.522961212198892,0.40182078181119935,0.45934428894640894
n1_d1_m1,all_tasks,S26003,s_curve--neutral,12.482251631562159,0.4148084853384072,0.47397070088243104
n1_d1_m1,all_tasks,S26004,ellipse--demand_aligned,-31.193599917769955,0.3155927101954128,0.24055495877331
n1_d1_m1,all_tasks,S26004,ellipse--demand_conflict,-22.76971013960735,0.3326618656541562,0.27096412077202947
n1_d1_m1,all_tasks,S26004,ellipse--neutral,-35.526515502382935,0.3140646009058643,0.2317366455867761
n1_d1_m1,all_tasks,S26004,figure_eight--demand_aligned,-2.7732774662450774,0.8212674166607972,0.7991059903003821
n1_d1_m1,all_tasks,S26004,figure_eight--demand_conflict,-1.556278848578864,0.7444264743326868,0.7330186599714155
n1_d1_m1,all_tasks,S26004,figure_eight--neutral,-2.4440867717236294,0.8125596932433823,0.7931738364304137
n1_d1_m1,all_tasks,S26004,harmonic_loop--demand_aligned,-1.9675656681261395,0.7244163625175513,0.7104380277894535
n1_d1_m1,all_tasks,S26004,harmonic_loop--demand_conflict,9.515887147962744,0.7331238931549751,0.8102238835604263
n1_d1_m1,all_tasks,S26004,harmonic_loop--neutral,-0.3572782509803477,0.7246372846572586,0.7220575301424936
n1_d1_m1,all_tasks,S26004,rounded_square--demand_aligned,2.200226045604607,0.7409309196294046,0.7575998283747619
n1_d1_m1,all_tasks,S26004,rounded_square--demand_conflict,-0.9582319404520223,0.789234972707414,0.7817440515132306
n1_d1_m1,all_tasks,S26004,rounded_square--neutral,1.8984652762801106,0.7903002642415123,0.8055941902103865
n1_d1_m1,all_tasks,S26004,s_curve--demand_aligned,-5.4281953288541,0.6770726840028461,0.6422121538653917
n1_d1_m1,all_tasks,S26004,s_curve--demand_conflict,-9.023892952020928,0.6783717508886004,0.6222230123328445
n1_d1_m1,all_tasks,S26004,s_curve--neutral,-9.078418207145937,0.6793402209626135,0.6227998463202032
n1_d1_m1,all_tasks,S26005,ellipse--demand_aligned,-17.029131374708886,0.41368931021207633,0.35349259227389135
n1_d1_m1,all_tasks,S26005,ellipse--demand_conflict,-14.571511729302163,0.420247666044177,0.36679944228814504
n1_d1_m1,all_tasks,S26005,ellipse--neutral,-16.495593262287926,0.41716238412925494,0.35809284492849497
n1_d1_m1,all_tasks,S26005,figure_eight--demand_aligned,1.9468638397817766,0.910636800182734,0.9287176686472924
n1_d1_m1,all_tasks,S26005,figure_eight--demand_conflict,2.7426967633548394,0.8243146383944471,0.8475606571043162
n1_d1_m1,all_tasks,S26005,figure_eight--neutral,2.045124838958641,0.9026781309301326,0.9215244564868232
n1_d1_m1,all_tasks,S26005,harmonic_loop--demand_aligned,7.8206169490171655,0.8019919912519463,0.8700340192213896
n1_d1_m1,all_tasks,S26005,harmonic_loop--demand_conflict,9.262522360407395,0.8067495052314091,0.8891028560831298
n1_d1_m1,all_tasks,S26005,harmonic_loop--neutral,7.761722023586981,0.8064524307246365,0.8743142743090464
n1_d1_m1,all_tasks,S26005,rounded_square--demand_aligned,5.562596209986088,0.8072353375214462,0.8547834916304694
n1_d1_m1,all_tasks,S26005,rounded_square--demand_conflict,0.574378649019813,0.8027180413918642,0.8073553179599522
n1_d1_m1,all_tasks,S26005,rounded_square--neutral,-1.9233525939666585,0.8063812249466862,0.7911643449946915
n1_d1_m1,all_tasks,S26005,s_curve--demand_aligned,7.319460366350368,0.7842103976650525,0.8461435386165235
n1_d1_m1,all_tasks,S26005,s_curve--demand_conflict,4.997843287072738,0.7861318977747151,0.8274884749724251
n1_d1_m1,all_tasks,S26005,s_curve--neutral,6.3733734240056075,0.7825814721617153,0.835853539512623
n1_d1_m1,all_tasks,S26006,ellipse--demand_aligned,-73.62137990774333,0.2761738735150451,0.15906674262224776
n1_d1_m1,all_tasks,S26006,ellipse--demand_conflict,-41.653988748483506,0.2839290076605157,0.20043841346723484
n1_d1_m1,all_tasks,S26006,ellipse--neutral,-64.9333348279571,0.2785011916313216,0.1688568244386908
n1_d1_m1,all_tasks,S26006,figure_eight--demand_aligned,-20.660487686692694,0.45428722367776847,0.37650040405718543
n1_d1_m1,all_tasks,S26006,figure_eight--demand_conflict,-8.997133598508693,0.41376108293091934,0.3796073064223961
n1_d1_m1,all_tasks,S26006,figure_eight--neutral,-19.104517409161573,0.44655963141626615,0.374930893579958
n1_d1_m1,all_tasks,S26006,harmonic_loop--demand_aligned,-5.34409892938757,0.3881033558681851,0.3684148991851284
n1_d1_m1,all_tasks,S26006,harmonic_loop--demand_conflict,8.463042450173251,0.5659068271222689,0.618227699794617
n1_d1_m1,all_tasks,S26006,harmonic_loop--neutral,-7.078514250703697,0.4432148166795104,0.4139157325640589
n1_d1_m1,all_tasks,S26006,rounded_square--demand_aligned,-1.718042055279565,0.5233242052783487,0.5144851343028639
n1_d1_m1,all_tasks,S26006,rounded_square--demand_conflict,-2.7782358113415007,0.6597389277327458,0.6419052852237653
n1_d1_m1,all_tasks,S26006,rounded_square--neutral,1.2454851146493178,0.5850651580014181,0.592443959327481
n1_d1_m1,all_tasks,S26006,s_curve--demand_aligned,16.645757103208073,0.4137015682642572,0.49631734856796283
n1_d1_m1,all_tasks,S26006,s_curve--demand_conflict,6.004919742278275,0.3943859810975788,0.41958151428375406
n1_d1_m1,all_tasks,S26006,s_curve--neutral,7.309734526778285,0.39997462532916994,0.4315174018405664
n1_d1_m1,all_tasks,S26007,ellipse--demand_aligned,-35.16663433678763,0.2640516112500759,0.19535265677486083
n1_d1_m1,all_tasks,S26007,ellipse--demand_conflict,-39.89444243475098,0.318130835734261,0.22740777274454083
n1_d1_m1,all_tasks,S26007,ellipse--neutral,-33.58841646625836,0.26360192597195997,0.1973239394139688
n1_d1_m1,all_tasks,S26007,figure_eight--demand_aligned,-16.92593884704438,0.5128736912029195,0.4386312363707685
n1_d1_m1,all_tasks,S26007,figure_eight--demand_conflict,-2.3030506126855665,0.4489400143918909,0.43883345775440874
n1_d1_m1,all_tasks,S26007,figure_eight--neutral,-12.933126444583422,0.5030252586461431,0.44541869554366664
n1_d1_m1,all_tasks,S26007,harmonic_loop--demand_aligned,5.0843867754253065,0.3845070081277816,0.4051040656693861
n1_d1_m1,all_tasks,S26007,harmonic_loop--demand_conflict,22.49481195042417,0.5651970544220666,0.7292377047850538
n1_d1_m1,all_tasks,S26007,harmonic_loop--neutral,1.5565486390107774,0.4543330407131679,0.46151677377415595
n1_d1_m1,all_tasks,S26007,rounded_square--demand_aligned,10.654178525509645,0.5662591692377122,0.6337836060966636
n1_d1_m1,all_tasks,S26007,rounded_square--demand_conflict,-1.1806282822773473,0.5315963826069274,0.5253934390720136
n1_d1_m1,all_tasks,S26007,rounded_square--neutral,1.8431968754778032,0.5699409666087584,0.5806433670071024
n1_d1_m1,all_tasks,S26007,s_curve--demand_aligned,10.699218297061229,0.45400627606499805,0.5084012339055004
n1_d1_m1,all_tasks,S26007,s_curve--demand_conflict,-1.648423476145148,0.41727275557197024,0.41050588027063284
n1_d1_m1,all_tasks,S26007,s_curve--neutral,6.070743864987195,0.41451582914111684,0.441306411013515
n1_d1_m1,all_tasks,S26008,ellipse--demand_aligned,-22.60455848797046,0.26871175727444,0.21916946693365003
n1_d1_m1,all_tasks,S26008,ellipse--demand_conflict,-19.333243603294342,0.3271667695070977,0.2741623035025471
n1_d1_m1,all_tasks,S26008,ellipse--neutral,-23.364596714737793,0.2803825779164698,0.22727961293855858
n1_d1_m1,all_tasks,S26008,figure_eight--demand_aligned,-4.234235995340842,0.7824827879649567,0.7506965254678251
n1_d1_m1,all_tasks,S26008,figure_eight--demand_conflict,-4.207301177848208,0.6829088371801884,0.655336842487345
n1_d1_m1,all_tasks,S26008,figure_eight--neutral,-4.183994290496913,0.7730441521060298,0.7419989580650419
n1_d1_m1,all_tasks,S26008,harmonic_loop--demand_aligned,-0.7217606901674793,0.6496145738832833,0.6449595096749525
n1_d1_m1,all_tasks,S26008,harmonic_loop--demand_conflict,7.598829834006906,0.667095870835446,0.7219560852281943
n1_d1_m1,all_tasks,S26008,harmonic_loop--neutral,0.9716702781175367,0.6529298882554285,0.6593364647158635
n1_d1_m1,all_tasks,S26008,rounded_square--demand_aligned,2.2922789259876053,0.6965656675981975,0.7129074958882293
n1_d1_m1,all_tasks,S26008,rounded_square--demand_conflict,-4.289954388996152,0.6817235335142071,0.6536809201885481
n1_d1_m1,all_tasks,S26008,rounded_square--neutral,-1.9703463128716672,0.690566706785603,0.6772230670539883
n1_d1_m1,all_tasks,S26008,s_curve--demand_aligned,-1.6583160608714649,0.5534925439229379,0.5444636163277728
n1_d1_m1,all_tasks,S26008,s_curve--demand_conflict,-8.985873051105091,0.5401085463991873,0.4955766571195171
n1_d1_m1,all_tasks,S26008,s_curve--neutral,-8.169174042784743,0.5468424421154646,0.5055436975964789
