sample,time_s,zone_index,zone_tolerance_mm,reference_x_mm,reference_y_mm,initial_x_mm,initial_y_mm,no_alignment_x_mm,no_alignment_y_mm,v11_x_mm,v11_y_mm,initial_contour_error_mm,no_alignment_contour_error_mm,v11_contour_error_mm
0,0.0,-1,nan,-30.0,0.0,-29.991219317945568,-0.017211306024399325,-29.991219317945568,-0.017211306024399325,-29.991219317945568,-0.017211306024399325,-0.015574554978542841,-0.015574554978542841,-0.015574554978542841
1,0.0375,-1,nan,-29.992998046875,0.013931607536509318,-29.98455123476278,-0.012307226109685515,-29.98455123476278,-0.012307226109685515,-29.98455123476278,-0.012307226109685515,-0.01933021973983501,-0.01933021973983501,-0.01933021973983501
2,0.075,-1,nan,-29.972109375,0.055492911106619275,-29.978263551451647,-0.007232530059882223,-29.978263551451647,-0.007232530059882223,-29.978263551451647,-0.007232530059882223,-0.022669677285703356,-0.022669677285703356,-0.022669677285703356
3,0.11249999999999999,-1,nan,-29.937509765625,0.12433102862495067,-29.97251109164291,-0.002057568823209205,-29.97251109164291,-0.002057568823209205,-29.97251109164291,-0.002057568823209205,-0.02548865579969057,-0.02548865579969057,-0.02548865579969057
4,0.15,-1,nan,-29.889375,0.22008425700885453,-29.96743549998838,0.003145916667196362,-29.96743549998838,0.003145916667196362,-29.96743549998838,0.003145916667196362,-0.027702518725212677,-0.027702518725212677,-0.027702518725212677
5,0.1875,-1,nan,-29.827880859375,0.34237241227601845,-29.96316175439952,0.008305790044012159,-29.96316175439952,0.008305790044012159,-29.96316175439952,0.008305790044012159,-0.029257346889803942,-0.029257346889803942,-0.029257346889803942
6,0.22499999999999998,0,0.14,-29.753203125,0.49078391370394053,-29.959795088676465,0.013350519538401131,-29.959795088676465,0.013350519538401131,-29.959795088676465,0.013350519538401131,-0.030143778924691472,-0.030143778924691472,-0.030143778924691472
7,0.2625,0,0.14,-29.665517578125,0.6648599812185398,-29.95741840130265,0.018210169631081047,-29.95741840130265,0.018210169631081047,-29.95741840130265,0.018210169631081047,-0.030413343877348398,-0.030413343877348398,-0.030413343877348398
8,0.3,0,0.14,-29.565,0.8640763314214499,-29.95362046972734,0.022902212599604038,-29.941922189455898,0.023304078378203964,-29.94305048175809,0.02326531865848563,-0.03236333553606341,-0.042624020888676284,-0.04163438377707296
9,0.33749999999999997,0,0.14,-29.451826171875,1.0878227857500447,-29.944246190255136,0.027390201643271498,-29.915209197678013,0.02783616891521941,-29.91789199129024,0.02779720260759745,-0.03994438385697496,-0.06564575572836018,-0.06327013648658353
10,0.375,0,0.14,-29.326171875,1.3353812445375475,-29.926536320999745,0.031522758866399846,-29.879430118901173,0.031821967633216854,-29.883550466812608,0.031802086706693794,-0.05600101225606713,-0.09785233985143493,-0.09418878033414013
11,0.4125,0,0.14,-29.188212890625,1.6059025327671026,-29.898644044342788,0.04059244615325201,-29.835707945625025,0.041457050527054465,-29.840769889529042,0.043239584604197155,-0.08019302473035894,-0.13583324049297574,-0.13051482433759076
12,0.44999999999999996,0,0.14,-29.038125,1.8983826858742896,-29.859532702752716,0.06320946417097055,-29.784357400412393,0.07589081754335937,-29.78971390280094,0.08315080141750673,-0.11001423714728376,-0.1710403224824586,-0.16295417904382836
13,0.4875,0,0.14,-28.876083984375,2.2116393150343505,-29.808832199995813,0.1045618646895385,-29.72614524791995,0.145748840958337,-29.7311364395235,0.16294843491832384,-0.14396335548197814,-0.1983421317678139,-0.18598212271242553
14,0.525,0,0.14,-28.702265625,2.544288768155412,-29.746314126430562,0.16767132342282198,-29.661367854414074,0.2562852859195226,-29.665347512908994,0.2880111499166884,-0.1814483269989352,-0.21541804718048796,-0.1971359188305256
15,0.5625,0,0.14,-28.516845703125,2.894724881660644,-29.671815473416185,0.25424521451831106,-29.589979921334724,0.4095031451592448,-29.59233221093052,0.4600401224683418,-0.22247107818392675,-0.22167845631301675,-0.19583618627773802
16,0.6,0,0.14,-28.32,3.2611001946600426,-29.585219369279432,0.3651833908996988,-29.511751120570292,0.6053096984452845,-29.511905254323267,0.6783205268943134,-0.2674164499863545,-0.21759856390992938,-0.18267623082904239
17,0.6375,-1,nan,-28.111904296875,3.641310566112879,-29.486443705959246,0.5008637630844663,-29.426354449504743,0.8422132230111972,-29.423793569323976,0.9405398056958378,-0.31693383451654533,-0.204324677356166,-0.15898135945321568
18,0.6749999999999999,-1,nan,-27.892734375,4.032984191218378,-29.375432170453802,0.661305376955111,-29.33341101139905,1.1178368893417678,-29.327678072725003,1.243409111093383,-0.37187196175558035,-0.18340435160484958,-0.12649654541331912
19,0.7125,1,0.22,-27.662666015625,4.43347604914991,-29.252147742750715,0.8462665594655507,-29.232516788012664,1.4292733822579686,-29.223220051135787,1.5830722708802636,-0.43324017206086984,-0.15660660685016148,-0.08718762825751947
20,0.75,1,0.22,-27.421875,4.839868823603384,-29.116568838323957,1.0553046779358066,-29.12325996306978,1.7732910623001932,-29.110077803204256,1.9553311171844419,-0.50218270655497,-0.12582118162944633,-0.04314054956803237
21,0.7875,1,0.22,-27.170537109375,5.248981313568999,-28.968687727837555,1.287808892266988,-29.00523152126267,2.1464358751686015,-28.98791598812002,2.355753817394006,-0.579958966127859,-0.0930161014719828,0.003471085317895639
22,0.825,1,0.22,-26.908828125,5.6573852875314685,-28.808510595275205,1.5430125983331953,-28.878031592923442,2.545072642294674,-28.856410762178783,2.7797193183894673,-0.6679234514640948,-0.06023298045998504,0.05037437515833432
23,0.8624999999999999,1,0.22,-26.636923828125,6.061431623760144,-28.636058635762527,1.8199913169870932,-28.741273604868784,2.9653943331532546,-28.71525303874438,3.2224289048205867,-0.767496683877122,-0.029606199761340157,0.0951549260576876
24,0.8999999999999999,1,0.22,-26.355,6.457286417211086,-28.451369746692677,2.1176511773106816,-28.594587444715557,3.4034152875827095,-28.564151064287135,3.678901207364436,-0.8801139135752707,-0.0033977524225854427,0.13519015819194746
25,0.9375,1,0.22,-26.063232421875,6.840977515970936,-28.254500495988083,2.434712201160312,-28.437621625815854,3.8549569394136296,-28.402832128107534,4.143959260338755,-1.0071315349731103,0.015957999172638626,0.16756089460834356
26,0.975,1,0.22,-25.761796875,7.208451675149013,-28.045528130809977,2.769689580133225,-28.269959244489623,4.315633643486962,-28.230945323623768,4.612217709724674,-1.1496611651522224,0.025745042130468132,0.18887415860001777
27,1.0125,1,0.22,-25.450869140625002,7.555642184057431,-27.824552436796665,3.1208753062570285,-28.090961536043963,4.780836999346581,-28.047881150979087,5.078067993021788,-1.3082887443775666,0.022834065110690638,0.1950414472714832
28,1.05,1,0.22,-25.130625,7.878546436623289,-27.591697292148854,3.4863219488016535,-27.89981846311739,5.2457147446799235,-27.8528292861379,5.535657977071823,-1.4826251063950986,0.003779458072349806,0.18129992214478485
29,1.0875,1,0.22,-24.801240234375,8.173312481696314,-27.34711179261221,3.8638300221892217,-27.695606389529658,5.705627927258266,-27.644838138718523,5.979614772047592,-1.6706387960797568,-0.034598633893083486,0.1429201186386171
30,1.125,-1,nan,-24.462890625,8.436333119233705,-27.090970855077295,4.2509401910645535,-27.477330529125847,6.156965738225518,-27.422860316397156,6.406324288009714,-1.8677719455496855,-0.09403134879969577,0.07678566679880916
31,1.1624999999999999,-1,nan,-24.115751953125002,8.664345613961336,-26.82347523849093,4.644931441340648,-27.244003146377597,6.596801225674551,-27.185862374744133,6.813392318019079,-2.065984603670224,-0.17408724138734288,-0.017816969381933
32,1.2,-1,nan,-23.76,8.854534597449428,-26.54485094993277,5.042826260647043,-26.994658455236745,7.0225189667996215,-26.932840912315722,7.19905809868295,-2.253146044301696,-0.2714113745829385,-0.1383131262872459
33,1.2375,-1,nan,-23.395810546874998,9.004635243544083,-26.255348030324438,5.441403784190948,-26.72834959217101,7.431593788673921,-26.66281403876147,7.561840174098691,-2.4135023511622276,-0.37906427067729753,-0.277916074252172
34,1.275,-1,nan,-23.023359375000002,9.113033354790478,-25.955238738014252,5.837221750510457,-26.444145569725535,7.821474198744729,-26.374815035485373,7.900341405867667,-2.529938985157189,-0.4865432292227727,-0.42534995487787985
35,1.3125,-1,nan,-22.642822265625,9.178858615283772,-25.64481516938372,6.226647962086534,-26.141129391692683,8.189532812654798,-26.067889285603805,8.213153632621315,-2.5879376896543977,-0.5810431793556954,-0.5659893529931252
36,1.3499999999999999,-1,nan,-22.254375000000003,9.202066976134997,-25.324386373702783,6.605901750371091,-25.818396381026407,8.533060607340852,-25.741092493811152,8.498825408112236,-2.579650123279075,-0.6498675197971878,-0.6845171399321729
37,1.3875,-1,nan,-21.858193359375,9.183507971498857,-24.994275034748696,6.971105700611312,-25.47505211385775,8.849291303971485,-25.3934889256476,8.755871253768637,-2.5057581806015143,-0.6829713258096333,-0.7680519768065471
38,1.425,-1,nan,-21.454453125,9.12497274270138,-24.65481380415569,7.318347601456373,-25.110209770495047,9.135447790394306,-25.024149153499813,8.98280980396788,-2.374032018503337,-0.6743715658255506,-0.8081910790319461
39,1.4625,-1,nan,-21.043330078125003,9.029218699383176,-24.306341380934935,7.643752257614355,-24.722986942470047,9.38880574744301,-24.632147218320554,9.178223411329812,-2.1957464447672708,-0.6219768472101457,-0.8012096184875119
40,1.5,-1,nan,-20.625,8.899967089073836,-23.94919843781665,7.943562462207064,-24.312502027690087,9.6067716132467,-24.21655730848596,9.34083466275522,-1.982113760270952,-0.526414310696711,-0.746903522603988
41,1.5374999999999999,-1,nan,-20.199638671875,8.74187029316556,-23.583723497555027,8.214228109227545,-23.877870367772765,9.786973386392852,-23.776450140866014,9.469596346486533,-1.7420988130379247,-0.38974226583624416,-0.6470851246255865
42,1.575,-1,nan,-19.767421875,8.560446422671665,-23.210248860496637,8.452502203131294,-23.41820028154333,9.927363676860697,-23.310889294611933,9.56379000073756,-1.481728436267272,-0.21459964830299683,-0.5044516072550479
43,1.6125,-1,nan,-19.328525390625,8.361979746606039,-22.82909667853938,8.655542475757894,-22.932609771260704,10.026332575100957,-22.8189513883868,9.623121555704765,-1.2043695802965892,-0.003930612311907389,-0.322072812807791
44,1.65,-1,nan,-18.883125000000003,8.153386633613406,-22.44057526460432,8.821017422090229,-22.420841875193105,10.082800081196426,-22.300431201412813,9.647772570041049,-0.9114490874584116,0.23852188063803226,-0.10376294755612481
45,1.6875,-1,nan,-18.431396484375,7.94204799629447,-22.04497574439883,8.947215091119213,-21.883817996091643,10.096298462277579,-21.756474599829332,9.638447976560837,-0.6033285928072929,0.5073747187769131,0.1451689034766035
46,1.7249999999999999,-1,nan,-17.973515625000005,7.735610658326819,-21.64256927405716,9.033148797342704,-21.323311130770836,10.066983433078853,-21.189201910574987,9.596428949846414,-0.28026882923011054,0.7949014312434746,0.41742399991522783
47,1.7625,-1,nan,-17.509658203125,7.541761566378324,-21.233605366021308,9.078639120979409,-20.74160624716122,9.995592723936166,-20.601329976835636,9.5232859087723,0.05645415083574723,1.09018120092197,0.7028031333393059
48,1.7999999999999998,-1,nan,-17.04,7.367980281069304,-20.81831199642676,9.084328766099478,-20.141271346612168,9.88356334981117,-19.995910022713964,9.420739801311777,0.4031967929394884,1.3783459851470572,0.9873347154407465
49,1.8375,-1,nan,-16.564716796875004,7.221276634622939,-20.396896283652904,9.051612646139388,-19.525020835266638,9.733280404676849,-19.376157100160583,9.291020811476104,0.7524392616874169,1.6402985587530452,1.2531080489822424
50,1.875,-1,nan,-16.083984375,7.107921762401611,-19.969541313913286,8.98259207448305,-18.895643480041432,9.548245315336324,-18.74537024953764,9.137097650695871,1.0916336150136658,1.8534338881887793,1.4789037963822438
51,1.9124999999999999,-1,nan,-15.597978515624998,7.0331818239371895,-19.536399673872225,8.880179487194901,-18.255966075276376,9.33305719925288,-18.106890178577334,8.962773222754054,1.4033345661954109,1.9940825699472462,1.6424085865330773
52,1.95,-1,nan,-15.106874999999999,7.00106455053492,-19.097593003994074,8.748251130322636,-17.60883071307461,9.093302233259097,-17.46407445296634,8.772694387309175,1.6673664804282593,2.0419972793841015,1.7243357798768728
53,1.9874999999999998,-1,nan,-14.610849609375,7.0140892211067865,-18.65321909464079,8.591672104398137,-16.957079364995074,8.835432571444205,-16.82028274996494,8.572309769826584,1.8648717332678042,1.985732373157956,1.713433141292211
54,2.025,-1,nan,-14.110078125000005,7.0730907159331,-18.203358594969796,8.416181848806518,-16.30354510269379,8.566648695471493,-16.178868744225767,8.367790676847905,1.982718967185129,1.8262811207578324,1.609988944525113
55,2.0625,-1,nan,-13.604736328125,7.1770678846536455,-17.748077856643977,8.228215836390051,-15.65104865904037,8.294771977097147,-15.543176513530907,8.165918930378472,2.0159949647518127,1.5766836761914806,1.4256844778038722
56,2.1,-1,nan,-13.094999999999995,7.323085563827446,-17.287430050716434,8.034711014772139,-15.002398438059684,8.028095119244743,-14.916539934072915,7.973941886009708,1.967320042960968,1.2578001992844192,1.1798520202084577
57,2.1374999999999997,-1,nan,-12.581044921874998,7.506238186936652,-16.821456830740157,7.842903590001875,-14.360392451844513,7.775205050060672,-14.302283973370704,7.799395028389686,1.8437708450155548,0.892774113909619,0.8943717952091567
58,2.175,-1,nan,-12.063046874999998,7.719681066464794,-16.350191121698398,7.66011417763592,-13.72782125874839,7.544778060932859,-13.703727158772342,7.649893341567848,1.6532963478399338,0.5027961916243797,0.5896111502496957
59,2.2125,2,0.46,-11.541181640625002,7.954733140314161,-15.873660702615641,7.49351646454803,-13.107471414521248,7.345349598645456,-13.124184779065407,7.532892698014726,1.4020543219015953,0.10520925533033065,0.28241366339945095
60,2.25,2,0.46,-11.015625,8.201052335838632,-15.391892136737331,7.34988965931825,-12.502129213397012,7.185061173195461,-12.566972524825355,7.455422444817042,1.0930883446941069,-0.2864067109141315,-0.014166527235081494
61,2.2875,2,0.46,-10.486552734374996,8.446881810867517,-14.904914744268616,7.235358179691604,-11.914526799397008,7.071385721578035,-12.035313430009948,7.423802988967802,0.7261962802844599,-0.6609769140401285,-0.2901724988091523
62,2.3249999999999997,2,0.46,-9.954140625000008,8.679362300021921,-14.412764394309159,7.155125267532848,-11.346688449125466,7.010843788574518,-11.53124123907217,7.4434391939949585,0.2989066937299243,-1.0082462329533861,-0.537953980919159
63,2.3625,2,0.46,-9.418564453125,8.884902760452606,-13.915486718006147,7.113217035529442,-10.79968890143164,7.008682354541688,-11.055188782915982,7.518746350413991,-0.1910302042142884,-1.3163710669309385,-0.7506043805243258
64,2.4,2,0.46,-8.880000000000003,9.049598618232316,-13.413138823922687,7.112281050491168,-10.27395972480099,7.068666159456365,-10.606504658240649,7.653118232251854,-0.7406313572095744,-1.5688265172477094,-0.9197290739753662
65,2.4375,2,0.46,-8.338623046875,9.159684312570718,-12.905789040320746,7.153505311230711,-9.769576541674201,7.19220676352081,-10.183940476216616,7.847534693682439,-1.3332771584349512,-1.7429207384961871,-1.035127824398218
66,2.475,2,0.46,-7.794609374999993,9.202004662673776,-12.393518834220457,7.2366159921662465,-9.286406416673625,7.377924040602945,-9.785902401698806,8.099613612023981,-1.9290602011478262,-1.812259474763162,-1.0866532808697305
67,2.5124999999999997,2,0.46,-7.248134765625,9.164487971526015,-11.87643240456765,7.359735684253775,-8.824200371295237,7.6213438501922,-9.410564081867069,8.403906496016367,-2.4632534933703396,-1.7573658918849973,-1.0691372088662265
68,2.55,2,0.46,-6.699375000000007,9.036602841461644,-11.35466429537043,7.519095307383507,-8.382638465121891,7.915018441718372,-9.055962156400224,8.752402981023968,-2.8651695820912204,-1.5815720764714227,-0.9894742616910515
69,2.5875,2,0.46,-6.148505859375,8.809780489434981,-10.828374287548275,7.7088912967702585,-7.961354842097374,8.249059401924923,-8.720067925861889,9.134915510600035,-3.091692794045964,-1.3174963011448622,-0.86859003260243
70,2.625,-1,nan,-5.595703125,8.477784962662598,-10.2977393397602,7.921387922511067,-7.559969581573113,8.61156850155434,-8.400831614133326,9.539338620049847,-3.1454647175583363,-1.0135918643942459,-0.7333903134821548
71,2.6625,-1,nan,-5.041142578124997,8.037015076567005,-9.762951731597935,8.14714938570273,-7.1781106918240365,8.988936767524466,-8.096204991368834,9.951873341284491,-3.0618390222304877,-0.7126801753123415,-0.6055571763798908
72,2.6999999999999997,-1,nan,-4.484999999999999,7.486724094584727,-9.224220909603407,8.375314921126035,-6.81542335018099,9.366112927681344,-7.804151444569463,10.35727413170146,-2.883756262014748,-0.4407717797999071,-0.49648182813813735
73,2.7375,-1,nan,-3.927451171874999,6.829146070237731,-8.681774762188372,8.593903037703445,-6.4715718735838585,9.726898801117763,-7.522649758814166,10.73914099890524,-2.6460208778084437,-0.20833778325898655,-0.4087375139042351
74,2.775,-1,nan,-3.368671875000004,6.069521263909735,-8.135859091658427,8.790154668951379,-6.14623866951255,10.054289846731395,-7.249694817948855,11.080261415449332,-2.3715990909763627,-0.016177834328019003,-0.3396357970487287
75,2.8125,3,0.28,-2.808837890625,5.216016983769834,-7.586735693473454,8.950922881222324,-5.839122073260877,10.330861532892559,-6.98329666848476,11.36299869566018,-2.0736915826713407,0.1395818896400849,-0.28404458830960877
76,2.85,3,0.28,-2.2481249999999946,4.279544408488874,-7.034679450220302,9.063116051449597,-5.549933627402123,10.539198530024587,-6.721478454239391,11.569723868933657,-1.758854210871243,0.2645741904339487,-0.2359634686195209
77,2.8874999999999997,3,0.28,-1.6867089843750023,3.2734762360998357,-6.479974323633462,9.114212684326942,-5.278394322682306,10.662381657586213,-6.462272647033846,11.683313428565222,-1.4294276632135512,0.3648409867958775,-0.18920973218150472
78,2.925,3,0.28,-1.124765625000002,2.2132741668550895,-5.922909574817721,9.092835883093441,-5.024226751563766,10.684643294576984,-6.203711465197811,11.687868108783627,-1.085059562875304,0.44641526102342866,-0.1375426211040791
79,2.9625,3,0.28,-0.5624707031250047,1.1160390682385475,-5.363790516716498,8.988959230589186,-4.786950842030395,10.592315619451302,-5.94383321832303,11.569707178967102,-0.7237252867275985,0.5156166904751545,-0.07447443046846391
80,3.0,3,0.28,0.0,2.326828918379971e-15,-4.802963113054211,8.79322748226257,-4.564927945392483,10.372642173980287,-5.680878673942428,11.315266516919463,-0.342687603883717,0.5792597003962907,0.005461676107405999
81,3.0375,3,0.28,0.5624707031250011,-1.1160390682385386,-4.240748818915673,8.497748303217977,-4.3553088467986925,10.012367894112753,-5.413201941779419,10.910914236613868,0.06154983908735456,0.6440565256202078,0.1066203433631987
82,3.0749999999999997,3,0.28,1.1247656249999949,-2.2132741668550753,-3.6774101443913882,8.097829904179317,-4.1542390223160455,9.50261856036882,-5.139037629077486,10.348002857807606,0.4937930914301303,0.7184982223106031,0.234503419158286
83,3.1125,3,0.28,1.6867089843749952,-3.273476236099823,-3.11322117190613,7.592011453518262,-3.9573190858538108,8.841205544801111,-4.85661922084846,9.624880832877041,0.959946946608361,0.8133977237708487,0.396414962685105
84,3.15,3,0.28,2.2481249999999946,-4.279544408488871,-2.5484766530983687,6.981716415418057,-3.759947493999297,8.031626807391083,-4.564282282245527,8.746041893865847,1.4666810688054586,0.9412288474475208,0.6010245053781027
85,3.1875,3,0.28,2.808837890625,-5.21601698376983,-1.9834694127562351,6.271151940089514,-3.5574204473266255,7.081850006120672,-4.260447766255335,7.720777814816251,2.021003514221923,1.115554077196931,0.8577723249920526
86,3.225,-1,nan,3.368671874999997,-6.069521263909719,-1.4184782823606903,5.467264040931565,-3.344946794769462,6.003584564620594,-3.9435649820785588,6.562323118358686,2.629251404978834,1.350395978426441,1.176148584650199
87,3.2624999999999997,-1,nan,3.927451171874992,-6.829146070237716,-0.853765016100974,4.579622407684096,-3.1176590679808043,4.8117548100288685,-3.6120786237780713,5.287245024437255,3.2947755409640505,1.6588132728750509,1.5641378434246533
88,3.3,4,0.36,4.484999999999992,-7.486724094584715,-0.2895737402962855,3.6202065128303884,-2.8706260489960425,3.524041491537412,-3.264414242449504,3.914935520036654,4.013221459051593,2.049659218883896,2.0248538069000865
89,3.3375,4,0.36,5.0411425781250045,-8.037015076567013,0.27386945964243803,2.6030968852547627,-2.598865679034972,2.16042920480972,-2.898973033126566,2.467130044264371,4.7641695061482014,2.5210949159126343,2.5500944748959817
90,3.375,4,0.36,5.595703125,-8.477784962662597,0.8363571560505368,1.5440841350039896,-2.297357176116183,0.7427312021034648,-2.5141306858362182,0.9674156499346914,5.499453715912248,3.0499469637231824,3.1102928756079153
91,3.4125,4,0.36,6.148505859374993,-8.809780489434978,1.3977012341706212,0.4602116032136683,-1.9610510674958905,-0.7059171550889809,-2.1082377895806044,-0.5592852221338653,6.134503118421705,3.579914009380733,3.644485668024208
92,3.4499999999999997,4,0.36,6.699374999999996,-9.03660284146164,1.9577333950684084,-0.6307303966574007,-1.5848760364531946,-2.161592865144593,-1.6796207307176165,-2.087254866457954,6.558965405951824,4.020472569483978,4.062368434654898
93,3.4875,4,0.36,7.2481347656249895,-9.164487971526015,2.516305374131531,-1.7107392593164281,-1.1637423519830412,-3.600136731331688,-1.2265827251343124,-3.5905350578425277,6.6802115408497285,4.27212880458924,4.272421833617905
94,3.525,4,0.36,7.794609375000007,-9.20200466267378,3.073288792525424,-2.7621433083265745,-0.6925427041373218,-4.997706404770852,-0.747404930286129,-5.043481992489386,6.4768938010569475,4.271097858185952,4.2257563416300234
95,3.5625,4,0.36,8.338623046875,-9.159684312570713,3.6285745912102048,-3.768133021569389,-0.1661518372739409,-6.331313398156148,-0.24034769824004765,-6.421304363216758,6.009012968681836,4.014117033830377,3.935646203088952
96,3.5999999999999996,4,0.36,8.88000000000001,-9.049598618232316,4.182072018446411,-4.713260376941061,0.420572681650964,-7.579325896847791,0.296347532260355,-7.700566724429797,5.37446208812146,3.5414655817033367,3.4551891502374072
97,3.6374999999999997,4,0.36,9.418564453125,-8.884902760452603,4.733707158004889,-5.583887892812576,1.0717253027502145,-8.721956355284435,0.8640474125216061,-8.85965490791401,4.66031885318429,2.9040992442293927,2.8425192962167474
98,3.675,4,0.36,9.954140625,-8.679362300021927,5.283420999984326,-6.368571154089726,1.7875616950983961,-9.741691802738824,1.4626529126283347,-9.879177816506067,3.9229391796934623,2.1452322511572604,2.142614712482012
99,3.7125,-1,nan,10.48655273437501,-8.446881810867511,5.8311670708032395,-7.058361492923127,2.5650398450060106,-10.623453418031293,2.090805576902347,-10.742216697380352,3.1911189071677666,1.2978942067322214,1.3861002051637001
100,3.75,-1,nan,11.015625,-8.201052335838632,6.376908653782886,-7.647018910279659,3.398999429210105,-11.355765298029262,2.74630333244831,-11.43594217167845,2.4762999556348753,0.38837831840968207,0.5937249518061471
101,3.7874999999999996,-1,nan,11.541181640624998,-7.954733140314168,6.92061564490248,-8.131129183825884,4.282972944997768,-11.933337741316482,3.4263648724815465,-11.955299211424387,1.781566046647737,-0.5602734532510429,-0.22024208330453732
102,3.8249999999999997,-1,nan,12.063046875000005,-7.719681066464793,7.462261089655536,-8.510123591696862,5.209834083699083,-12.356385455489164,4.128017631784837,-12.301975124348337,1.1078736712601895,-1.522656538766852,-1.0417713756655438
103,3.8625,-1,nan,12.581044921874991,-7.506238186936655,8.001817387770407,-8.786206456572579,6.172103137804497,-12.629508807997183,4.848217429677649,-12.482797394608383,0.45823592659774737,-2.4661608902260297,-1.8517223792920379
104,3.9,-1,nan,13.095000000000006,-7.323085563827444,8.539251844172588,-8.964212394796418,7.162083321677725,-12.760910387425069,5.583855343697216,-12.508813293120406,-0.15943233650212751,-3.3480350584567624,-2.6224689691132523
105,3.9375,-1,nan,13.604736328125,-7.177067884653647,9.074520412579913,-9.051459334953478,8.171925252314717,-12.762125409226606,6.331726430399087,-12.395737986169435,-0.7308557358323882,-4.115899772409081,-3.3180472757053545
106,3.9749999999999996,-1,nan,14.110078125000001,-7.073090715933102,9.607560731566059,-9.057652147697567,9.193661778785621,-12.64823729835784,7.088695966362518,-12.16020804197501,-1.2360940838981378,-4.713681928606964,-3.894096809521259
107,4.0125,-1,nan,14.610849609375009,-7.014089221106785,10.13830796299727,-8.994223932746491,10.219394532071979,-12.433701177752825,7.851631784756099,-11.81749143592137,-1.6525816928602477,-5.088956290984238,-4.303670191324764
108,4.05,-1,nan,15.106874999999988,-7.00106455053492,10.666721931944402,-8.872676884400603,11.241118150599837,-12.132831879045321,8.617121415381906,-11.386930490929343,-1.9596650944641854,-5.207734671143701,-4.514237086654041
109,4.0874999999999995,-1,nan,15.597978515625002,-7.03318182393719,11.192708209565918,-8.704759038655174,12.250645633136802,-11.762772641494735,9.38180111111026,-10.889585347501638,-2.145227067180411,-5.068570286540611,-4.515702441895643
110,4.125,-1,nan,16.083984375,-7.107921762401611,11.716100609694797,-8.50319687678589,13.239818937028108,-11.341698223145992,10.142326675467707,-10.34688513954162,-2.210001662997548,-4.702096230311224,-4.3221602759754765
111,4.1625,-1,nan,16.564716796875004,-7.221276634622939,12.236719989816784,-8.281126935639241,14.200486235352336,-10.88771109274542,10.895326841286886,-9.780077162424819,-2.166020366447202,-4.160913385816845,-3.966191585906225
112,4.2,-1,nan,17.04,-7.367980281069306,12.754382249298473,-8.051336491882081,15.124468413905284,-10.418324692476048,11.637393798520655,-9.209836574153956,-2.031686763856711,-3.505711493246416,-3.4890027631794966
113,4.2375,-1,nan,17.509658203125,-7.541761566378325,13.268884839221974,-7.8257335437576945,16.00355173241887,-9.95010709257103,12.365085426754838,-8.655921623762225,-1.8267087746597186,-2.7938644694953436,-2.9315241153566705
114,4.2749999999999995,-1,nan,17.973515625000005,-7.735610658326821,13.779998984831936,-7.614984645717562,16.82951771576269,-9.498384006133529,13.074937963522096,-8.136869830765646,-1.5687164108279439,-2.0733719880886192,-2.3292660973915025
115,4.3125,-1,nan,18.431396484375,-7.942047996294468,14.287468781933995,-7.4282497832287095,17.595800030369663,-9.076938463802117,13.764004727586842,-7.669727591350834,-1.2718434073364633,-1.380726272986187,-1.7106270138956439
116,4.35,-1,nan,18.883125,-8.153386633613401,14.791013546524761,-7.272986033643277,18.29962692463688,-8.697825859126613,14.4305519275335,-7.269857937836789,-0.946716372690376,-0.7411366462251342,-1.097442616973113
117,4.3875,-1,nan,19.328525390625003,-8.361979746606037,15.290331368910838,-7.154811077468926,18.941107084303052,-8.371358892159408,15.073765624473529,-6.950819343580099,-0.6011956430298224,-0.1712848900579318,-0.5070724397235211
118,4.425,-1,nan,19.767421874999997,-8.56044642267166,15.785103011919478,-7.077426855325301,19.52215546453006,-8.105150277036014,15.693460120956683,-6.722406265817493,-0.2414441854258711,0.31843770755423734,0.0468683620991408
119,4.4624999999999995,-1,nan,20.199638671874986,-8.741870293165555,16.27499529565374,-7.042623973827325,20.04575592244486,-7.903013671742026,16.28984018724262,-6.588323622210933,0.1268386066883589,0.7224199378379076,0.5544015999887311
120,4.5,-1,nan,20.625,-8.899967089073836,16.759662909131652,-7.050421359319593,20.51545504006375,-7.765568345155637,16.863222566344987,-6.547318199281261,0.4970161282351433,1.037670162871717,1.0065277953728273
121,4.5375,-1,nan,21.04333007812501,-9.02921869938318,17.23875074203541,-7.0993469587019575,20.935117837268578,-7.690827444329825,17.413975307628398,-6.594209635578637,0.8600034973947053,1.2626697645188452,1.3934533913168061
122,4.575,-1,nan,21.454453125000008,-9.12497274270138,17.7119036039105,-7.186664085783024,21.308800530404167,-7.67466817330038,17.94246071828973,-6.722003779648899,1.203096101298729,1.3973646030361604,1.7027141437079845
123,4.6125,-1,nan,21.858193359374987,-9.183507971498857,18.17877975188244,-7.308393095028088,21.64067059821728,-7.711493488555774,18.449057568864994,-6.923415948229283,1.509913130037084,1.4440241213131737,1.9192590479382516
124,4.6499999999999995,-1,nan,22.25437499999999,-9.202066976134999,18.639054121975466,-7.459335400726895,21.934964217883135,-7.794989301878837,18.934275155787496,-7.189164555424586,1.7621110258179558,1.408771783669824,2.030693436330049
125,4.6875,-1,nan,22.642822265625,-9.178858615283772,19.09241428711119,-7.633279279220469,22.195989402017787,-7.918208006559144,19.39866516898147,-7.508044464988027,1.9430748491592111,1.3036237367007528,2.032311999641332
126,4.725,-1,nan,23.023359375,-9.113033354790474,19.53856036818458,-7.823317785956027,22.428119683655467,-8.073341826910392,19.84277659499145,-7.867877084159362,2.0426289734669667,1.1471734364228898,1.9305880077661506
127,4.7625,-1,nan,23.39581054687499,-9.004635243544083,19.977209779994784,-8.022168864626387,22.635763417481257,-8.251897471325583,20.2671742259096,-8.256090092480528,2.060411116879414,0.9621673978154002,1.7435780211289504
128,4.8,-1,nan,23.75999999999999,-8.854534597449426,20.408102630584573,-8.22245575262809,22.82334620326533,-8.44509379097256,20.67245338091522,-8.66004130870266,2.005790809115708,0.7709120866242378,1.4971696781714012
129,4.8374999999999995,-1,nan,24.115751953125,-8.664345613961345,20.8310054915866,-8.416946638219752,22.995309130007463,-8.644219406861689,21.05924363679268,-9.067249834606729,1.8944740322273603,0.5910155170876513,1.2190238446202404
130,4.875,-1,nan,24.462890625,-8.436333119233703,21.245713381377126,-8.598760262286739,23.1561117520038,-8.840897374624475,21.428208208949396,-9.465589323996353,1.7439856874865218,0.4333172430068442,0.9333614144737232
131,4.9125,-1,nan,24.801240234374987,-8.173312481696328,21.652050422866957,-8.761541597119516,23.31023586574005,-9.027280305269814,21.780042433304782,-9.843454374646058,1.5701970944311363,0.3021294877523454,0.6583937887966342
132,4.95,-1,nan,25.13062500000001,-7.8785464366232825,22.049869539516912,-8.899609293245595,23.46213849144912,-9.196200850478457,22.115474857342118,-10.189899723417648,1.3856712056215181,0.19680720372285376,0.4061934764077879
133,4.9875,-1,nan,25.450869140624988,-7.555642184057447,22.439051382863905,-9.008075480250238,23.615345161520107,-9.34131504985878,22.435313265040495,-10.494749514267404,1.199448132218925,0.11417562524367675,0.18384362462772286
134,5.0249999999999995,-1,nan,25.76179687500001,-7.208451675149004,22.81950266826517,-9.082935961910659,23.771913973151047,-9.457164505240385,22.740471190483177,-10.74868153282654,1.017568681258162,0.05054684285401856,-0.005094012011159332
135,5.0625,-1,nan,26.063232421875,-6.840977515970934,23.191154303009313,-9.121119092160738,23.932889242197838,-9.539206409368049,23.031938563211824,-10.943371304418871,0.8438109997229681,0.0024808188997271774,-0.15932467128919203
136,5.1,-1,nan,26.354999999999983,-6.457286417211113,23.553959884535228,-9.120463698192799,24.098698060234145,-9.584006805369151,23.31071072701929,-11.07297134784329,0.6803868286362711,-0.03306226481711283,-0.2796692081199601
137,5.1375,-1,nan,26.636923828125,-6.061431623760157,23.907894007513136,-9.079607200901675,24.269410200565293,-9.589290285070346,23.577805795543384,-11.134923510203246,0.5285158231344602,-0.05869357342355852,-0.3687359245646289
138,5.175,-1,nan,26.908828125000007,-5.657385287531457,24.252946862304903,-8.997865432740188,24.444897487979397,-9.553719741344965,23.83431389122358,-11.129205370474274,0.38883246100939384,-0.07652201483866694,-0.42999252052005144
139,5.2124999999999995,-1,nan,27.170537109374997,-5.248981313569014,24.589113906111415,-8.875247808205167,24.624917804677796,-9.476673899405116,24.081386815677668,-11.05728350655881,0.2615906571292006,-0.08813751160211059,-0.46697355774658567
140,5.25,-1,nan,27.421875,-4.839868823603388,24.916388550773547,-8.71256712781207,24.80915577938998,-9.358189284381648,24.320216444188976,-10.92099377401738,0.1467354017618976,-0.09469949676120226,-0.48267442304960895
141,5.2875,-1,nan,27.662666015625014,-4.4334760491498875,25.234762465554457,-8.511462056658024,24.99724467741377,-9.199043225446585,24.551966804029234,-10.722843183200316,0.04396279979866469,-0.09709050736589342,-0.47975787047806273
142,5.325,-1,nan,27.892734375000003,-4.0329841912183815,25.54422663072957,-8.274287055998235,25.188784537770932,-9.000773149787124,24.77776286689805,-10.466609395763362,-0.047195431221839446,-0.0960253879922437,-0.46093044669512473
143,5.3625,-1,nan,28.111904296874997,-3.641310566112893,25.844767963380765,-8.003950997448243,25.383354734977818,-8.765560807877797,24.998726938202797,-10.15708890958617,-0.12729270588592945,-0.0920847391414541,-0.4289155167069758
144,5.3999999999999995,5,0.18,28.320000000000014,-3.2611001946600244,26.136363270948756,-7.703769253897457,25.580517666243654,-8.496061522994072,25.215982564122527,-9.799663916165267,-0.1969152652668471,-0.08571472362415955,-0.38633290775266493
145,5.4375,5,0.18,28.516845703125,-2.894724881660645,26.41897353214701,-7.377344046186321,25.779816824601003,-8.195249908541896,25.430640928263117,-9.400037097593552,-0.2566554775001737,-0.07722881410775706,-0.33565684992354416
146,5.475,5,0.18,28.702265625000003,-2.544288768155404,26.692539614707112,-7.028466326294918,25.98077358255485,-7.866299230358699,25.643791067488124,-8.964090732440612,-0.30710101443669524,-0.06681961243839174,-0.2792323557874865
147,5.5125,5,0.18,28.876083984375008,-2.211639315034346,26.95697928209191,-6.661031414136778,26.182884605785123,-7.512486800849077,25.856495818633782,-8.497797037222133,-0.3488317130732481,-0.054576462522121894,-0.21931031077486107
148,5.55,5,0.18,29.038124999999994,-1.898382685874309,27.21218511990179,-6.278964390132636,26.385620142270465,-7.1371161117615545,26.06979048119234,-8.00714717346933,-0.38241939877104336,-0.040503916215147484,-0.15808214712472823
149,5.5874999999999995,5,0.18,29.18821289062499,-1.6059025327671257,27.45802316562075,-5.886154046167853,26.58842300061585,-6.743450536004954,26.284682392050215,-7.49808926246976,-0.4084284130048015,-0.024538458503999383,-0.09770838594722919
150,5.625,5,0.18,29.326171875,-1.3353812445375528,27.69433217483353,-5.4863954367671335,26.790720761879747,-6.334656172371165,26.502091040546187,-6.9764758474856485,-0.4274158865413089,-0.006573792889895458,-0.04028803745576548
151,5.6625,5,0.18,29.451826171875005,-1.087822785750034,27.92092352630872,-5.08334136397472,26.9920231628352,-5.913751438565406,26.72238879009936,-6.4480301437171095,-0.4399313846005706,0.013441864581605678,0.012529918193634693
152,5.7,5,0.18,29.564999999999998,-0.8640763314214567,28.137581781176877,-4.680462999419218,27.191940783577678,-5.483572262860771,26.945315871242965,-5.918289517353457,-0.4465157918191476,0.035478196653671024,0.0596218992768196
153,5.7375,5,0.18,29.66551757812502,-0.6648599812185111,28.3440658983939,-4.281019581403662,27.390140401244594,-5.04682477571975,27.170186234657116,-5.392523070321306,-0.44769940229671934,0.05941910695975272,0.10022460719805615
154,5.7749999999999995,5,0.18,29.753203125,-0.49078391370394175,28.540111087446686,-3.8880368522732884,27.58629541061012,-4.606673706758208,27.39605879344486,-4.87538833470564,-0.4439992250989957,0.08482922114596869,0.13392521836870253
155,5.8125,-1,nan,29.827880859375,-0.3423724122760238,28.725431257392415,-3.504293671020185,27.780091450545324,-4.166788452773917,27.621827008207568,-4.370890543973305,-0.43591554458406623,0.11092151706145237,0.16059577034097816
156,5.85,-1,nan,29.889374999999994,-0.22008425700887674,28.89972200125616,-3.1323160617514536,27.971229480554893,-3.7310508745407085,27.846274441622707,-3.8825326130786992,-0.42392779942089376,0.13668343364905722,0.1802803311175325
157,5.8875,-1,nan,29.93750976562501,-0.1243310286249465,29.06266403692001,-2.7743778392319367,28.159413816810037,-3.303364970433045,28.068117135189784,-3.413419107382904,-0.40848986562644696,0.16097545642032296,0.1931214178873546
158,5.925,-1,nan,29.972109374999995,-0.05549291110663554,29.213927009678926,-2.432506881563082,28.344345144464363,-2.887549236917053,28.286031021304858,-2.966323838745855,-0.3900248449984417,0.18259365254122284,0.19932132056059704
159,5.9624999999999995,-1,nan,29.992998046875,-0.0139316075365175,29.35317354736065,-2.1084960886622546,28.52571906025817,-2.487280904954767,28.498669312732886,-2.5437365843852118,-0.3689194674969598,0.20030923067517237,0.19912569801695246
160,6.0,-1,nan,30.0,-4.653657836759942e-15,29.48006344633997,-1.8039180646535637,28.70322789025388,-2.1060717405597846,28.70467408848557,-2.147898551837014,-0.3455182111037226,0.2128954746093401,0.19282024958157717
