manifest_id,trajectory,regime,domain_seed,method,initial_task_score,final_task_score,last_observed_task_score,task_auc_normalized,final_task_ratio,initial_violation_rate,final_violation_rate,initial_task_max_ratio,final_task_max_ratio,initial_global_rmse,final_global_rmse,final_global_ratio,selection_switches,selection_history,accepted_history,rejected_trials,final_trust_radius_mm,constraint_violation,all_updates_succeeded,elapsed_s
harmonic_loop--neutral,harmonic_loop,neutral,1031,full_trajectory,10.929515930389762,3.4865581372689105,3.4865581372689105,0.49871529678822224,0.3190038936284871,0.6666666666666666,0.6666666666666666,14.982049021235444,4.232558767573039,1.5295520423053581,0.656403120696314,0.42914729446340105,0,"[[0, 1, 2, 3, 4, 5], [0, 1, 2, 3, 4, 5], [0, 1, 2, 3, 4, 5], [0, 1, 2, 3, 4, 5]]","[true, true, true, true, true]",0,0.0,0,1,0.30914408399999993
harmonic_loop--neutral,harmonic_loop,neutral,1031,error_peak_dynamic,10.929515930389762,2.43932164033056,2.43932164033056,0.44108959293559225,0.2231866128259141,0.6666666666666666,0.8333333333333334,14.982049021235444,2.82028573366696,1.5295520423053581,0.7219160159537122,0.471978720557708,1,"[[2, 3], [2, 3], [3, 4], [3, 4]]","[true, true, true, true, true]",0,0.0,0,1,0.32956162499999997
harmonic_loop--neutral,harmonic_loop,neutral,1031,violation_dynamic,10.929515930389762,2.441237651033315,2.441237651033315,0.4310787260931402,0.22336191891585971,0.6666666666666666,0.8333333333333334,14.982049021235444,2.8007156934293627,1.5295520423053581,0.7258559427340437,0.4745545902707733,1,"[[2, 3], [3, 4], [3, 4], [3, 4]]","[true, true, true, true, true]",0,0.0,0,1,0.28017179199999975
harmonic_loop--neutral,harmonic_loop,neutral,1031,violation_safe,10.929515930389762,2.441237651033315,2.441237651033315,0.4310787260931402,0.22336191891585971,0.6666666666666666,0.8333333333333334,14.982049021235444,2.8007156934293627,1.5295520423053581,0.7258559427340437,0.4745545902707733,1,"[[2, 3], [3, 4], [3, 4], [3, 4]]","[true, true, true, true, true]",0,4.0,0,1,0.32804175000000013
harmonic_loop--neutral,harmonic_loop,neutral,1031,dual_anchor_dynamic,10.929515930389762,2.43932164033056,2.43932164033056,0.44108959293559225,0.2231866128259141,0.6666666666666666,0.8333333333333334,14.982049021235444,2.82028573366696,1.5295520423053581,0.7219160159537122,0.471978720557708,1,"[[2, 3], [2, 3], [3, 4], [3, 4]]","[true, true, true, true, true]",0,4.0,0,1,0.2798258750000002
harmonic_loop--neutral,harmonic_loop,neutral,1049,full_trajectory,5.8726075721968645,1.088419316794179,1.088419316794179,0.4179831232008821,0.185338336235366,0.8333333333333334,0.3333333333333333,7.569609591935747,1.3052067982180646,0.9390003933843484,0.19937623671610313,0.2123281716608346,0,"[[0, 1, 2, 3, 4, 5], [0, 1, 2, 3, 4, 5], [0, 1, 2, 3, 4, 5], [0, 1, 2, 3, 4, 5]]","[true, true, true, true, true]",0,0.0,0,1,0.225794708
harmonic_loop--neutral,harmonic_loop,neutral,1049,error_peak_dynamic,5.8726075721968645,0.8120228086227346,0.8120228086227346,0.38580135368388757,0.1382729560318582,0.8333333333333334,0.0,7.569609591935747,0.9252716889876744,0.9390003933843484,0.2287531217896602,0.24361344617246372,2,"[[2, 3], [2, 3], [1, 4], [3, 4]]","[true, true, true, true, true]",0,0.0,0,1,0.22489091699999975
harmonic_loop--neutral,harmonic_loop,neutral,1049,violation_dynamic,5.8726075721968645,0.9980051088176817,0.9980051088176817,0.3795626554743194,0.16994241425948733,0.8333333333333334,0.3333333333333333,7.569609591935747,1.2018685926699035,0.9390003933843484,0.23320353858756634,0.24835297219317806,3,"[[2, 3], [3, 4], [2, 4], [1, 3]]","[true, true, true, true, true]",0,0.0,0,1,0.21863220800000027
harmonic_loop--neutral,harmonic_loop,neutral,1049,violation_safe,5.8726075721968645,0.9980051088176817,0.9980051088176817,0.3795626554743194,0.16994241425948733,0.8333333333333334,0.3333333333333333,7.569609591935747,1.2018685926699035,0.9390003933843484,0.23320353858756634,0.24835297219317806,3,"[[2, 3], [3, 4], [2, 4], [1, 3]]","[true, true, true, true, true]",0,4.0,0,1,0.217519625
harmonic_loop--neutral,harmonic_loop,neutral,1049,dual_anchor_dynamic,5.8726075721968645,0.8120228086227346,0.8120228086227346,0.38580135368388757,0.1382729560318582,0.8333333333333334,0.0,7.569609591935747,0.9252716889876744,0.9390003933843484,0.2287531217896602,0.24361344617246372,2,"[[2, 3], [2, 3], [1, 4], [3, 4]]","[true, true, true, true, true]",0,4.0,0,1,0.22406204099999982
harmonic_loop--neutral,harmonic_loop,neutral,1061,full_trajectory,5.9581277736491876,1.1068957303787075,1.1068957303787075,0.4247546743692646,0.18577911928544705,0.6666666666666666,0.3333333333333333,8.284633827896135,1.3812130813103813,0.8992900212523998,0.22174761740444718,0.2465807605600132,0,"[[0, 1, 2, 3, 4, 5], [0, 1, 2, 3, 4, 5], [0, 1, 2, 3, 4, 5], [0, 1, 2, 3, 4, 5]]","[true, true, true, true, true]",0,0.0,0,1,0.2545653750000003
harmonic_loop--neutral,harmonic_loop,neutral,1061,error_peak_dynamic,5.9581277736491876,1.027779050016015,1.027779050016015,0.36206554087746673,0.17250033719678506,0.6666666666666666,0.16666666666666666,8.284633827896135,1.3066639363233676,0.8992900212523998,0.2568645380143661,0.28563036611553044,3,"[[1, 3], [3, 4], [1, 3], [1, 4]]","[true, true, true, true, true]",0,0.0,0,1,0.220306667
harmonic_loop--neutral,harmonic_loop,neutral,1061,violation_dynamic,5.9581277736491876,0.8482963493359597,0.8482963493359597,0.3583000396265149,0.14237632718917032,0.6666666666666666,0.16666666666666666,8.284633827896135,1.0009173615373528,0.8992900212523998,0.27423773355891723,0.304949156643592,3,"[[1, 3], [3, 4], [1, 3], [3, 4]]","[true, true, true, true, true]",0,0.0,0,1,0.21948262500000038
harmonic_loop--neutral,harmonic_loop,neutral,1061,violation_safe,5.9581277736491876,0.8482963493359597,0.8482963493359597,0.3583000396265149,0.14237632718917032,0.6666666666666666,0.16666666666666666,8.284633827896135,1.0009173615373528,0.8992900212523998,0.27423773355891723,0.304949156643592,3,"[[1, 3], [3, 4], [1, 3], [3, 4]]","[true, true, true, true, true]",0,4.0,0,1,0.2178836249999998
harmonic_loop--neutral,harmonic_loop,neutral,1061,dual_anchor_dynamic,5.9581277736491876,1.027779050016015,1.027779050016015,0.36206554087746673,0.17250033719678506,0.6666666666666666,0.16666666666666666,8.284633827896135,1.3066639363233676,0.8992900212523998,0.2568645380143661,0.28563036611553044,3,"[[1, 3], [3, 4], [1, 3], [1, 4]]","[true, true, true, true, true]",0,4.0,0,1,0.21871391700000054
harmonic_loop--demand_aligned,harmonic_loop,demand_aligned,1031,full_trajectory,18.401382426306416,5.064518184829367,5.064518184829367,0.4757076609640161,0.27522487536529794,0.6666666666666666,0.6666666666666666,25.683512607832185,6.632128589427191,1.5295520423053581,0.656403120696314,0.42914729446340105,0,"[[0, 1, 2, 3, 4, 5], [0, 1, 2, 3, 4, 5], [0, 1, 2, 3, 4, 5], [0, 1, 2, 3, 4, 5]]","[true, true, true, true, true]",0,0.0,0,1,0.27139187499999995
harmonic_loop--demand_aligned,harmonic_loop,demand_aligned,1031,error_peak_dynamic,18.401382426306416,4.077406549768827,4.077406549768827,0.4264007563960833,0.22158153421885363,0.6666666666666666,0.6666666666666666,25.683512607832185,5.425529077513443,1.5295520423053581,1.0694545596807572,0.6991946204516606,3,"[[2, 3], [1, 3], [3, 4], [2, 3]]","[true, true, true, true, true]",0,0.0,0,1,0.20416525000000085
harmonic_loop--demand_aligned,harmonic_loop,demand_aligned,1031,violation_dynamic,18.401382426306416,3.8240421588438003,3.8240421588438003,0.4316015184811429,0.20781276483754782,0.6666666666666666,0.6666666666666666,25.683512607832185,5.067908742466721,1.5295520423053581,1.0725293507121207,0.7012048763607889,3,"[[2, 3], [1, 3], [2, 3], [3, 4]]","[true, true, true, true, true]",0,0.0,0,1,0.21347079199999985
harmonic_loop--demand_aligned,harmonic_loop,demand_aligned,1031,violation_safe,18.401382426306416,3.8240421588438003,3.8240421588438003,0.4316015184811429,0.20781276483754782,0.6666666666666666,0.6666666666666666,25.683512607832185,5.067908742466721,1.5295520423053581,1.0725293507121207,0.7012048763607889,3,"[[2, 3], [1, 3], [2, 3], [3, 4]]","[true, true, true, true, true]",0,4.0,0,1,0.21275825000000026
harmonic_loop--demand_aligned,harmonic_loop,demand_aligned,1031,dual_anchor_dynamic,18.401382426306416,3.733727742396768,3.733727742396768,0.4251009273473496,0.2029047413882922,0.6666666666666666,0.6666666666666666,25.683512607832185,4.834775543429073,1.5295520423053581,0.7219160159537122,0.471978720557708,1,"[[2, 3], [2, 3], [3, 4], [3, 4]]","[true, true, true, true, true]",0,4.0,0,1,0.27432199999999973
harmonic_loop--demand_aligned,harmonic_loop,demand_aligned,1049,full_trajectory,9.63100433560572,1.7015933719613274,1.7015933719613274,0.40940603549748467,0.1766787048024218,0.6666666666666666,0.5,12.976473586175564,2.2374973683738246,0.9390003933843484,0.19937623671610313,0.2123281716608346,0,"[[0, 1, 2, 3, 4, 5], [0, 1, 2, 3, 4, 5], [0, 1, 2, 3, 4, 5], [0, 1, 2, 3, 4, 5]]","[true, true, true, true, true]",0,0.0,0,1,0.2293367909999997
harmonic_loop--demand_aligned,harmonic_loop,demand_aligned,1049,error_peak_dynamic,9.63100433560572,1.599249084633206,1.599249084633206,0.391754914411512,0.16605216121861757,0.6666666666666666,0.3333333333333333,12.976473586175564,2.010907676195428,0.9390003933843484,0.3798678759501163,0.40454495932743456,3,"[[2, 3], [1, 3], [2, 4], [1, 3]]","[true, true, true, true, true]",0,0.0,0,1,0.15676700000000032
harmonic_loop--demand_aligned,harmonic_loop,demand_aligned,1049,violation_dynamic,9.63100433560572,2.1491342552699866,2.1491342552699866,0.37594005743983244,0.22314747043822422,0.6666666666666666,0.6666666666666666,12.976473586175564,2.8186655065598067,0.9390003933843484,0.3639852800878544,0.38763059382326503,3,"[[2, 3], [1, 3], [3, 4], [1, 2]]","[true, true, true, true, true]",0,0.0,0,1,0.15816754200000016
harmonic_loop--demand_aligned,harmonic_loop,demand_aligned,1049,violation_safe,9.63100433560572,2.008904490392592,2.1491342552699866,0.37594005743983244,0.20858722729110335,0.6666666666666666,0.6666666666666666,12.976473586175564,2.5458198496112505,0.9390003933843484,0.4541916191111666,0.4836969423134826,3,"[[2, 3], [1, 3], [3, 4], [1, 2]]","[true, true, true, true, false]",1,2.0,0,1,0.1566839170000005
harmonic_loop--demand_aligned,harmonic_loop,demand_aligned,1049,dual_anchor_dynamic,9.63100433560572,1.0417556491956361,1.0417556491956361,0.33355947936592717,0.10816687573738043,0.6666666666666666,0.3333333333333333,12.976473586175564,1.2338932869646086,0.9390003933843484,0.2386962264866115,0.25420247762229553,2,"[[2, 3], [2, 3], [3, 4], [2, 3]]","[true, true, true, true, true]",0,4.0,0,1,0.22235866699999995
harmonic_loop--demand_aligned,harmonic_loop,demand_aligned,1061,full_trajectory,10.080899318531634,1.753835865185616,1.753835865185616,0.41468829621457076,0.17397613147088517,0.6666666666666666,0.3333333333333333,14.202229419250516,2.367793853674939,0.8992900212523998,0.22174761740444718,0.2465807605600132,0,"[[0, 1, 2, 3, 4, 5], [0, 1, 2, 3, 4, 5], [0, 1, 2, 3, 4, 5], [0, 1, 2, 3, 4, 5]]","[true, true, true, true, true]",0,0.0,0,1,0.25446954199999894
harmonic_loop--demand_aligned,harmonic_loop,demand_aligned,1061,error_peak_dynamic,10.080899318531634,1.4203478888279801,1.4203478888279801,0.3610098728669012,0.14089495827192386,0.6666666666666666,0.3333333333333333,14.202229419250516,1.8704775014534911,0.8992900212523998,0.37575593827298776,0.41783621456144904,3,"[[1, 3], [3, 4], [1, 4], [1, 3]]","[true, true, true, true, true]",0,0.0,0,1,0.15584533300000025
harmonic_loop--demand_aligned,harmonic_loop,demand_aligned,1061,violation_dynamic,10.080899318531634,1.1698087430418538,1.1698087430418538,0.32943264708947584,0.11604210161006212,0.6666666666666666,0.5,14.202229419250516,1.3342573896216057,0.8992900212523998,0.3973152147580303,0.4418098782022597,2,"[[1, 3], [2, 3], [3, 4], [3, 4]]","[true, true, true, true, true]",0,0.0,0,1,0.16074170799999976
harmonic_loop--demand_aligned,harmonic_loop,demand_aligned,1061,violation_safe,10.080899318531634,1.1698087430418538,1.1698087430418538,0.32943264708947584,0.11604210161006212,0.6666666666666666,0.5,14.202229419250516,1.3342573896216057,0.8992900212523998,0.3973152147580303,0.4418098782022597,2,"[[1, 3], [2, 3], [3, 4], [3, 4]]","[true, true, true, true, true]",0,4.0,0,1,0.16125433300000047
harmonic_loop--demand_aligned,harmonic_loop,demand_aligned,1061,dual_anchor_dynamic,10.080899318531634,1.0845212621636013,1.0845212621636013,0.3328512577758221,0.10758179681151411,0.6666666666666666,0.3333333333333333,14.202229419250516,1.348127224224168,0.8992900212523998,0.27423773355891723,0.304949156643592,3,"[[1, 3], [3, 4], [1, 3], [3, 4]]","[true, true, true, true, true]",0,4.0,0,1,0.21710075000000018
harmonic_loop--demand_conflict,harmonic_loop,demand_conflict,1031,full_trajectory,5.984519543860886,3.495034613399636,3.495034613399636,0.6650511382871516,0.5840125657179874,0.8333333333333334,0.6666666666666666,7.816721228470666,4.617336837352406,1.5295520423053581,0.656403120696314,0.42914729446340105,0,"[[0, 1, 2, 3, 4, 5], [0, 1, 2, 3, 4, 5], [0, 1, 2, 3, 4, 5], [0, 1, 2, 3, 4, 5]]","[true, true, true, true, true]",0,0.0,0,1,0.27147650000000034
harmonic_loop--demand_conflict,harmonic_loop,demand_conflict,1031,error_peak_dynamic,5.984519543860886,2.2311719858896826,2.2311719858896826,0.5440487065717504,0.3728239116836858,0.8333333333333334,0.8333333333333334,7.816721228470666,2.776558986287012,1.5295520423053581,0.7672098794968629,0.5015912229704297,3,"[[2, 3], [3, 4], [2, 3], [3, 4]]","[true, true, true, true, true]",0,0.0,0,1,0.25336191699999944
harmonic_loop--demand_conflict,harmonic_loop,demand_conflict,1031,violation_dynamic,5.984519543860886,2.1097476471969197,2.1097476471969197,0.5186806249588245,0.3525341728328329,0.8333333333333334,0.8333333333333334,7.816721228470666,2.380614409100962,1.5295520423053581,0.7345604121490328,0.48024545215336056,3,"[[3, 4], [2, 3], [3, 4], [1, 4]]","[true, true, true, true, true]",0,0.0,0,1,0.2239602499999993
harmonic_loop--demand_conflict,harmonic_loop,demand_conflict,1031,violation_safe,5.984519543860886,2.1097476471969197,2.1097476471969197,0.5186806249588245,0.3525341728328329,0.8333333333333334,0.8333333333333334,7.816721228470666,2.380614409100962,1.5295520423053581,0.7345604121490328,0.48024545215336056,3,"[[3, 4], [2, 3], [3, 4], [1, 4]]","[true, true, true, true, true]",0,4.0,0,1,0.221923125
harmonic_loop--demand_conflict,harmonic_loop,demand_conflict,1031,dual_anchor_dynamic,5.984519543860886,3.371166683283556,3.4859831955109697,0.638008152728935,0.5633145081365485,0.8333333333333334,0.6666666666666666,7.816721228470666,4.086579233574237,1.5295520423053581,1.0333040561836617,0.675559920554422,0,"[[2, 3], [2, 3], [2, 3], [2, 3]]","[true, true, false, false, false]",3,0.5,0,1,0.275782207999999
harmonic_loop--demand_conflict,harmonic_loop,demand_conflict,1049,full_trajectory,3.381007365170338,0.9732265546767094,0.9732265546767094,0.515107306589967,0.2878510602202363,0.8333333333333334,0.16666666666666666,3.949361526227346,1.2356117294899018,0.9390003933843484,0.19937623671610313,0.2123281716608346,0,"[[0, 1, 2, 3, 4, 5], [0, 1, 2, 3, 4, 5], [0, 1, 2, 3, 4, 5], [0, 1, 2, 3, 4, 5]]","[true, true, true, true, true]",0,0.0,0,1,0.22647362500000057
harmonic_loop--demand_conflict,harmonic_loop,demand_conflict,1049,error_peak_dynamic,3.381007365170338,0.8224593042550106,0.8224593042550106,0.5104896575376541,0.2432586550173263,0.8333333333333334,0.0,3.949361526227346,0.967677039133202,0.9390003933843484,0.28897201652943866,0.30774429762262906,3,"[[2, 3], [3, 4], [1, 2], [3, 4]]","[true, true, true, true, true]",0,0.0,0,1,0.17986458299999875
harmonic_loop--demand_conflict,harmonic_loop,demand_conflict,1049,violation_dynamic,3.381007365170338,1.0129939811184796,1.0129939811184796,0.4865816470261162,0.29961306548867694,0.8333333333333334,0.16666666666666666,3.949361526227346,1.3020532550746196,0.9390003933843484,0.2838324308560151,0.3022708327448355,3,"[[2, 3], [3, 4], [1, 4], [1, 3]]","[true, true, true, true, true]",0,0.0,0,1,0.2617441249999999
harmonic_loop--demand_conflict,harmonic_loop,demand_conflict,1049,violation_safe,3.381007365170338,0.916899512485897,1.0129939811184796,0.4865816470261162,0.27119122008765656,0.8333333333333334,0.3333333333333333,3.949361526227346,1.0392009147700045,0.9390003933843484,0.32573705208663595,0.3468976737194043,3,"[[2, 3], [3, 4], [1, 4], [1, 3]]","[true, true, true, true, false]",1,2.0,0,1,0.20334933400000033
harmonic_loop--demand_conflict,harmonic_loop,demand_conflict,1049,dual_anchor_dynamic,3.381007365170338,0.7432560791624198,0.7432560791624198,0.48493898369185545,0.2198327299783844,0.8333333333333334,0.0,3.949361526227346,0.8644087691464825,0.9390003933843484,0.24038723837804013,0.2560033415019515,3,"[[2, 3], [3, 4], [2, 4], [3, 4]]","[true, true, true, true, true]",0,4.0,0,1,0.2227480840000009
harmonic_loop--demand_conflict,harmonic_loop,demand_conflict,1061,full_trajectory,3.2623783326771782,0.9159544962927216,0.9159544962927216,0.48255666672734787,0.28076280642198526,1.0,0.16666666666666666,4.3224176493371145,1.159766727597996,0.8992900212523998,0.22174761740444718,0.2465807605600132,0,"[[0, 1, 2, 3, 4, 5], [0, 1, 2, 3, 4, 5], [0, 1, 2, 3, 4, 5], [0, 1, 2, 3, 4, 5]]","[true, true, true, true, true]",0,0.0,0,1,0.25813641699999934
harmonic_loop--demand_conflict,harmonic_loop,demand_conflict,1061,error_peak_dynamic,3.2623783326771782,0.7654189902914886,0.7654189902914886,0.4478164217401712,0.2346199343665237,1.0,0.0,4.3224176493371145,0.8946414973477017,0.8992900212523998,0.34701094881339756,0.38587212202147136,3,"[[1, 3], [3, 4], [1, 3], [3, 4]]","[true, true, true, true, true]",0,0.0,0,1,0.20406879100000097
harmonic_loop--demand_conflict,harmonic_loop,demand_conflict,1061,violation_dynamic,3.2623783326771782,0.9889164628915454,0.9889164628915454,0.4514540079511198,0.3031274616393186,1.0,0.16666666666666666,4.3224176493371145,1.2758026835453666,0.8992900212523998,0.3453917277650957,0.38407156712812685,3,"[[3, 4], [1, 3], [1, 4], [1, 3]]","[true, true, true, true, true]",0,0.0,0,1,0.20611933400000026
harmonic_loop--demand_conflict,harmonic_loop,demand_conflict,1061,violation_safe,3.2623783326771782,0.9889164628915454,0.9889164628915454,0.4514540079511198,0.3031274616393186,1.0,0.16666666666666666,4.3224176493371145,1.2758026835453666,0.8992900212523998,0.3453917277650957,0.38407156712812685,3,"[[3, 4], [1, 3], [1, 4], [1, 3]]","[true, true, true, true, true]",0,4.0,0,1,0.2068062089999998
harmonic_loop--demand_conflict,harmonic_loop,demand_conflict,1061,dual_anchor_dynamic,3.2623783326771782,0.7001544606598786,0.7001544606598786,0.4313963914223757,0.21461473479236748,1.0,0.0,4.3224176493371145,0.8103121850966805,0.8992900212523998,0.25724624320006295,0.28605481782374054,2,"[[1, 3], [3, 4], [3, 4], [1, 4]]","[true, true, true, true, true]",0,4.0,0,1,0.22620908300000053
ellipse--neutral,ellipse,neutral,1031,full_trajectory,7.530787567240884,0.28148296926206,0.28148296926206,0.29686900303950836,0.03737762707402849,0.6666666666666666,0.0,10.004801569417781,0.3465688477850208,1.3209910186892193,0.05070749593897509,0.03838595056406262,0,"[[0, 1, 2, 3, 4, 5], [0, 1, 2, 3, 4, 5], [0, 1, 2, 3, 4, 5], [0, 1, 2, 3, 4, 5]]","[true, true, true, true, true]",0,0.0,0,1,0.16842629199999948
ellipse--neutral,ellipse,neutral,1031,error_peak_dynamic,7.530787567240884,0.29300644165963335,0.29300644165963335,0.28509229663978386,0.03890780865127823,0.6666666666666666,0.0,10.004801569417781,0.3582728045825396,1.3209910186892193,0.05559816277993719,0.042088221640678235,1,"[[3, 4], [3, 4], [3, 4], [1, 3]]","[true, true, true, true, true]",0,0.0,0,1,0.16177262499999934
ellipse--neutral,ellipse,neutral,1031,violation_dynamic,7.530787567240884,0.29300644165963335,0.29300644165963335,0.28509229663978386,0.03890780865127823,0.6666666666666666,0.0,10.004801569417781,0.3582728045825396,1.3209910186892193,0.05559816277993719,0.042088221640678235,1,"[[3, 4], [3, 4], [3, 4], [1, 3]]","[true, true, true, true, true]",0,0.0,0,1,0.16460404199999878
ellipse--neutral,ellipse,neutral,1031,violation_safe,7.530787567240884,0.29300644165963335,0.29300644165963335,0.28509229663978386,0.03890780865127823,0.6666666666666666,0.0,10.004801569417781,0.3582728045825396,1.3209910186892193,0.05559816277993719,0.042088221640678235,1,"[[3, 4], [3, 4], [3, 4], [1, 3]]","[true, true, true, true, true]",0,4.0,0,1,0.16340537499999996
ellipse--neutral,ellipse,neutral,1031,dual_anchor_dynamic,7.530787567240884,0.29300644165963335,0.29300644165963335,0.28509229663978386,0.03890780865127823,0.6666666666666666,0.0,10.004801569417781,0.3582728045825396,1.3209910186892193,0.05559816277993719,0.042088221640678235,1,"[[3, 4], [3, 4], [3, 4], [1, 3]]","[true, true, true, true, true]",0,4.0,0,1,0.1641974580000003
ellipse--neutral,ellipse,neutral,1049,full_trajectory,4.0467091901494,0.12298700134165058,0.12298700134165058,0.28851787555623615,0.030391855594918606,0.6666666666666666,0.0,5.070911591352181,0.16222170328009108,0.7888739671858576,0.01985489231480687,0.025168649417644032,0,"[[0, 1, 2, 3, 4, 5], [0, 1, 2, 3, 4, 5], [0, 1, 2, 3, 4, 5], [0, 1, 2, 3, 4, 5]]","[true, true, true, true, true]",0,0.0,0,1,0.1643177920000003
ellipse--neutral,ellipse,neutral,1049,error_peak_dynamic,4.0467091901494,0.09313012690038155,0.09313012690038155,0.27325649259924556,0.023013792818886325,0.6666666666666666,0.0,5.070911591352181,0.11102532744576936,0.7888739671858576,0.021859574728562082,0.027709844205585248,1,"[[3, 4], [3, 4], [3, 4], [2, 3]]","[true, true, true, true, true]",0,0.0,0,1,0.14603920899999956
ellipse--neutral,ellipse,neutral,1049,violation_dynamic,4.0467091901494,0.09313012690038155,0.09313012690038155,0.27325649259924556,0.023013792818886325,0.6666666666666666,0.0,5.070911591352181,0.11102532744576936,0.7888739671858576,0.021859574728562082,0.027709844205585248,1,"[[3, 4], [3, 4], [3, 4], [2, 3]]","[true, true, true, true, true]",0,0.0,0,1,0.14721295900000086
ellipse--neutral,ellipse,neutral,1049,violation_safe,4.0467091901494,0.09313012690038155,0.09313012690038155,0.27325649259924556,0.023013792818886325,0.6666666666666666,0.0,5.070911591352181,0.11102532744576936,0.7888739671858576,0.021859574728562082,0.027709844205585248,1,"[[3, 4], [3, 4], [3, 4], [2, 3]]","[true, true, true, true, true]",0,4.0,0,1,0.14814204099999984
ellipse--neutral,ellipse,neutral,1049,dual_anchor_dynamic,4.0467091901494,0.09313012690038155,0.09313012690038155,0.27325649259924556,0.023013792818886325,0.6666666666666666,0.0,5.070911591352181,0.11102532744576936,0.7888739671858576,0.021859574728562082,0.027709844205585248,1,"[[3, 4], [3, 4], [3, 4], [2, 3]]","[true, true, true, true, true]",0,4.0,0,1,0.1478251670000006
ellipse--neutral,ellipse,neutral,1061,full_trajectory,6.161872486483207,0.23334795837914024,0.23334795837914024,0.28015797814504634,0.03786965064451049,0.6666666666666666,0.0,8.143056446586773,0.318163661955979,1.1516667776273,0.037568591909341524,0.03262106074357855,0,"[[0, 1, 2, 3, 4, 5], [0, 1, 2, 3, 4, 5], [0, 1, 2, 3, 4, 5], [0, 1, 2, 3, 4, 5]]","[true, true, true, true, true]",0,0.0,0,1,0.15615779200000013
ellipse--neutral,ellipse,neutral,1061,error_peak_dynamic,6.161872486483207,0.20294554096433037,0.20294554096433037,0.27159580501360503,0.03293569307211652,0.6666666666666666,0.0,8.143056446586773,0.26829590082814375,1.1516667776273,0.03911629640236558,0.03396494295246946,2,"[[3, 4], [2, 4], [1, 2], [1, 2]]","[true, true, true, true, true]",0,0.0,0,1,0.17409883400000226
ellipse--neutral,ellipse,neutral,1061,violation_dynamic,6.161872486483207,0.20294554096433037,0.20294554096433037,0.27159580501360503,0.03293569307211652,0.6666666666666666,0.0,8.143056446586773,0.26829590082814375,1.1516667776273,0.03911629640236558,0.03396494295246946,2,"[[3, 4], [2, 4], [1, 2], [1, 2]]","[true, true, true, true, true]",0,0.0,0,1,0.17786199999999752
ellipse--neutral,ellipse,neutral,1061,violation_safe,6.161872486483207,0.20294554096433037,0.20294554096433037,0.27159580501360503,0.03293569307211652,0.6666666666666666,0.0,8.143056446586773,0.26829590082814375,1.1516667776273,0.03911629640236558,0.03396494295246946,2,"[[3, 4], [2, 4], [1, 2], [1, 2]]","[true, true, true, true, true]",0,4.0,0,1,0.1949179170000015
ellipse--neutral,ellipse,neutral,1061,dual_anchor_dynamic,6.161872486483207,0.20294554096433037,0.20294554096433037,0.27159580501360503,0.03293569307211652,0.6666666666666666,0.0,8.143056446586773,0.26829590082814375,1.1516667776273,0.03911629640236558,0.03396494295246946,2,"[[3, 4], [2, 4], [1, 2], [1, 2]]","[true, true, true, true, true]",0,4.0,0,1,0.17667066699999978
ellipse--demand_aligned,ellipse,demand_aligned,1031,full_trajectory,10.189971296877989,0.4363707268850629,0.4363707268850629,0.3065557419031424,0.04282354818985197,0.6666666666666666,0.0,13.339735425890373,0.5941180247743212,1.3209910186892193,0.05070749593897509,0.03838595056406262,0,"[[0, 1, 2, 3, 4, 5], [0, 1, 2, 3, 4, 5], [0, 1, 2, 3, 4, 5], [0, 1, 2, 3, 4, 5]]","[true, true, true, true, true]",0,0.0,0,1,0.16976050000000242
ellipse--demand_aligned,ellipse,demand_aligned,1031,error_peak_dynamic,10.189971296877989,0.38415171099832024,0.38415171099832024,0.2922594314162455,0.037698998339280594,0.6666666666666666,0.0,13.339735425890373,0.46378528854722717,1.3209910186892193,0.10683528525701276,0.08087510342274869,1,"[[3, 4], [3, 4], [1, 3], [1, 3]]","[true, true, true, true, true]",0,0.0,0,1,0.11376404199999968
ellipse--demand_aligned,ellipse,demand_aligned,1031,violation_dynamic,10.189971296877989,0.38672014293628154,0.38672014293628154,0.29271821821024424,0.03795105321393449,0.6666666666666666,0.0,13.339735425890373,0.46665592669089756,1.3209910186892193,0.12433410379333883,0.09412183885755099,1,"[[3, 4], [3, 4], [3, 4], [1, 3]]","[true, true, true, true, true]",0,0.0,0,1,0.12219487499999815
ellipse--demand_aligned,ellipse,demand_aligned,1031,violation_safe,10.189971296877989,0.38672014293628154,0.38672014293628154,0.29271821821024424,0.03795105321393449,0.6666666666666666,0.0,13.339735425890373,0.46665592669089756,1.3209910186892193,0.12433410379333883,0.09412183885755099,1,"[[3, 4], [3, 4], [3, 4], [1, 3]]","[true, true, true, true, true]",0,4.0,0,1,0.12241612500000087
ellipse--demand_aligned,ellipse,demand_aligned,1031,dual_anchor_dynamic,10.189971296877989,0.34417880664532186,0.34417880664532186,0.291881074734995,0.03377622925697265,0.6666666666666666,0.0,13.339735425890373,0.44301365990809605,1.3209910186892193,0.05559816277993719,0.042088221640678235,1,"[[3, 4], [3, 4], [3, 4], [1, 3]]","[true, true, true, true, true]",0,4.0,0,1,0.16369750000000138
ellipse--demand_aligned,ellipse,demand_aligned,1049,full_trajectory,6.538132220475384,0.20105842995555723,0.20105842995555723,0.28945171010482074,0.030751661663541333,0.5,0.0,8.692991299460882,0.27809434848015613,0.7888739671858576,0.01985489231480687,0.025168649417644032,0,"[[0, 1, 2, 3, 4, 5], [0, 1, 2, 3, 4, 5], [0, 1, 2, 3, 4, 5], [0, 1, 2, 3, 4, 5]]","[true, true, true, true, true]",0,0.0,0,1,0.16374941700000178
ellipse--demand_aligned,ellipse,demand_aligned,1049,error_peak_dynamic,6.538132220475384,0.14194560011367846,0.14194560011367846,0.2706820538325992,0.021710420549335065,0.5,0.0,8.692991299460882,0.18308191956368192,0.7888739671858576,0.04874016114664387,0.06178447150501641,2,"[[3, 4], [2, 3], [2, 3], [1, 3]]","[true, true, true, true, true]",0,0.0,0,1,0.10796541599999898
ellipse--demand_aligned,ellipse,demand_aligned,1049,violation_dynamic,6.538132220475384,0.15627402469816548,0.15627402469816548,0.27182429823110305,0.02390193704079036,0.5,0.0,8.692991299460882,0.19700249976941092,0.7888739671858576,0.05465577782116114,0.06928328236782128,1,"[[3, 4], [3, 4], [2, 3], [2, 3]]","[true, true, true, true, true]",0,0.0,0,1,0.1134880840000001
ellipse--demand_aligned,ellipse,demand_aligned,1049,violation_safe,6.538132220475384,0.15627402469816548,0.15627402469816548,0.27182429823110305,0.02390193704079036,0.5,0.0,8.692991299460882,0.19700249976941092,0.7888739671858576,0.05465577782116114,0.06928328236782128,1,"[[3, 4], [3, 4], [2, 3], [2, 3]]","[true, true, true, true, true]",0,4.0,0,1,0.11345000000000027
ellipse--demand_aligned,ellipse,demand_aligned,1049,dual_anchor_dynamic,6.538132220475384,0.1411709643928875,0.1411709643928875,0.2710352266597331,0.0215919408834811,0.5,0.0,8.692991299460882,0.190329132764176,0.7888739671858576,0.021859574728562082,0.027709844205585248,1,"[[3, 4], [3, 4], [3, 4], [2, 3]]","[true, true, true, true, true]",0,4.0,0,1,0.1473935829999995
ellipse--demand_aligned,ellipse,demand_aligned,1061,full_trajectory,8.117353661383653,0.20163395197057654,0.20163395197057654,0.2621225536066015,0.024839862889035044,0.6666666666666666,0.0,10.857408595449032,0.272711710247982,1.1516667776273,0.037568591909341524,0.03262106074357855,0,"[[0, 1, 2, 3, 4, 5], [0, 1, 2, 3, 4, 5], [0, 1, 2, 3, 4, 5], [0, 1, 2, 3, 4, 5]]","[true, true, true, true, true]",0,0.0,0,1,0.1556653749999981
ellipse--demand_aligned,ellipse,demand_aligned,1061,error_peak_dynamic,8.117353661383653,0.24838832568422806,0.24838832568422806,0.2633155219117797,0.03059966782842978,0.6666666666666666,0.0,10.857408595449032,0.307888416890462,1.1516667776273,0.062366753538352866,0.05415347108201107,1,"[[3, 4], [1, 2], [1, 2], [1, 2]]","[true, true, true, true, true]",0,0.0,0,1,0.14645687500000193
ellipse--demand_aligned,ellipse,demand_aligned,1061,violation_dynamic,8.117353661383653,0.2676362483991846,0.2676362483991846,0.2607650052407428,0.03297087444549808,0.6666666666666666,0.0,10.857408595449032,0.3333028449328033,1.1516667776273,0.10749801749954561,0.09334125077482604,2,"[[3, 4], [3, 4], [2, 3], [1, 2]]","[true, true, true, true, true]",0,0.0,0,1,0.14624908299999717
ellipse--demand_aligned,ellipse,demand_aligned,1061,violation_safe,8.117353661383653,0.2676362483991846,0.2676362483991846,0.2607650052407428,0.03297087444549808,0.6666666666666666,0.0,10.857408595449032,0.3333028449328033,1.1516667776273,0.10749801749954561,0.09334125077482604,2,"[[3, 4], [3, 4], [2, 3], [1, 2]]","[true, true, true, true, true]",0,4.0,0,1,0.14319749999999942
ellipse--demand_aligned,ellipse,demand_aligned,1061,dual_anchor_dynamic,8.117353661383653,0.18278616364097688,0.18278616364097688,0.2505386863205096,0.02251794997063364,0.6666666666666666,0.0,10.857408595449032,0.22996791499555178,1.1516667776273,0.03911629640236558,0.03396494295246946,2,"[[3, 4], [2, 4], [1, 2], [1, 2]]","[true, true, true, true, true]",0,4.0,0,1,0.17727937500000124
ellipse--demand_conflict,ellipse,demand_conflict,1031,full_trajectory,5.258547614462829,0.29471371343265235,0.29471371343265235,0.3317790132032989,0.05604469808775477,0.6666666666666666,0.0,6.669867712945186,0.3662185736247582,1.3209910186892193,0.05070749593897509,0.03838595056406262,0,"[[0, 1, 2, 3, 4, 5], [0, 1, 2, 3, 4, 5], [0, 1, 2, 3, 4, 5], [0, 1, 2, 3, 4, 5]]","[true, true, true, true, true]",0,0.0,0,1,0.17059070799999887
ellipse--demand_conflict,ellipse,demand_conflict,1031,error_peak_dynamic,5.258547614462829,0.4051632852600947,0.4051632852600947,0.3502649909082218,0.0770485150967836,0.6666666666666666,0.0,6.669867712945186,0.5039064105844752,1.3209910186892193,0.06684868527434472,0.050604950623113786,1,"[[3, 4], [3, 4], [3, 4], [1, 3]]","[true, true, true, true, true]",0,0.0,0,1,0.15718554100000048
ellipse--demand_conflict,ellipse,demand_conflict,1031,violation_dynamic,5.258547614462829,0.4328705487021883,0.4328705487021883,0.32831645730853,0.08231751054447889,0.6666666666666666,0.0,6.669867712945186,0.5168017566161932,1.3209910186892193,0.11680337980504545,0.08842102493697952,1,"[[1, 4], [1, 4], [1, 4], [1, 2]]","[true, true, true, true, true]",0,0.0,0,1,0.15410183299999858
ellipse--demand_conflict,ellipse,demand_conflict,1031,violation_safe,5.258547614462829,0.4328705487021883,0.4328705487021883,0.32831645730853,0.08231751054447889,0.6666666666666666,0.0,6.669867712945186,0.5168017566161932,1.3209910186892193,0.11680337980504545,0.08842102493697952,1,"[[1, 4], [1, 4], [1, 4], [1, 2]]","[true, true, true, true, true]",0,4.0,0,1,0.15385791599999976
ellipse--demand_conflict,ellipse,demand_conflict,1031,dual_anchor_dynamic,5.258547614462829,0.3223820353002621,0.3223820353002621,0.3347199323403718,0.06130628814952625,0.6666666666666666,0.0,6.669867712945186,0.39796337726618675,1.3209910186892193,0.05442475752542429,0.04119994515892196,2,"[[3, 4], [1, 4], [1, 3], [1, 3]]","[true, true, true, true, true]",0,4.0,0,1,0.17363820799999985
ellipse--demand_conflict,ellipse,demand_conflict,1049,full_trajectory,2.790729629884619,0.07833106808165465,0.07833106808165465,0.278293998651315,0.028068311327204134,0.6666666666666666,0.0,3.3349230539988834,0.0874100470986509,0.7888739671858576,0.01985489231480687,0.025168649417644032,0,"[[0, 1, 2, 3, 4, 5], [0, 1, 2, 3, 4, 5], [0, 1, 2, 3, 4, 5], [0, 1, 2, 3, 4, 5]]","[true, true, true, true, true]",0,0.0,0,1,0.16572479200000245
ellipse--demand_conflict,ellipse,demand_conflict,1049,error_peak_dynamic,2.790729629884619,0.14880831486789897,0.14880831486789897,0.30587752869445406,0.053322368915419215,0.6666666666666666,0.0,3.3349230539988834,0.19828575520228806,0.7888739671858576,0.024869745246706938,0.03152562548796551,1,"[[3, 4], [3, 4], [3, 4], [2, 3]]","[true, true, true, true, true]",0,0.0,0,1,0.13214637500000137
ellipse--demand_conflict,ellipse,demand_conflict,1049,violation_dynamic,2.790729629884619,0.1127556039042705,0.1127556039042705,0.30437410178819413,0.04040362874884885,0.6666666666666666,0.0,3.3349230539988834,0.13904431590273975,0.7888739671858576,0.03797518862143323,0.048138473572529906,2,"[[2, 4], [2, 3], [1, 3], [1, 3]]","[true, true, true, true, true]",0,0.0,0,1,0.1421547500000031
ellipse--demand_conflict,ellipse,demand_conflict,1049,violation_safe,2.790729629884619,0.1127556039042705,0.1127556039042705,0.30437410178819413,0.04040362874884885,0.6666666666666666,0.0,3.3349230539988834,0.13904431590273975,0.7888739671858576,0.03797518862143323,0.048138473572529906,2,"[[2, 4], [2, 3], [1, 3], [1, 3]]","[true, true, true, true, true]",0,4.0,0,1,0.1417846669999996
ellipse--demand_conflict,ellipse,demand_conflict,1049,dual_anchor_dynamic,2.790729629884619,0.08873797972170566,0.08873797972170566,0.2814146441348465,0.03179741196404414,0.6666666666666666,0.0,3.3349230539988834,0.11034721950942133,0.7888739671858576,0.020750318738495182,0.026303718466610823,1,"[[2, 3], [2, 3], [1, 3], [1, 3]]","[true, true, true, true, true]",0,4.0,0,1,0.14624274999999898
ellipse--demand_conflict,ellipse,demand_conflict,1061,full_trajectory,4.589630520679618,0.2620700068047844,0.2620700068047844,0.3294150661282087,0.057100458440819735,0.6666666666666666,0.0,5.524243721657307,0.3470876312247044,1.1516667776273,0.037568591909341524,0.03262106074357855,0,"[[0, 1, 2, 3, 4, 5], [0, 1, 2, 3, 4, 5], [0, 1, 2, 3, 4, 5], [0, 1, 2, 3, 4, 5]]","[true, true, true, true, true]",0,0.0,0,1,0.15589687499999982
ellipse--demand_conflict,ellipse,demand_conflict,1061,error_peak_dynamic,4.589630520679618,0.28899928583393014,0.28899928583393014,0.345136981741156,0.06296787607014954,0.6666666666666666,0.0,5.524243721657307,0.37063024967937036,1.1516667776273,0.06307952418742226,0.05477237462504621,3,"[[3, 4], [2, 4], [1, 2], [2, 3]]","[true, true, true, true, true]",0,0.0,0,1,0.1473587089999988
ellipse--demand_conflict,ellipse,demand_conflict,1061,violation_dynamic,4.589630520679618,0.32330344694239177,0.32330344694239177,0.3713451066210231,0.0704421511678718,0.6666666666666666,0.0,5.524243721657307,0.4157940253219503,1.1516667776273,0.09899973870294418,0.08596213820364476,3,"[[1, 4], [1, 2], [2, 4], [1, 2]]","[true, true, true, true, true]",0,0.0,0,1,0.14458391700000206
ellipse--demand_conflict,ellipse,demand_conflict,1061,violation_safe,4.589630520679618,0.32330344694239177,0.32330344694239177,0.3713451066210231,0.0704421511678718,0.6666666666666666,0.0,5.524243721657307,0.4157940253219503,1.1516667776273,0.09899973870294418,0.08596213820364476,3,"[[1, 4], [1, 2], [2, 4], [1, 2]]","[true, true, true, true, true]",0,4.0,0,1,0.14542141700000144
ellipse--demand_conflict,ellipse,demand_conflict,1061,dual_anchor_dynamic,4.589630520679618,0.24417107071340727,0.24417107071340727,0.333552738569198,0.05320059416836264,0.6666666666666666,0.0,5.524243721657307,0.3174206795567031,1.1516667776273,0.04004300841253161,0.03476961321661937,2,"[[1, 4], [2, 4], [2, 4], [1, 2]]","[true, true, true, true, true]",0,4.0,0,1,0.17980495899999838
rounded_square--neutral,rounded_square,neutral,1031,full_trajectory,12.266026739323426,6.5344515060597645,6.5344515060597645,0.5816051764386896,0.5327276423677676,0.6666666666666666,0.8333333333333334,15.000443031868814,8.480932251041516,2.0997470128389524,0.8836972481986366,0.42085891433360734,0,"[[0, 1, 2, 3, 4, 5], [0, 1, 2, 3, 4, 5], [0, 1, 2, 3, 4, 5], [0, 1, 2, 3, 4, 5]]","[true, true, true, true, true]",0,0.0,0,1,0.3315538329999974
rounded_square--neutral,rounded_square,neutral,1031,error_peak_dynamic,12.266026739323426,5.6276490237810055,5.6276490237810055,0.573327099493479,0.45879967029090446,0.6666666666666666,0.8333333333333334,15.000443031868814,7.090206978048153,2.0997470128389524,0.9632120068858404,0.45872764718618864,2,"[[1, 4], [2, 4], [2, 4], [3, 4]]","[true, true, true, true, true]",0,0.0,0,1,0.33533316699999816
rounded_square--neutral,rounded_square,neutral,1031,violation_dynamic,12.266026739323426,5.6276490237810055,5.6276490237810055,0.573327099493479,0.45879967029090446,0.6666666666666666,0.8333333333333334,15.000443031868814,7.090206978048153,2.0997470128389524,0.9632120068858404,0.45872764718618864,2,"[[1, 4], [2, 4], [2, 4], [3, 4]]","[true, true, true, true, true]",0,0.0,0,1,0.3460690829999997
rounded_square--neutral,rounded_square,neutral,1031,violation_safe,12.266026739323426,5.586692273218009,5.6276490237810055,0.573327099493479,0.4554606305648868,0.6666666666666666,0.8333333333333334,15.000443031868814,6.71793087061478,2.0997470128389524,1.098224458618159,0.5230270370206695,2,"[[1, 4], [2, 4], [2, 4], [3, 4]]","[true, true, true, true, false]",1,2.0,0,1,0.3177084579999985
rounded_square--neutral,rounded_square,neutral,1031,dual_anchor_dynamic,12.266026739323426,5.586692273218009,5.6276490237810055,0.573327099493479,0.4554606305648868,0.6666666666666666,0.8333333333333334,15.000443031868814,6.71793087061478,2.0997470128389524,1.098224458618159,0.5230270370206695,2,"[[1, 4], [2, 4], [2, 4], [3, 4]]","[true, true, true, true, false]",1,2.0,0,1,0.31383708299999924
rounded_square--neutral,rounded_square,neutral,1049,full_trajectory,7.340924008289003,2.3465801122979197,2.3465801122979197,0.5252110230414987,0.31965732238179817,0.6666666666666666,0.6666666666666666,8.882096765163556,3.013830241467259,1.0342896307511007,0.33821096462381994,0.3269983132076953,0,"[[0, 1, 2, 3, 4, 5], [0, 1, 2, 3, 4, 5], [0, 1, 2, 3, 4, 5], [0, 1, 2, 3, 4, 5]]","[true, true, true, true, true]",0,0.0,0,1,0.2482600419999983
rounded_square--neutral,rounded_square,neutral,1049,error_peak_dynamic,7.340924008289003,2.17501811841667,2.17501811841667,0.4992397533034471,0.2962866957839025,0.6666666666666666,0.6666666666666666,8.882096765163556,2.6911807500034444,1.0342896307511007,0.39656973109065596,0.3834223212724923,3,"[[2, 4], [1, 4], [2, 4], [1, 3]]","[true, true, true, true, true]",0,0.0,0,1,0.22813366599999796
rounded_square--neutral,rounded_square,neutral,1049,violation_dynamic,7.340924008289003,2.0507574087638223,2.0507574087638223,0.5180713657980796,0.2793595746868119,0.6666666666666666,0.6666666666666666,8.882096765163556,2.555143581391098,1.0342896307511007,0.3884538791700123,0.3755755328301196,3,"[[2, 4], [1, 4], [2, 3], [1, 4]]","[true, true, true, true, true]",0,0.0,0,1,0.23825962499999775
rounded_square--neutral,rounded_square,neutral,1049,violation_safe,7.340924008289003,2.0507574087638223,2.0507574087638223,0.5180713657980796,0.2793595746868119,0.6666666666666666,0.6666666666666666,8.882096765163556,2.555143581391098,1.0342896307511007,0.3884538791700123,0.3755755328301196,3,"[[2, 4], [1, 4], [2, 3], [1, 4]]","[true, true, true, true, true]",0,4.0,0,1,0.23278329200000059
rounded_square--neutral,rounded_square,neutral,1049,dual_anchor_dynamic,7.340924008289003,2.17501811841667,2.17501811841667,0.4992397533034471,0.2962866957839025,0.6666666666666666,0.6666666666666666,8.882096765163556,2.6911807500034444,1.0342896307511007,0.39656973109065596,0.3834223212724923,3,"[[2, 4], [1, 4], [2, 4], [1, 3]]","[true, true, true, true, true]",0,4.0,0,1,0.2409759170000001
rounded_square--neutral,rounded_square,neutral,1061,full_trajectory,8.511835258264213,1.8212393060214307,1.8212393060214307,0.35141721155722333,0.21396552573702293,0.8333333333333334,0.6666666666666666,10.335287666249025,2.397138572164987,2.1119413486283074,0.2887297131735615,0.13671294108668766,0,"[[0, 1, 2, 3, 4, 5], [0, 1, 2, 3, 4, 5], [0, 1, 2, 3, 4, 5], [0, 1, 2, 3, 4, 5]]","[true, true, true, true, true]",0,0.0,0,1,0.2340180839999988
rounded_square--neutral,rounded_square,neutral,1061,error_peak_dynamic,8.511835258264213,1.5697575051391328,1.5697575051391328,0.33994537519401424,0.1844205694200956,0.8333333333333334,0.3333333333333333,10.335287666249025,2.0512612024962875,2.1119413486283074,0.3585100867381614,0.16975380825372421,3,"[[3, 4], [2, 3], [1, 2], [3, 4]]","[true, true, true, true, true]",0,0.0,0,1,0.22063958300000053
rounded_square--neutral,rounded_square,neutral,1061,violation_dynamic,8.511835258264213,1.330397346539014,1.330397346539014,0.3364302672393619,0.15629970578287683,0.8333333333333334,0.6666666666666666,10.335287666249025,1.5743869055938193,2.1119413486283074,0.389324804983575,0.1843445156450197,3,"[[3, 4], [2, 3], [1, 2], [2, 4]]","[true, true, true, true, true]",0,0.0,0,1,0.23999000000000237
rounded_square--neutral,rounded_square,neutral,1061,violation_safe,8.511835258264213,1.330397346539014,1.330397346539014,0.3364302672393619,0.15629970578287683,0.8333333333333334,0.6666666666666666,10.335287666249025,1.5743869055938193,2.1119413486283074,0.389324804983575,0.1843445156450197,3,"[[3, 4], [2, 3], [1, 2], [2, 4]]","[true, true, true, true, true]",0,4.0,0,1,0.22249983300000054
rounded_square--neutral,rounded_square,neutral,1061,dual_anchor_dynamic,8.511835258264213,1.3524692789053807,1.5697575051391328,0.33994537519401424,0.15889279313673943,0.8333333333333334,0.5,10.335287666249025,1.5929354410395504,2.1119413486283074,0.471761485437143,0.2233781187832461,3,"[[3, 4], [2, 3], [1, 2], [3, 4]]","[true, true, true, true, false]",1,2.0,0,1,0.2370455420000006
rounded_square--demand_aligned,rounded_square,demand_aligned,1031,full_trajectory,16.42078666338233,8.946086475458095,8.946086475458095,0.6259109960366958,0.5448025517198574,0.6666666666666666,0.6666666666666666,20.00059070915842,11.307909668055354,2.0997470128389524,0.8836972481986366,0.42085891433360734,0,"[[0, 1, 2, 3, 4, 5], [0, 1, 2, 3, 4, 5], [0, 1, 2, 3, 4, 5], [0, 1, 2, 3, 4, 5]]","[true, true, true, true, true]",0,0.0,0,1,0.343943957999997
rounded_square--demand_aligned,rounded_square,demand_aligned,1031,error_peak_dynamic,16.42078666338233,10.348804915825433,10.348804915825433,0.6906061842217204,0.6302258916074244,0.6666666666666666,0.8333333333333334,20.00059070915842,13.654436234724098,2.0997470128389524,1.323121566417243,0.6301338010374513,3,"[[1, 4], [2, 4], [1, 4], [2, 3]]","[true, true, true, true, true]",0,0.0,0,1,0.23613862499999883
rounded_square--demand_aligned,rounded_square,demand_aligned,1031,violation_dynamic,16.42078666338233,7.156598037185388,7.156598037185388,0.5835899348906116,0.4358255291839521,0.6666666666666666,0.8333333333333334,20.00059070915842,8.523387312687987,2.0997470128389524,1.3130969230963716,0.6253595862108196,2,"[[2, 4], [1, 4], [2, 4], [2, 4]]","[true, true, true, true, true]",0,0.0,0,1,0.24806758300000098
rounded_square--demand_aligned,rounded_square,demand_aligned,1031,violation_safe,16.42078666338233,7.133727173546996,7.156598037185388,0.5835899348906116,0.4344327296727452,0.6666666666666666,0.8333333333333334,20.00059070915842,8.308082531914048,2.0997470128389524,1.375404920414936,0.6550336359594705,2,"[[2, 4], [1, 4], [2, 4], [2, 4]]","[true, true, true, true, false]",1,2.0,0,1,0.24537204099999954
rounded_square--demand_aligned,rounded_square,demand_aligned,1031,dual_anchor_dynamic,16.42078666338233,7.263552402321424,8.028021930632853,0.615607083718545,0.4423388812741136,0.6666666666666666,0.8333333333333334,20.00059070915842,8.957241160819706,2.0997470128389524,1.098224458618159,0.5230270370206695,2,"[[1, 4], [2, 4], [2, 4], [3, 4]]","[true, true, true, true, false]",1,2.0,0,1,0.3095940000000006
rounded_square--demand_aligned,rounded_square,demand_aligned,1049,full_trajectory,11.767240927349775,3.199429153311697,3.199429153311697,0.4938415021269218,0.2718928908709167,0.6666666666666666,0.5,15.226451597423237,4.018440321956345,1.0342896307511007,0.33821096462381994,0.3269983132076953,0,"[[0, 1, 2, 3, 4, 5], [0, 1, 2, 3, 4, 5], [0, 1, 2, 3, 4, 5], [0, 1, 2, 3, 4, 5]]","[true, true, true, true, true]",0,0.0,0,1,0.25325866700000077
rounded_square--demand_aligned,rounded_square,demand_aligned,1049,error_peak_dynamic,11.767240927349775,4.177008266960933,4.177008266960933,0.5203098669055379,0.3549692143425571,0.6666666666666666,0.5,15.226451597423237,5.60708061407421,1.0342896307511007,0.4698491126817098,0.4542722838094254,3,"[[2, 4], [1, 4], [1, 2], [3, 4]]","[true, true, true, true, true]",0,0.0,0,1,0.18147658300000202
rounded_square--demand_aligned,rounded_square,demand_aligned,1049,violation_dynamic,11.767240927349775,3.31646818986421,3.31646818986421,0.4884128864884875,0.28183906578779866,0.6666666666666666,0.6666666666666666,15.226451597423237,4.302947066201362,1.0342896307511007,0.4901416204946514,0.4738920375124623,3,"[[2, 4], [1, 2], [2, 4], [1, 4]]","[true, true, true, true, true]",0,0.0,0,1,0.1843140830000003
rounded_square--demand_aligned,rounded_square,demand_aligned,1049,violation_safe,11.767240927349775,3.31646818986421,3.31646818986421,0.4884128864884875,0.28183906578779866,0.6666666666666666,0.6666666666666666,15.226451597423237,4.302947066201362,1.0342896307511007,0.4901416204946514,0.4738920375124623,3,"[[2, 4], [1, 2], [2, 4], [1, 4]]","[true, true, true, true, true]",0,4.0,0,1,0.18230116699999854
rounded_square--demand_aligned,rounded_square,demand_aligned,1049,dual_anchor_dynamic,11.767240927349775,2.2392649395657425,2.2392649395657425,0.4249576777101715,0.19029651499368688,0.6666666666666666,0.5,15.226451597423237,2.6830360819475496,1.0342896307511007,0.36668078005221255,0.3545242736175641,3,"[[2, 4], [1, 2], [3, 4], [2, 4]]","[true, true, true, true, true]",0,4.0,0,1,0.22326033299999892
rounded_square--demand_aligned,rounded_square,demand_aligned,1061,full_trajectory,10.205050178764306,2.9941431927120084,2.9941431927120084,0.4009535599817866,0.2933981842580767,0.8333333333333334,0.5,12.281688302449705,4.109380409425691,2.1119413486283074,0.2887297131735615,0.13671294108668766,0,"[[0, 1, 2, 3, 4, 5], [0, 1, 2, 3, 4, 5], [0, 1, 2, 3, 4, 5], [0, 1, 2, 3, 4, 5]]","[true, true, true, true, true]",0,0.0,0,1,0.23304133399999927
rounded_square--demand_aligned,rounded_square,demand_aligned,1061,error_peak_dynamic,10.205050178764306,2.6727944077760277,2.6727944077760277,0.4342532374325222,0.261908992210332,0.8333333333333334,0.6666666666666666,12.281688302449705,3.6458337171076707,2.1119413486283074,0.5030501658790265,0.23819324632559252,3,"[[3, 4], [1, 2], [2, 3], [1, 4]]","[true, true, true, true, true]",0,0.0,0,1,0.17058812500000187
rounded_square--demand_aligned,rounded_square,demand_aligned,1061,violation_dynamic,10.205050178764306,2.0968139039885534,2.0968139039885534,0.40389411183534496,0.20546826005342084,0.8333333333333334,0.6666666666666666,12.281688302449705,2.4857037555537445,2.1119413486283074,0.5582907773333385,0.26434956524523984,3,"[[2, 4], [1, 2], [3, 4], [1, 2]]","[true, true, true, true, true]",0,0.0,0,1,0.2215621249999984
rounded_square--demand_aligned,rounded_square,demand_aligned,1061,violation_safe,10.205050178764306,2.0968139039885534,2.0968139039885534,0.40389411183534496,0.20546826005342084,0.8333333333333334,0.6666666666666666,12.281688302449705,2.4857037555537445,2.1119413486283074,0.5582907773333385,0.26434956524523984,3,"[[2, 4], [1, 2], [3, 4], [1, 2]]","[true, true, true, true, true]",0,4.0,0,1,0.174450874999998
rounded_square--demand_aligned,rounded_square,demand_aligned,1061,dual_anchor_dynamic,10.205050178764306,2.0729669194019067,2.3759379573543895,0.37313682548852845,0.2031314773655444,0.8333333333333334,0.6666666666666666,12.281688302449705,2.5872981661718684,2.1119413486283074,0.4693262744250429,0.22222505124484984,2,"[[2, 3], [2, 3], [1, 2], [3, 4]]","[true, true, true, true, false]",1,2.0,0,1,0.22640324999999706
rounded_square--demand_conflict,rounded_square,demand_conflict,1031,full_trajectory,8.878452734013804,4.363194496116829,4.363194496116829,0.5464963178956781,0.4914363602343919,1.0,0.8333333333333334,10.767380411920106,5.653954834027677,2.0997470128389524,0.8836972481986366,0.42085891433360734,0,"[[0, 1, 2, 3, 4, 5], [0, 1, 2, 3, 4, 5], [0, 1, 2, 3, 4, 5], [0, 1, 2, 3, 4, 5]]","[true, true, true, true, true]",0,0.0,0,1,0.30674199999999985
rounded_square--demand_conflict,rounded_square,demand_conflict,1031,error_peak_dynamic,8.878452734013804,3.785882990917885,3.785882990917885,0.6016382613190844,0.4264124734723174,1.0,0.8333333333333334,10.767380411920106,4.5396433475601246,2.0997470128389524,1.021619756832611,0.48654421251031343,2,"[[1, 4], [2, 4], [2, 4], [3, 4]]","[true, true, true, true, true]",0,0.0,0,1,0.2578637499999985
rounded_square--demand_conflict,rounded_square,demand_conflict,1031,violation_dynamic,8.878452734013804,4.356318801804518,4.356318801804518,0.5574408892506514,0.4906619353972837,1.0,0.8333333333333334,10.767380411920106,5.267497221517856,2.0997470128389524,1.0451764831542345,0.4977630527694424,3,"[[1, 4], [2, 4], [3, 4], [2, 4]]","[true, true, true, true, true]",0,0.0,0,1,0.27918074999999476
rounded_square--demand_conflict,rounded_square,demand_conflict,1031,violation_safe,8.878452734013804,3.6926698427161915,4.356318801804518,0.5574408892506514,0.4159136679941298,1.0,0.8333333333333334,10.767380411920106,4.237697064020344,2.0997470128389524,1.1123658262280947,0.52976183293821,3,"[[1, 4], [2, 4], [3, 4], [2, 4]]","[true, true, true, true, false]",1,2.0,0,1,0.2748762499999984
rounded_square--demand_conflict,rounded_square,demand_conflict,1031,dual_anchor_dynamic,8.878452734013804,3.744164786096506,4.004216531162216,0.5462713571525664,0.4217136587045647,1.0,0.8333333333333334,10.767380411920106,4.477062973453062,2.0997470128389524,1.0345522503788098,0.49270328475431363,3,"[[1, 4], [2, 4], [3, 4], [2, 4]]","[true, true, true, true, false]",1,2.0,0,1,0.29830595800000026
rounded_square--demand_conflict,rounded_square,demand_conflict,1049,full_trajectory,5.151277452455641,1.5798469864291158,1.5798469864291158,0.5150009427158296,0.3066903308956877,0.8333333333333334,0.6666666666666666,6.31415428818022,2.0092201609781726,1.0342896307511007,0.33821096462381994,0.3269983132076953,0,"[[0, 1, 2, 3, 4, 5], [0, 1, 2, 3, 4, 5], [0, 1, 2, 3, 4, 5], [0, 1, 2, 3, 4, 5]]","[true, true, true, true, true]",0,0.0,0,1,0.24736983300000048
rounded_square--demand_conflict,rounded_square,demand_conflict,1049,error_peak_dynamic,5.151277452455641,1.472837672920261,1.472837672920261,0.5794438978910688,0.28591697622851814,0.8333333333333334,0.6666666666666666,6.31415428818022,1.6937517483678852,1.0342896307511007,0.4394108208249293,0.42484310754022486,3,"[[2, 4], [1, 4], [2, 3], [1, 4]]","[true, true, true, true, true]",0,0.0,0,1,0.21040979099999646
rounded_square--demand_conflict,rounded_square,demand_conflict,1049,violation_dynamic,5.151277452455641,2.1244500227475904,2.1244500227475904,0.5821159221706091,0.412412269064415,0.8333333333333334,0.6666666666666666,6.31415428818022,2.7181994546020802,1.0342896307511007,0.4707669754264767,0.4551597168044757,3,"[[1, 4], [2, 3], [1, 4], [2, 3]]","[true, true, true, true, true]",0,0.0,0,1,0.2031037499999968
rounded_square--demand_conflict,rounded_square,demand_conflict,1049,violation_safe,5.151277452455641,1.976441067117389,2.1244500227475904,0.5821159221706091,0.3836797930919464,0.8333333333333334,0.6666666666666666,6.31415428818022,2.2915790982099744,1.0342896307511007,0.5282995591245558,0.510784932399356,3,"[[1, 4], [2, 3], [1, 4], [2, 3]]","[true, true, true, true, false]",1,2.0,0,1,0.20207166600000193
rounded_square--demand_conflict,rounded_square,demand_conflict,1049,dual_anchor_dynamic,5.151277452455641,1.1779753840583282,1.1779753840583282,0.5625201873098319,0.22867636133572675,0.8333333333333334,0.6666666666666666,6.31415428818022,1.3978929148728487,1.0342896307511007,0.3770143190212573,0.36451522650137147,3,"[[1, 2], [2, 4], [3, 4], [1, 4]]","[true, true, true, true, true]",0,4.0,0,1,0.24085574999999437
rounded_square--demand_conflict,rounded_square,demand_conflict,1061,full_trajectory,8.57844017050808,1.0595523081498903,1.0595523081498903,0.3092090586573555,0.12351339953299875,1.0,0.3333333333333333,11.274859272271662,1.2506809941730366,2.1119413486283074,0.2887297131735615,0.13671294108668766,0,"[[0, 1, 2, 3, 4, 5], [0, 1, 2, 3, 4, 5], [0, 1, 2, 3, 4, 5], [0, 1, 2, 3, 4, 5]]","[true, true, true, true, true]",0,0.0,0,1,0.2339372080000004
rounded_square--demand_conflict,rounded_square,demand_conflict,1061,error_peak_dynamic,8.57844017050808,1.128060942775485,1.128060942775485,0.3151556946615373,0.13149954075027057,1.0,0.16666666666666666,11.274859272271662,1.4238320987528905,2.1119413486283074,0.4448508352852135,0.21063597981740417,3,"[[3, 4], [1, 2], [2, 4], [1, 2]]","[true, true, true, true, true]",0,0.0,0,1,0.2041069580000041
rounded_square--demand_conflict,rounded_square,demand_conflict,1061,violation_dynamic,8.57844017050808,0.9433316101293214,0.9433316101293214,0.3034344679537605,0.10996540062987352,1.0,0.3333333333333333,11.274859272271662,1.0615883843680183,2.1119413486283074,0.43704247594473544,0.20693873730375692,3,"[[1, 3], [2, 3], [1, 4], [2, 3]]","[true, true, true, true, true]",0,0.0,0,1,0.18284700000000242
rounded_square--demand_conflict,rounded_square,demand_conflict,1061,violation_safe,8.57844017050808,0.9433316101293214,0.9433316101293214,0.3034344679537605,0.10996540062987352,1.0,0.3333333333333333,11.274859272271662,1.0615883843680183,2.1119413486283074,0.43704247594473544,0.20693873730375692,3,"[[1, 3], [2, 3], [1, 4], [2, 3]]","[true, true, true, true, true]",0,4.0,0,1,0.1828693329999993
rounded_square--demand_conflict,rounded_square,demand_conflict,1061,dual_anchor_dynamic,8.57844017050808,0.9190410865488924,0.9190410865488924,0.3114705661641563,0.107133822499395,1.0,0.3333333333333333,11.274859272271662,1.0702232360850192,2.1119413486283074,0.3585100867381614,0.16975380825372421,3,"[[3, 4], [2, 3], [1, 2], [3, 4]]","[true, true, true, true, true]",0,4.0,0,1,0.21775470800000107
figure_eight--neutral,figure_eight,neutral,1031,full_trajectory,12.559957156443396,5.40695636416074,5.40695636416074,0.5684687175055361,0.4304916248370252,1.0,0.5,15.421844239307271,7.169116881618407,2.4233055668066124,0.7697653445155316,0.3176509619997755,0,"[[0, 1, 2, 3, 4, 5], [0, 1, 2, 3, 4, 5], [0, 1, 2, 3, 4, 5], [0, 1, 2, 3, 4, 5]]","[true, true, true, true, true]",0,0.0,0,1,0.30326345799999643
figure_eight--neutral,figure_eight,neutral,1031,error_peak_dynamic,12.559957156443396,4.833721180330883,4.833721180330883,0.5559088056346659,0.38485172521875455,1.0,0.6666666666666666,15.421844239307271,6.434348825881151,2.4233055668066124,0.8192873309151977,0.3380866788478679,1,"[[2, 4], [3, 4], [3, 4], [3, 4]]","[true, true, true, true, true]",0,0.0,0,1,0.29000320799999457
figure_eight--neutral,figure_eight,neutral,1031,violation_dynamic,12.559957156443396,5.480158282014036,5.480158282014036,0.5788731347247296,0.43631982289069,1.0,0.6666666666666666,15.421844239307271,7.023758995065148,2.4233055668066124,0.928231753270101,0.3830436268478134,2,"[[2, 4], [2, 4], [3, 4], [2, 4]]","[true, true, true, true, true]",0,0.0,0,1,0.3001992080000022
figure_eight--neutral,figure_eight,neutral,1031,violation_safe,12.559957156443396,5.415798688019799,5.480158282014036,0.5788731347247296,0.4311956339151551,1.0,0.5,15.421844239307271,7.003085322054194,2.4233055668066124,0.8973016299796603,0.3702800184469134,2,"[[2, 4], [2, 4], [3, 4], [2, 4]]","[true, true, true, true, false]",1,2.0,0,1,0.298704457999996
figure_eight--neutral,figure_eight,neutral,1031,dual_anchor_dynamic,12.559957156443396,4.833721180330883,4.833721180330883,0.5559088056346659,0.38485172521875455,1.0,0.6666666666666666,15.421844239307271,6.434348825881151,2.4233055668066124,0.8192873309151977,0.3380866788478679,1,"[[2, 4], [3, 4], [3, 4], [3, 4]]","[true, true, true, true, true]",0,4.0,0,1,0.29077741700000104
figure_eight--neutral,figure_eight,neutral,1049,full_trajectory,7.621156913736986,0.4257213005512309,0.4257213005512309,0.3257595296219912,0.05586045601342712,0.6666666666666666,0.0,9.599234225579597,0.5318137633302507,1.3948528721924474,0.08464448726542141,0.06068345196319963,0,"[[0, 1, 2, 3, 4, 5], [0, 1, 2, 3, 4, 5], [0, 1, 2, 3, 4, 5], [0, 1, 2, 3, 4, 5]]","[true, true, true, true, true]",0,0.0,0,1,0.20514920900000533
figure_eight--neutral,figure_eight,neutral,1049,error_peak_dynamic,7.621156913736986,0.3506649938546925,0.3506649938546925,0.29789455884734445,0.046012042242907475,0.6666666666666666,0.0,9.599234225579597,0.43293327674321247,1.3948528721924474,0.10520523669070178,0.07542389508460405,2,"[[2, 4], [2, 4], [3, 4], [2, 3]]","[true, true, true, true, true]",0,0.0,0,1,0.1986387090000008
figure_eight--neutral,figure_eight,neutral,1049,violation_dynamic,7.621156913736986,0.3506649938546925,0.3506649938546925,0.29789455884734445,0.046012042242907475,0.6666666666666666,0.0,9.599234225579597,0.43293327674321247,1.3948528721924474,0.10520523669070178,0.07542389508460405,2,"[[2, 4], [2, 4], [3, 4], [2, 3]]","[true, true, true, true, true]",0,0.0,0,1,0.2502301660000015
figure_eight--neutral,figure_eight,neutral,1049,violation_safe,7.621156913736986,0.3506649938546925,0.3506649938546925,0.29789455884734445,0.046012042242907475,0.6666666666666666,0.0,9.599234225579597,0.43293327674321247,1.3948528721924474,0.10520523669070178,0.07542389508460405,2,"[[2, 4], [2, 4], [3, 4], [2, 3]]","[true, true, true, true, true]",0,4.0,0,1,0.20118733300000002
figure_eight--neutral,figure_eight,neutral,1049,dual_anchor_dynamic,7.621156913736986,0.3506649938546925,0.3506649938546925,0.29789455884734445,0.046012042242907475,0.6666666666666666,0.0,9.599234225579597,0.43293327674321247,1.3948528721924474,0.10520523669070178,0.07542389508460405,2,"[[2, 4], [2, 4], [3, 4], [2, 3]]","[true, true, true, true, true]",0,4.0,0,1,0.20096779100000361
figure_eight--neutral,figure_eight,neutral,1061,full_trajectory,9.286793205135364,0.6880713403865748,0.6880713403865748,0.34699634547859337,0.07409138172755786,1.0,0.0,11.641703271652828,0.9102131218989575,1.7416953337339194,0.09708880917028019,0.05574385329616583,0,"[[0, 1, 2, 3, 4, 5], [0, 1, 2, 3, 4, 5], [0, 1, 2, 3, 4, 5], [0, 1, 2, 3, 4, 5]]","[true, true, true, true, true]",0,0.0,0,1,0.22161145799999815
figure_eight--neutral,figure_eight,neutral,1061,error_peak_dynamic,9.286793205135364,0.545682841826143,0.545682841826143,0.3276957214270634,0.058759017216448196,1.0,0.0,11.641703271652828,0.7133103083027712,1.7416953337339194,0.09821233543201448,0.05638892952733746,2,"[[3, 4], [2, 3], [2, 3], [3, 4]]","[true, true, true, true, true]",0,0.0,0,1,0.22730558300000325
figure_eight--neutral,figure_eight,neutral,1061,violation_dynamic,9.286793205135364,0.4941268945416877,0.4941268945416877,0.3214087740644781,0.053207483318186505,1.0,0.0,11.641703271652828,0.6331395270207828,1.7416953337339194,0.09674068409355031,0.05554397615922504,3,"[[2, 3], [3, 4], [2, 3], [3, 4]]","[true, true, true, true, true]",0,0.0,0,1,0.23502391699999947
figure_eight--neutral,figure_eight,neutral,1061,violation_safe,9.286793205135364,0.4941268945416877,0.4941268945416877,0.3214087740644781,0.053207483318186505,1.0,0.0,11.641703271652828,0.6331395270207828,1.7416953337339194,0.09674068409355031,0.05554397615922504,3,"[[2, 3], [3, 4], [2, 3], [3, 4]]","[true, true, true, true, true]",0,4.0,0,1,0.2365974169999987
figure_eight--neutral,figure_eight,neutral,1061,dual_anchor_dynamic,9.286793205135364,0.545682841826143,0.545682841826143,0.3276957214270634,0.058759017216448196,1.0,0.0,11.641703271652828,0.7133103083027712,1.7416953337339194,0.09821233543201448,0.05638892952733746,2,"[[3, 4], [2, 3], [2, 3], [3, 4]]","[true, true, true, true, true]",0,4.0,0,1,0.23125016599999526
figure_eight--demand_aligned,figure_eight,demand_aligned,1031,full_trajectory,20.136955880722944,8.993174011848696,8.993174011848696,0.5770753273020104,0.44660047254003465,0.8333333333333334,0.5,26.152375349814598,12.289914654202983,2.4233055668066124,0.7697653445155316,0.3176509619997755,0,"[[0, 1, 2, 3, 4, 5], [0, 1, 2, 3, 4, 5], [0, 1, 2, 3, 4, 5], [0, 1, 2, 3, 4, 5]]","[true, true, true, true, true]",0,0.0,0,1,0.30351604200000537
figure_eight--demand_aligned,figure_eight,demand_aligned,1031,error_peak_dynamic,20.136955880722944,7.846518867240146,7.846518867240146,0.563691916677433,0.3896576480435952,0.8333333333333334,0.6666666666666666,26.152375349814598,10.553849044336022,2.4233055668066124,1.0242297155783604,0.4226580954576321,3,"[[2, 4], [3, 4], [2, 4], [3, 4]]","[true, true, true, true, true]",0,0.0,0,1,0.23626474999999658
figure_eight--demand_aligned,figure_eight,demand_aligned,1031,violation_dynamic,20.136955880722944,8.7885151697359,8.7885151697359,0.579117297669698,0.43643712693183795,0.8333333333333334,0.8333333333333334,26.152375349814598,11.676923349467717,2.4233055668066124,1.1291632188722687,0.46595989970850404,2,"[[2, 4], [2, 4], [3, 4], [2, 4]]","[true, true, true, true, true]",0,0.0,0,1,0.2396827909999999
figure_eight--demand_aligned,figure_eight,demand_aligned,1031,violation_safe,20.136955880722944,8.545611155266933,8.7885151697359,0.579117297669698,0.42437452839868534,0.8333333333333334,0.8333333333333334,26.152375349814598,11.35167272849492,2.4233055668066124,1.1099701514315212,0.4580396985982331,2,"[[2, 4], [2, 4], [3, 4], [2, 4]]","[true, true, true, true, false]",1,2.0,0,1,0.23901624999999882
figure_eight--demand_aligned,figure_eight,demand_aligned,1031,dual_anchor_dynamic,20.136955880722944,8.048889719658206,8.048889719658206,0.5629682677074769,0.39970737222319624,0.8333333333333334,0.5,26.152375349814598,11.030312272939113,2.4233055668066124,0.8192873309151977,0.3380866788478679,1,"[[2, 4], [3, 4], [3, 4], [3, 4]]","[true, true, true, true, true]",0,4.0,0,1,0.2933230829999971
figure_eight--demand_aligned,figure_eight,demand_aligned,1049,full_trajectory,12.432272182693897,0.5226096261170665,0.5226096261170665,0.324411778542981,0.042036533502263176,0.6666666666666666,0.0,16.45583010099359,0.6298031859109263,1.3948528721924474,0.08464448726542141,0.06068345196319963,0,"[[0, 1, 2, 3, 4, 5], [0, 1, 2, 3, 4, 5], [0, 1, 2, 3, 4, 5], [0, 1, 2, 3, 4, 5]]","[true, true, true, true, true]",0,0.0,0,1,0.2037415830000029
figure_eight--demand_aligned,figure_eight,demand_aligned,1049,error_peak_dynamic,12.432272182693897,0.7303744858021245,0.7303744858021245,0.3067235270240729,0.05874827023324249,0.6666666666666666,0.0,16.45583010099359,0.8538185651269483,1.3948528721924474,0.2972571129809959,0.21311001246587635,2,"[[2, 4], [2, 4], [1, 4], [1, 2]]","[true, true, true, true, true]",0,0.0,0,1,0.1400448330000046
figure_eight--demand_aligned,figure_eight,demand_aligned,1049,violation_dynamic,12.432272182693897,0.6201477625545264,0.6201477625545264,0.2981878582401763,0.04988209342921168,0.6666666666666666,0.0,16.45583010099359,0.7523792312438448,1.3948528721924474,0.35461607626295083,0.25423188590891366,1,"[[2, 4], [2, 4], [2, 4], [3, 4]]","[true, true, true, true, true]",0,0.0,0,1,0.155592249999998
figure_eight--demand_aligned,figure_eight,demand_aligned,1049,violation_safe,12.432272182693897,0.6201477625545264,0.6201477625545264,0.2981878582401763,0.04988209342921168,0.6666666666666666,0.0,16.45583010099359,0.7523792312438448,1.3948528721924474,0.35461607626295083,0.25423188590891366,1,"[[2, 4], [2, 4], [2, 4], [3, 4]]","[true, true, true, true, true]",0,4.0,0,1,0.1561678329999978
figure_eight--demand_aligned,figure_eight,demand_aligned,1049,dual_anchor_dynamic,12.432272182693897,0.4542607910990581,0.4542607910990581,0.292730581471132,0.036538838952657665,0.6666666666666666,0.0,16.45583010099359,0.5571095709526029,1.3948528721924474,0.10520523669070178,0.07542389508460405,2,"[[2, 4], [2, 4], [3, 4], [2, 3]]","[true, true, true, true, true]",0,4.0,0,1,0.2013619160000033
figure_eight--demand_aligned,figure_eight,demand_aligned,1061,full_trajectory,10.679043510219284,0.8196376242722411,0.8196376242722411,0.3432159937102396,0.07675196973285958,1.0,0.16666666666666666,12.700039932712174,1.0355182334409765,1.7416953337339194,0.09708880917028019,0.05574385329616583,0,"[[0, 1, 2, 3, 4, 5], [0, 1, 2, 3, 4, 5], [0, 1, 2, 3, 4, 5], [0, 1, 2, 3, 4, 5]]","[true, true, true, true, true]",0,0.0,0,1,0.2214878750000011
figure_eight--demand_aligned,figure_eight,demand_aligned,1061,error_peak_dynamic,10.679043510219284,1.1379978905333448,1.1379978905333448,0.41218571454739167,0.10656365333134382,1.0,0.3333333333333333,12.700039932712174,1.4142915041998483,1.7416953337339194,0.28120925129208363,0.16145719968670724,2,"[[3, 4], [2, 3], [2, 3], [4, 5]]","[true, true, true, true, true]",0,0.0,0,1,0.17470233299999904
figure_eight--demand_aligned,figure_eight,demand_aligned,1061,violation_dynamic,10.679043510219284,1.270202430196972,1.270202430196972,0.4137331909147404,0.11894346427013384,1.0,0.3333333333333333,12.700039932712174,1.6414056738525795,1.7416953337339194,0.2847183501621676,0.16347196013425408,2,"[[3, 4], [2, 3], [2, 3], [3, 4]]","[true, true, true, true, true]",0,0.0,0,1,0.17195545799999934
figure_eight--demand_aligned,figure_eight,demand_aligned,1061,violation_safe,10.679043510219284,1.270202430196972,1.270202430196972,0.4137331909147404,0.11894346427013384,1.0,0.3333333333333333,12.700039932712174,1.6414056738525795,1.7416953337339194,0.2847183501621676,0.16347196013425408,2,"[[3, 4], [2, 3], [2, 3], [3, 4]]","[true, true, true, true, true]",0,4.0,0,1,0.17344774999999402
figure_eight--demand_aligned,figure_eight,demand_aligned,1061,dual_anchor_dynamic,10.679043510219284,0.8906007406955649,0.8906007406955649,0.33773160928162826,0.08339705141600995,1.0,0.16666666666666666,12.700039932712174,1.222817671376179,1.7416953337339194,0.09821233543201448,0.05638892952733746,2,"[[3, 4], [2, 3], [2, 3], [3, 4]]","[true, true, true, true, true]",0,4.0,0,1,0.2316376670000011
figure_eight--demand_conflict,figure_eight,demand_conflict,1031,full_trajectory,8.464417733462833,3.0026872241800264,3.0026872241800264,0.5181398427044818,0.3547423247212083,1.0,0.6666666666666666,10.281229492871514,3.7404088078009075,2.4233055668066124,0.7697653445155316,0.3176509619997755,0,"[[0, 1, 2, 3, 4, 5], [0, 1, 2, 3, 4, 5], [0, 1, 2, 3, 4, 5], [0, 1, 2, 3, 4, 5]]","[true, true, true, true, true]",0,0.0,0,1,0.3012168749999944
figure_eight--demand_conflict,figure_eight,demand_conflict,1031,error_peak_dynamic,8.464417733462833,3.0527754438458543,3.0527754438458543,0.5416770596194003,0.3606598279970464,1.0,0.8333333333333334,10.281229492871514,3.625503584581717,2.4233055668066124,0.9367154931183789,0.3865445224692672,2,"[[2, 4], [3, 4], [3, 4], [2, 4]]","[true, true, true, true, true]",0,0.0,0,1,0.2592186250000026
figure_eight--demand_conflict,figure_eight,demand_conflict,1031,violation_dynamic,8.464417733462833,3.128753187585247,3.128753187585247,0.5544441201913093,0.369635961516429,1.0,0.8333333333333334,10.281229492871514,3.673020924673424,2.4233055668066124,0.9258979765687944,0.3820805717823385,3,"[[2, 4], [2, 3], [3, 4], [2, 4]]","[true, true, true, true, true]",0,0.0,0,1,0.2958067500000041
figure_eight--demand_conflict,figure_eight,demand_conflict,1031,violation_safe,8.464417733462833,3.1070171970338487,3.128753187585247,0.5544441201913093,0.36706803644044084,1.0,0.6666666666666666,10.281229492871514,3.8423395704111294,2.4233055668066124,0.8694285519650126,0.3587779287408354,3,"[[2, 4], [2, 3], [3, 4], [2, 4]]","[true, true, true, true, false]",1,2.0,0,1,0.28634666700000366
figure_eight--demand_conflict,figure_eight,demand_conflict,1031,dual_anchor_dynamic,8.464417733462833,2.6935647098570463,2.6935647098570463,0.526692781103637,0.31822209095475446,1.0,0.6666666666666666,10.281229492871514,3.3570515613292957,2.4233055668066124,0.8192873309151977,0.3380866788478679,1,"[[2, 4], [3, 4], [3, 4], [3, 4]]","[true, true, true, true, true]",0,4.0,0,1,0.290930000000003
figure_eight--demand_conflict,figure_eight,demand_conflict,1049,full_trajectory,4.733084097745358,0.3530068051484258,0.3530068051484258,0.3255725305004777,0.0745828296853173,0.6666666666666666,0.0,5.724819383040775,0.45584036856878624,1.3948528721924474,0.08464448726542141,0.06068345196319963,0,"[[0, 1, 2, 3, 4, 5], [0, 1, 2, 3, 4, 5], [0, 1, 2, 3, 4, 5], [0, 1, 2, 3, 4, 5]]","[true, true, true, true, true]",0,0.0,0,1,0.20310099999999665
figure_eight--demand_conflict,figure_eight,demand_conflict,1049,error_peak_dynamic,4.733084097745358,0.2883676814431049,0.2883676814431049,0.30270809373927876,0.06092595768168816,0.6666666666666666,0.0,5.724819383040775,0.35863024804831556,1.3948528721924474,0.12974675190574708,0.09301823474888037,2,"[[2, 4], [2, 4], [3, 4], [2, 3]]","[true, true, true, true, true]",0,0.0,0,1,0.1737152080000044
figure_eight--demand_conflict,figure_eight,demand_conflict,1049,violation_dynamic,4.733084097745358,0.2883676814431049,0.2883676814431049,0.30270809373927876,0.06092595768168816,0.6666666666666666,0.0,5.724819383040775,0.35863024804831556,1.3948528721924474,0.12974675190574708,0.09301823474888037,2,"[[2, 4], [2, 4], [3, 4], [2, 3]]","[true, true, true, true, true]",0,0.0,0,1,0.1759134580000037
figure_eight--demand_conflict,figure_eight,demand_conflict,1049,violation_safe,4.733084097745358,0.2883676814431049,0.2883676814431049,0.30270809373927876,0.06092595768168816,0.6666666666666666,0.0,5.724819383040775,0.35863024804831556,1.3948528721924474,0.12974675190574708,0.09301823474888037,2,"[[2, 4], [2, 4], [3, 4], [2, 3]]","[true, true, true, true, true]",0,4.0,0,1,0.17632604199999946
figure_eight--demand_conflict,figure_eight,demand_conflict,1049,dual_anchor_dynamic,4.733084097745358,0.2911116028420885,0.2911116028420885,0.3018636703702812,0.06150568991173467,0.6666666666666666,0.0,5.724819383040775,0.37108566577989643,1.3948528721924474,0.10520523669070178,0.07542389508460405,2,"[[2, 4], [2, 4], [3, 4], [2, 3]]","[true, true, true, true, true]",0,4.0,0,1,0.20021583300000145
figure_eight--demand_conflict,figure_eight,demand_conflict,1061,full_trajectory,7.923849925990415,0.5772738423465469,0.5772738423465469,0.34838597688354056,0.07285269758240563,1.0,0.0,9.97860280427385,0.7801826759133921,1.7416953337339194,0.09708880917028019,0.05574385329616583,0,"[[0, 1, 2, 3, 4, 5], [0, 1, 2, 3, 4, 5], [0, 1, 2, 3, 4, 5], [0, 1, 2, 3, 4, 5]]","[true, true, true, true, true]",0,0.0,0,1,0.22216816699999953
figure_eight--demand_conflict,figure_eight,demand_conflict,1061,error_peak_dynamic,7.923849925990415,0.40550772436866744,0.40550772436866744,0.330215016357511,0.051175593702070574,1.0,0.0,9.97860280427385,0.4637806418456933,1.7416953337339194,0.1376425408904771,0.07902790931603017,2,"[[3, 4], [2, 3], [2, 3], [3, 4]]","[true, true, true, true, true]",0,0.0,0,1,0.197780250000001
figure_eight--demand_conflict,figure_eight,demand_conflict,1061,violation_dynamic,7.923849925990415,0.6528630754567388,0.6528630754567388,0.34298254590519694,0.08239215552471943,1.0,0.0,9.97860280427385,0.8037321177298419,1.7416953337339194,0.22202884329031908,0.12747857733207812,3,"[[3, 5], [2, 3], [0, 3], [2, 3]]","[true, true, true, true, true]",0,0.0,0,1,0.19863699999999795
figure_eight--demand_conflict,figure_eight,demand_conflict,1061,violation_safe,7.923849925990415,0.6528630754567388,0.6528630754567388,0.34298254590519694,0.08239215552471943,1.0,0.0,9.97860280427385,0.8037321177298419,1.7416953337339194,0.22202884329031908,0.12747857733207812,3,"[[3, 5], [2, 3], [0, 3], [2, 3]]","[true, true, true, true, true]",0,4.0,0,1,0.26346341600000045
figure_eight--demand_conflict,figure_eight,demand_conflict,1061,dual_anchor_dynamic,7.923849925990415,0.3367692780884083,0.3367692780884083,0.327356919793926,0.04250071382394524,1.0,0.0,9.97860280427385,0.3806469075219241,1.7416953337339194,0.09821233543201448,0.05638892952733746,2,"[[3, 4], [2, 3], [2, 3], [3, 4]]","[true, true, true, true, true]",0,4.0,0,1,0.23625183400000083
s_curve--neutral,s_curve,neutral,1031,full_trajectory,7.2844796432221175,2.0254621482637716,2.0254621482637716,0.4881973269661953,0.2780517274351056,0.8333333333333334,0.5,9.870584748340683,2.6624134563274287,1.0483328562356464,0.4279073460410808,0.40817889422793685,0,"[[0, 1, 2, 3, 4, 5], [0, 1, 2, 3, 4, 5], [0, 1, 2, 3, 4, 5], [0, 1, 2, 3, 4, 5]]","[true, true, true, true, true]",0,0.0,0,1,0.25757687500000515
s_curve--neutral,s_curve,neutral,1031,error_peak_dynamic,7.2844796432221175,1.4202542543336572,1.4202542543336572,0.41378840871963546,0.19496989818004917,0.8333333333333334,0.3333333333333333,9.870584748340683,1.798057298799185,1.0483328562356464,0.508765869350059,0.48530947620676074,2,"[[3, 4], [2, 4], [2, 4], [2, 3]]","[true, true, true, true, true]",0,0.0,0,1,0.21656704099999757
s_curve--neutral,s_curve,neutral,1031,violation_dynamic,7.2844796432221175,1.4343776341360068,1.4343776341360068,0.42126804933186135,0.19690872984601324,0.8333333333333334,0.3333333333333333,9.870584748340683,1.8323699542381284,1.0483328562356464,0.5079972257139623,0.48457627049683316,3,"[[2, 4], [3, 4], [2, 4], [2, 3]]","[true, true, true, true, true]",0,0.0,0,1,0.2220109160000021
s_curve--neutral,s_curve,neutral,1031,violation_safe,7.2844796432221175,1.4343776341360068,1.4343776341360068,0.42126804933186135,0.19690872984601324,0.8333333333333334,0.3333333333333333,9.870584748340683,1.8323699542381284,1.0483328562356464,0.5079972257139623,0.48457627049683316,3,"[[2, 4], [3, 4], [2, 4], [2, 3]]","[true, true, true, true, true]",0,4.0,0,1,0.2236890410000001
s_curve--neutral,s_curve,neutral,1031,dual_anchor_dynamic,7.2844796432221175,1.4202542543336572,1.4202542543336572,0.41378840871963546,0.19496989818004917,0.8333333333333334,0.3333333333333333,9.870584748340683,1.798057298799185,1.0483328562356464,0.508765869350059,0.48530947620676074,2,"[[3, 4], [2, 4], [2, 4], [2, 3]]","[true, true, true, true, true]",0,4.0,0,1,0.21679041699999857
s_curve--neutral,s_curve,neutral,1049,full_trajectory,3.586537087560816,0.6773330076334168,0.6773330076334168,0.4251074048342527,0.18885431576397477,0.5,0.0,4.810762786686148,0.9061282590886263,0.5747203439178326,0.13500230799169682,0.23490086860575451,0,"[[0, 1, 2, 3, 4, 5], [0, 1, 2, 3, 4, 5], [0, 1, 2, 3, 4, 5], [0, 1, 2, 3, 4, 5]]","[true, true, true, true, true]",0,0.0,0,1,0.2236477920000013
s_curve--neutral,s_curve,neutral,1049,error_peak_dynamic,3.586537087560816,0.3769324782366349,0.3769324782366349,0.3413866754992137,0.10509649531966352,0.5,0.0,4.810762786686148,0.48337956561700857,0.5747203439178326,0.19888154873234545,0.34604925828200617,0,"[[2, 4], [2, 4], [2, 4], [2, 4]]","[true, true, true, true, true]",0,0.0,0,1,0.20791100000000284
s_curve--neutral,s_curve,neutral,1049,violation_dynamic,3.586537087560816,0.39931706877789475,0.39931706877789475,0.34216683579014223,0.11133777764709192,0.5,0.0,4.810762786686148,0.49364709603979545,0.5747203439178326,0.18907256671246606,0.32898185824355936,1,"[[2, 4], [2, 4], [2, 4], [2, 3]]","[true, true, true, true, true]",0,0.0,0,1,0.2049230410000007
s_curve--neutral,s_curve,neutral,1049,violation_safe,3.586537087560816,0.39931706877789475,0.39931706877789475,0.34216683579014223,0.11133777764709192,0.5,0.0,4.810762786686148,0.49364709603979545,0.5747203439178326,0.18907256671246606,0.32898185824355936,1,"[[2, 4], [2, 4], [2, 4], [2, 3]]","[true, true, true, true, true]",0,4.0,0,1,0.2039420410000048
s_curve--neutral,s_curve,neutral,1049,dual_anchor_dynamic,3.586537087560816,0.3769324782366349,0.3769324782366349,0.3413866754992137,0.10509649531966352,0.5,0.0,4.810762786686148,0.48337956561700857,0.5747203439178326,0.19888154873234545,0.34604925828200617,0,"[[2, 4], [2, 4], [2, 4], [2, 4]]","[true, true, true, true, true]",0,4.0,0,1,0.20815391699999708
s_curve--neutral,s_curve,neutral,1061,full_trajectory,4.547357793319612,0.5585945634194931,0.5585945634194931,0.3640280125206512,0.12283936932345807,1.0,0.0,5.592877836532991,0.7423940193002877,0.7737946479795277,0.11144376972507333,0.1440224095838174,0,"[[0, 1, 2, 3, 4, 5], [0, 1, 2, 3, 4, 5], [0, 1, 2, 3, 4, 5], [0, 1, 2, 3, 4, 5]]","[true, true, true, true, true]",0,0.0,0,1,0.22323941699999494
s_curve--neutral,s_curve,neutral,1061,error_peak_dynamic,4.547357793319612,0.4831604132750728,0.4831604132750728,0.35299711141217455,0.10625080216579162,1.0,0.0,5.592877836532991,0.6347508693318152,0.7737946479795277,0.1750435495780959,0.22621447438949854,1,"[[3, 4], [3, 4], [2, 4], [2, 4]]","[true, true, true, true, true]",0,0.0,0,1,0.20365104199999706
s_curve--neutral,s_curve,neutral,1061,violation_dynamic,4.547357793319612,0.5038933883937988,0.5038933883937988,0.35356702959491526,0.11081014762771771,1.0,0.0,5.592877836532991,0.6402486424136417,0.7737946479795277,0.1697813444811856,0.21941395553006915,2,"[[3, 4], [3, 4], [2, 4], [2, 3]]","[true, true, true, true, true]",0,0.0,0,1,0.20259812500000152
s_curve--neutral,s_curve,neutral,1061,violation_safe,4.547357793319612,0.5038933883937988,0.5038933883937988,0.35356702959491526,0.11081014762771771,1.0,0.0,5.592877836532991,0.6402486424136417,0.7737946479795277,0.1697813444811856,0.21941395553006915,2,"[[3, 4], [3, 4], [2, 4], [2, 3]]","[true, true, true, true, true]",0,4.0,0,1,0.2074685829999936
s_curve--neutral,s_curve,neutral,1061,dual_anchor_dynamic,4.547357793319612,0.4831604132750728,0.4831604132750728,0.35299711141217455,0.10625080216579162,1.0,0.0,5.592877836532991,0.6347508693318152,0.7737946479795277,0.1750435495780959,0.22621447438949854,1,"[[3, 4], [3, 4], [2, 4], [2, 4]]","[true, true, true, true, true]",0,4.0,0,1,0.20612737499999412
s_curve--demand_aligned,s_curve,demand_aligned,1031,full_trajectory,9.70947601216077,3.359635800782956,3.359635800782956,0.5374352434096967,0.3460161801290958,0.6666666666666666,0.5,13.160779664454244,4.564137353704162,1.0483328562356464,0.4279073460410808,0.40817889422793685,0,"[[0, 1, 2, 3, 4, 5], [0, 1, 2, 3, 4, 5], [0, 1, 2, 3, 4, 5], [0, 1, 2, 3, 4, 5]]","[true, true, true, true, true]",0,0.0,0,1,0.2570765000000037
s_curve--demand_aligned,s_curve,demand_aligned,1031,error_peak_dynamic,9.70947601216077,2.4307350593685966,2.4307350593685966,0.44737894335275563,0.25034667744419864,0.6666666666666666,0.5,13.160779664454244,3.2554931915571887,1.0483328562356464,0.7292260241294148,0.6956054270281289,3,"[[3, 4], [2, 4], [3, 4], [2, 4]]","[true, true, true, true, true]",0,0.0,0,1,0.153457582999998
s_curve--demand_aligned,s_curve,demand_aligned,1031,violation_dynamic,9.70947601216077,1.3011962978896763,1.3011962978896763,0.3999331530925903,0.13401302977214985,0.6666666666666666,0.3333333333333333,13.160779664454244,1.569392670542917,1.0483328562356464,0.7862855258880304,0.7500342293109312,0,"[[2, 4], [2, 4], [2, 4], [2, 4]]","[true, true, true, true, true]",0,0.0,0,1,0.1541219580000046
s_curve--demand_aligned,s_curve,demand_aligned,1031,violation_safe,9.70947601216077,1.3011962978896763,1.3011962978896763,0.3999331530925903,0.13401302977214985,0.6666666666666666,0.3333333333333333,13.160779664454244,1.569392670542917,1.0483328562356464,0.7862855258880304,0.7500342293109312,0,"[[2, 4], [2, 4], [2, 4], [2, 4]]","[true, true, true, true, true]",0,4.0,0,1,0.15506879099999793
s_curve--demand_aligned,s_curve,demand_aligned,1031,dual_anchor_dynamic,9.70947601216077,2.3224105399066923,2.3224105399066923,0.4472889614667648,0.2391901001658541,0.6666666666666666,0.3333333333333333,13.160779664454244,3.0823839407986022,1.0483328562356464,0.508765869350059,0.48530947620676074,2,"[[3, 4], [2, 4], [2, 4], [2, 3]]","[true, true, true, true, true]",0,4.0,0,1,0.22196908399999415
s_curve--demand_aligned,s_curve,demand_aligned,1049,full_trajectory,4.847799033611525,1.1300753443632663,1.1300753443632663,0.46243592912943965,0.23311101316866675,0.5,0.16666666666666666,6.414350382248197,1.5533627298662163,0.5747203439178326,0.13500230799169682,0.23490086860575451,0,"[[0, 1, 2, 3, 4, 5], [0, 1, 2, 3, 4, 5], [0, 1, 2, 3, 4, 5], [0, 1, 2, 3, 4, 5]]","[true, true, true, true, true]",0,0.0,0,1,0.2317738750000018
s_curve--demand_aligned,s_curve,demand_aligned,1049,error_peak_dynamic,4.847799033611525,0.7293168772274318,0.7293168772274318,0.3765401680049578,0.15044288597171973,0.5,0.0,6.414350382248197,0.9728475225409084,0.5747203439178326,0.34367552000337076,0.5979873927213996,2,"[[2, 4], [2, 4], [1, 4], [2, 4]]","[true, true, true, true, true]",0,0.0,0,1,0.15236479099999656
s_curve--demand_aligned,s_curve,demand_aligned,1049,violation_dynamic,4.847799033611525,0.4995890729796231,0.4995890729796231,0.34983865625627897,0.10305482333648595,0.5,0.0,6.414350382248197,0.6214178835063887,0.5747203439178326,0.36416349411243765,0.6336359900364026,0,"[[2, 4], [2, 4], [2, 4], [2, 4]]","[true, true, true, true, true]",0,0.0,0,1,0.1531451660000016
s_curve--demand_aligned,s_curve,demand_aligned,1049,violation_safe,4.847799033611525,0.4995890729796231,0.4995890729796231,0.34983865625627897,0.10305482333648595,0.5,0.0,6.414350382248197,0.6214178835063887,0.5747203439178326,0.36416349411243765,0.6336359900364026,0,"[[2, 4], [2, 4], [2, 4], [2, 4]]","[true, true, true, true, true]",0,4.0,0,1,0.15392287499999924
s_curve--demand_aligned,s_curve,demand_aligned,1049,dual_anchor_dynamic,4.847799033611525,0.6137373874998461,0.6137373874998461,0.3565499966584895,0.12660124383139343,0.5,0.0,6.414350382248197,0.8286506839148716,0.5747203439178326,0.19888154873234545,0.34604925828200617,0,"[[2, 4], [2, 4], [2, 4], [2, 4]]","[true, true, true, true, true]",0,4.0,0,1,0.2069839170000023
s_curve--demand_aligned,s_curve,demand_aligned,1061,full_trajectory,5.850018382568784,0.9301378932448604,0.9301378932448604,0.39754215405831306,0.15899743084848741,0.8333333333333334,0.16666666666666666,7.457170448710654,1.272675461657636,0.7737946479795277,0.11144376972507333,0.1440224095838174,0,"[[0, 1, 2, 3, 4, 5], [0, 1, 2, 3, 4, 5], [0, 1, 2, 3, 4, 5], [0, 1, 2, 3, 4, 5]]","[true, true, true, true, true]",0,0.0,0,1,0.2251757920000017
s_curve--demand_aligned,s_curve,demand_aligned,1061,error_peak_dynamic,5.850018382568784,1.1429267507487038,1.1429267507487038,0.3888690233743858,0.19537148022547524,0.8333333333333334,0.16666666666666666,7.457170448710654,1.5717061790043025,0.7737946479795277,0.28233929449256095,0.3648762565491805,3,"[[3, 4], [2, 4], [1, 2], [1, 4]]","[true, true, true, true, true]",0,0.0,0,1,0.14952041700000507
s_curve--demand_aligned,s_curve,demand_aligned,1061,violation_dynamic,5.850018382568784,0.7191692201685029,0.7191692201685029,0.3688039359364194,0.12293452313097018,0.8333333333333334,0.0,7.457170448710654,0.907817075947986,0.7737946479795277,0.2886800893043188,0.37307067199042765,2,"[[3, 4], [2, 4], [2, 4], [1, 2]]","[true, true, true, true, true]",0,0.0,0,1,0.154239000000004
s_curve--demand_aligned,s_curve,demand_aligned,1061,violation_safe,5.850018382568784,0.7191692201685029,0.7191692201685029,0.3688039359364194,0.12293452313097018,0.8333333333333334,0.0,7.457170448710654,0.907817075947986,0.7737946479795277,0.2886800893043188,0.37307067199042765,2,"[[3, 4], [2, 4], [2, 4], [1, 2]]","[true, true, true, true, true]",0,4.0,0,1,0.15175874999999905
s_curve--demand_aligned,s_curve,demand_aligned,1061,dual_anchor_dynamic,5.850018382568784,0.628697660112913,0.628697660112913,0.3547606474209614,0.10746934778636497,0.8333333333333334,0.0,7.457170448710654,0.8472406144385567,0.7737946479795277,0.17263005673227652,0.22309543905871498,1,"[[3, 4], [2, 4], [2, 4], [2, 4]]","[true, true, true, true, true]",0,4.0,0,1,0.20799500000000393
s_curve--demand_conflict,s_curve,demand_conflict,1031,full_trajectory,4.97383657800955,1.1254817327769144,1.1254817327769144,0.4655866575203505,0.2262804004765501,1.0,0.5,6.580389832227122,1.3890852815621364,1.0483328562356464,0.4279073460410808,0.40817889422793685,0,"[[0, 1, 2, 3, 4, 5], [0, 1, 2, 3, 4, 5], [0, 1, 2, 3, 4, 5], [0, 1, 2, 3, 4, 5]]","[true, true, true, true, true]",0,0.0,0,1,0.25280383300000153
s_curve--demand_conflict,s_curve,demand_conflict,1031,error_peak_dynamic,4.97383657800955,0.8545048097771295,0.8545048097771295,0.43513103024413846,0.1717999368043348,1.0,0.16666666666666666,6.580389832227122,1.010432286980872,1.0483328562356464,0.5474812739163546,0.5222399266223996,2,"[[3, 4], [2, 4], [2, 4], [2, 3]]","[true, true, true, true, true]",0,0.0,0,1,0.2072904159999993
s_curve--demand_conflict,s_curve,demand_conflict,1031,violation_dynamic,4.97383657800955,0.9750579398361252,0.9750579398361252,0.4161404116806506,0.1960373897580543,1.0,0.3333333333333333,6.580389832227122,1.1466853159540176,1.0483328562356464,0.5865766460058817,0.5595328263507461,2,"[[3, 4], [3, 4], [2, 3], [2, 4]]","[true, true, true, true, true]",0,0.0,0,1,0.20874029099999802
s_curve--demand_conflict,s_curve,demand_conflict,1031,violation_safe,4.97383657800955,0.9750579398361252,0.9750579398361252,0.4161404116806506,0.1960373897580543,1.0,0.3333333333333333,6.580389832227122,1.1466853159540176,1.0483328562356464,0.5865766460058817,0.5595328263507461,2,"[[3, 4], [3, 4], [2, 3], [2, 4]]","[true, true, true, true, true]",0,4.0,0,1,0.20402024999999924
s_curve--demand_conflict,s_curve,demand_conflict,1031,dual_anchor_dynamic,4.97383657800955,0.9389620154981138,0.9389620154981138,0.42540183515174146,0.18878023046625134,1.0,0.3333333333333333,6.580389832227122,1.1362248292989845,1.0483328562356464,0.5391539869879474,0.5142965650470419,3,"[[3, 4], [2, 4], [3, 4], [2, 4]]","[true, true, true, true, true]",0,4.0,0,1,0.21436791699999702
s_curve--demand_conflict,s_curve,demand_conflict,1049,full_trajectory,2.3986203330950975,0.37393353494818093,0.37393353494818093,0.4067298384338981,0.15589525769827436,0.5,0.0,3.2071751911240987,0.47276256995928323,0.5747203439178326,0.13500230799169682,0.23490086860575451,0,"[[0, 1, 2, 3, 4, 5], [0, 1, 2, 3, 4, 5], [0, 1, 2, 3, 4, 5], [0, 1, 2, 3, 4, 5]]","[true, true, true, true, true]",0,0.0,0,1,0.22391512499999777
s_curve--demand_conflict,s_curve,demand_conflict,1049,error_peak_dynamic,2.3986203330950975,0.27726429707442235,0.27726429707442235,0.3453199216443479,0.11559324051783135,0.5,0.0,3.2071751911240987,0.3357126281360886,0.5747203439178326,0.21009445982783573,0.36555946218231106,1,"[[2, 4], [2, 4], [2, 4], [2, 3]]","[true, true, true, true, true]",0,0.0,0,1,0.19636162500000154
s_curve--demand_conflict,s_curve,demand_conflict,1049,violation_dynamic,2.3986203330950975,0.36807614534467276,0.36807614534467276,0.3783430968853223,0.153453274895623,0.5,0.0,3.2071751911240987,0.4503901250330793,0.5747203439178326,0.22955768014196937,0.39942501178414713,3,"[[3, 4], [2, 4], [3, 4], [2, 3]]","[true, true, true, true, true]",0,0.0,0,1,0.1933225420000042
s_curve--demand_conflict,s_curve,demand_conflict,1049,violation_safe,2.3986203330950975,0.36807614534467276,0.36807614534467276,0.3783430968853223,0.153453274895623,0.5,0.0,3.2071751911240987,0.4503901250330793,0.5747203439178326,0.22955768014196937,0.39942501178414713,3,"[[3, 4], [2, 4], [3, 4], [2, 3]]","[true, true, true, true, true]",0,4.0,0,1,0.1926633750000022
s_curve--demand_conflict,s_curve,demand_conflict,1049,dual_anchor_dynamic,2.3986203330950975,0.26582826522541225,0.26582826522541225,0.3434051023949255,0.11082548645053658,0.5,0.0,3.2071751911240987,0.32397523581257787,0.5747203439178326,0.18907256671246606,0.32898185824355936,1,"[[2, 4], [2, 4], [2, 4], [2, 3]]","[true, true, true, true, true]",0,4.0,0,1,0.2043382080000029
s_curve--demand_conflict,s_curve,demand_conflict,1061,full_trajectory,3.672171887139716,0.3110326692024608,0.3110326692024608,0.3345940868268036,0.08469992112616674,1.0,0.0,4.404803013888331,0.3873360100697153,0.7737946479795277,0.11144376972507333,0.1440224095838174,0,"[[0, 1, 2, 3, 4, 5], [0, 1, 2, 3, 4, 5], [0, 1, 2, 3, 4, 5], [0, 1, 2, 3, 4, 5]]","[true, true, true, true, true]",0,0.0,0,1,0.22391145799999634
s_curve--demand_conflict,s_curve,demand_conflict,1061,error_peak_dynamic,3.672171887139716,0.3151887722918213,0.3151887722918213,0.3315115996686018,0.08583170450044601,1.0,0.0,4.404803013888331,0.3679399052996276,0.7737946479795277,0.2057547356595252,0.26590353939094297,1,"[[3, 4], [3, 4], [2, 4], [2, 4]]","[true, true, true, true, true]",0,0.0,0,1,0.1791572919999993
s_curve--demand_conflict,s_curve,demand_conflict,1061,violation_dynamic,3.672171887139716,0.40961163917787546,0.40961163917787546,0.33791065598547965,0.11154478923287146,1.0,0.0,4.404803013888331,0.5102128114695708,0.7737946479795277,0.21364261143043772,0.27609729789199844,3,"[[3, 4], [1, 3], [2, 4], [2, 3]]","[true, true, true, true, true]",0,0.0,0,1,0.18977579199999894
s_curve--demand_conflict,s_curve,demand_conflict,1061,violation_safe,3.672171887139716,0.40961163917787546,0.40961163917787546,0.33791065598547965,0.11154478923287146,1.0,0.0,4.404803013888331,0.5102128114695708,0.7737946479795277,0.21364261143043772,0.27609729789199844,3,"[[3, 4], [1, 3], [2, 4], [2, 3]]","[true, true, true, true, true]",0,4.0,0,1,0.19020695800000453
s_curve--demand_conflict,s_curve,demand_conflict,1061,dual_anchor_dynamic,3.672171887139716,0.28140199896180956,0.28140199896180956,0.3208517455612784,0.07663094419607788,1.0,0.0,4.404803013888331,0.33117436660790356,0.7737946479795277,0.1750435495780959,0.22621447438949854,1,"[[3, 4], [3, 4], [2, 4], [2, 4]]","[true, true, true, true, true]",0,4.0,0,1,0.20782045800000049
