trajectory,domain_seed,method,initial_task_score,final_task_score,last_observed_task_score,task_auc_normalized,final_task_ratio,initial_violation_rate,final_violation_rate,initial_task_max_ratio,final_task_max_ratio,initial_global_rmse,final_global_rmse,final_global_ratio,selection_switches,selection_history,accepted_history,rejected_trials,final_trust_radius_mm,constraint_violation,all_updates_succeeded,elapsed_s
harmonic_loop,631,full_trajectory,14.421427541821247,4.353212764614049,4.353212764614049,0.47758005056498254,0.30185727120217476,0.8333333333333334,0.6666666666666666,20.297578846118675,5.53917844714267,1.6901659043003565,0.757193429740459,0.44799947023774506,0,"[[0, 1, 2, 3, 4, 5], [0, 1, 2, 3, 4, 5], [0, 1, 2, 3, 4, 5], [0, 1, 2, 3, 4, 5]]","[true, true, true, true, true]",0,0.0,0,1,0.30086954099999996
harmonic_loop,631,static_tolerance,14.421427541821247,3.791381745790125,3.791381745790125,0.4292871732429192,0.2628991987648485,0.8333333333333334,0.6666666666666666,20.297578846118675,4.756922052070974,1.6901659043003565,0.9627599976432674,0.5696245529469496,0,"[[2, 3], [2, 3], [2, 3], [2, 3]]","[true, true, true, true, true]",0,0.0,0,1,0.24361341700000017
harmonic_loop,631,curvature_zones,14.421427541821247,3.791381745790125,3.791381745790125,0.4292871732429192,0.2628991987648485,0.8333333333333334,0.6666666666666666,20.297578846118675,4.756922052070974,1.6901659043003565,0.9627599976432674,0.5696245529469496,0,"[[2, 3], [2, 3], [2, 3], [2, 3]]","[true, true, true, true, true]",0,0.0,0,1,0.24279287500000013
harmonic_loop,631,jerk_zones,14.421427541821247,6.853470612569042,6.853470612569042,0.6731932589425934,0.4752283082028046,0.8333333333333334,0.5,20.297578846118675,9.414549468211954,1.6901659043003565,0.8911747471337362,0.527270574365679,0,"[[1, 2], [1, 2], [1, 2], [1, 2]]","[true, true, true, true, true]",0,0.0,0,1,0.21936195800000013
harmonic_loop,631,error_peak_dynamic,14.421427541821247,4.112583555108438,4.112583555108438,0.4414923686195663,0.28517173790057887,0.8333333333333334,0.6666666666666666,20.297578846118675,5.234497636117088,1.6901659043003565,0.9465278715294769,0.5600206873900297,2,"[[1, 3], [1, 3], [3, 4], [1, 3]]","[true, true, true, true, true]",0,0.0,0,1,0.25217737500000004
harmonic_loop,631,violation_dynamic,14.421427541821247,3.809303184880315,3.809303184880315,0.42664397101099705,0.26414189398612387,0.8333333333333334,0.6666666666666666,20.297578846118675,4.841309822437767,1.6901659043003565,0.9403223820429388,0.5563491605471623,2,"[[3, 4], [1, 3], [1, 3], [3, 4]]","[true, true, true, true, true]",0,0.0,0,1,0.2509771249999999
harmonic_loop,631,violation_safe,14.421427541821247,3.809303184880315,3.809303184880315,0.42664397101099705,0.26414189398612387,0.8333333333333334,0.6666666666666666,20.297578846118675,4.841309822437767,1.6901659043003565,0.9403223820429388,0.5563491605471623,2,"[[3, 4], [1, 3], [1, 3], [3, 4]]","[true, true, true, true, true]",0,4.0,0,1,0.25743916600000016
harmonic_loop,631,random_zones,14.421427541821247,6.199789345850705,6.199789345850705,0.6217488652478385,0.4299012235696986,0.8333333333333334,0.6666666666666666,20.297578846118675,8.416759095578326,1.6901659043003565,0.8473127010614777,0.5013192485457352,0,"[[1, 5], [1, 5], [1, 5], [1, 5]]","[true, true, true, true, true]",0,0.0,0,1,0.23403004100000002
harmonic_loop,647,full_trajectory,4.97089396229428,0.6377625769756652,0.6377625769756652,0.3724862864937723,0.12829937267084862,0.6666666666666666,0.0,6.348424104381413,0.758225597993556,0.6763192322364728,0.09848499487946583,0.1456190955176488,0,"[[0, 1, 2, 3, 4, 5], [0, 1, 2, 3, 4, 5], [0, 1, 2, 3, 4, 5], [0, 1, 2, 3, 4, 5]]","[true, true, true, true, true]",0,0.0,0,1,0.2262716669999998
harmonic_loop,647,static_tolerance,4.97089396229428,1.0164663934829763,1.0164663934829763,0.38153802833371125,0.20448362028906236,0.6666666666666666,0.3333333333333333,6.348424104381413,1.3148823920360346,0.6763192322364728,0.18838698187948164,0.2785474268660347,0,"[[2, 3], [2, 3], [2, 3], [2, 3]]","[true, true, true, true, true]",0,0.0,0,1,0.1676471669999997
harmonic_loop,647,curvature_zones,4.97089396229428,1.0164663934829763,1.0164663934829763,0.38153802833371125,0.20448362028906236,0.6666666666666666,0.3333333333333333,6.348424104381413,1.3148823920360346,0.6763192322364728,0.18838698187948164,0.2785474268660347,0,"[[2, 3], [2, 3], [2, 3], [2, 3]]","[true, true, true, true, true]",0,0.0,0,1,0.1677860419999999
harmonic_loop,647,jerk_zones,4.97089396229428,1.6346741995148677,1.6346741995148677,0.5516832911611852,0.3288491389907653,0.6666666666666666,0.3333333333333333,6.348424104381413,2.2413410791634587,0.6763192322364728,0.20135059434250344,0.2977153165919461,0,"[[1, 2], [1, 2], [1, 2], [1, 2]]","[true, true, true, true, true]",0,0.0,0,1,0.17256674999999966
harmonic_loop,647,error_peak_dynamic,4.97089396229428,0.8995526359228732,0.8995526359228732,0.37280860285348233,0.18096395592950673,0.6666666666666666,0.16666666666666666,6.348424104381413,1.183163838762399,0.6763192322364728,0.15209213407213085,0.2248821663243081,3,"[[2, 3], [2, 4], [1, 3], [2, 4]]","[true, true, true, true, true]",0,0.0,0,1,0.18478808400000002
harmonic_loop,647,violation_dynamic,4.97089396229428,0.6555537236566573,0.6555537236566573,0.36667291292232956,0.13187843648028477,0.6666666666666666,0.0,6.348424104381413,0.800351679993152,0.6763192322364728,0.14967071385182176,0.221301874496288,3,"[[2, 3], [2, 4], [1, 3], [3, 4]]","[true, true, true, true, true]",0,0.0,0,1,0.1878449170000005
harmonic_loop,647,violation_safe,4.97089396229428,0.6555537236566573,0.6555537236566573,0.36667291292232956,0.13187843648028477,0.6666666666666666,0.0,6.348424104381413,0.800351679993152,0.6763192322364728,0.14967071385182176,0.221301874496288,3,"[[2, 3], [2, 4], [1, 3], [3, 4]]","[true, true, true, true, true]",0,4.0,0,1,0.18784962500000013
harmonic_loop,647,random_zones,4.97089396229428,1.7063627190858695,1.7063627190858695,0.545796839458356,0.34327079435392144,0.6666666666666666,0.3333333333333333,6.348424104381413,2.351920662531923,0.6763192322364728,0.21051021391049143,0.31125865401516073,0,"[[2, 4], [2, 4], [2, 4], [2, 4]]","[true, true, true, true, true]",0,0.0,0,1,0.18471858300000044
harmonic_loop,659,full_trajectory,9.140197049074414,1.8344531564376338,1.8344531564376338,0.4316477682122382,0.2007017076971443,0.6666666666666666,0.5,12.853750683135745,2.3380168303432876,1.0863784319301684,0.31101966542771525,0.28629035360645616,0,"[[0, 1, 2, 3, 4, 5], [0, 1, 2, 3, 4, 5], [0, 1, 2, 3, 4, 5], [0, 1, 2, 3, 4, 5]]","[true, true, true, true, true]",0,0.0,0,1,0.275723417
harmonic_loop,659,static_tolerance,9.140197049074414,2.2082004507800455,2.2082004507800455,0.3856024212600069,0.2415922150172528,0.6666666666666666,0.5,12.853750683135745,2.9907014235090394,1.0863784319301684,0.47517293022403473,0.4373917193659626,0,"[[2, 3], [2, 3], [2, 3], [2, 3]]","[true, true, true, true, true]",0,0.0,0,1,0.21966524999999937
harmonic_loop,659,curvature_zones,9.140197049074414,2.2082004507800455,2.2082004507800455,0.3856024212600069,0.2415922150172528,0.6666666666666666,0.5,12.853750683135745,2.9907014235090394,1.0863784319301684,0.47517293022403473,0.4373917193659626,0,"[[2, 3], [2, 3], [2, 3], [2, 3]]","[true, true, true, true, true]",0,0.0,0,1,0.21507341600000007
harmonic_loop,659,jerk_zones,9.140197049074414,3.7730917236681876,3.7730917236681876,0.6407852207142628,0.412802011095622,0.6666666666666666,0.3333333333333333,12.853750683135745,5.198285476294887,1.0863784319301684,0.49350752194586045,0.45426851955174197,0,"[[1, 2], [1, 2], [1, 2], [1, 2]]","[true, true, true, true, true]",0,0.0,0,1,0.26409958300000014
harmonic_loop,659,error_peak_dynamic,9.140197049074414,1.750325890390096,1.750325890390096,0.36316269390217143,0.1914976100616281,0.6666666666666666,0.5,12.853750683135745,2.285424041159083,1.0863784319301684,0.3733990145436989,0.3437098929516494,3,"[[1, 3], [3, 4], [1, 3], [1, 4]]","[true, true, true, true, true]",0,0.0,0,1,0.22830891699999967
harmonic_loop,659,violation_dynamic,9.140197049074414,1.5943025478903992,1.5943025478903992,0.35078516781017155,0.17442759049180967,0.6666666666666666,0.6666666666666666,12.853750683135745,1.9862124823334,1.0863784319301684,0.4108237356430574,0.37815895784413445,3,"[[3, 4], [1, 3], [3, 4], [1, 3]]","[true, true, true, true, true]",0,0.0,0,1,0.23123324999999983
harmonic_loop,659,violation_safe,9.140197049074414,1.4941413909484944,1.5943025478903992,0.35078516781017155,0.163469275654161,0.6666666666666666,0.6666666666666666,12.853750683135745,1.696991821919726,1.0863784319301684,0.4772525315561984,0.4393059706719913,3,"[[3, 4], [1, 3], [3, 4], [1, 3]]","[true, true, true, true, false]",1,2.0,0,1,0.24065883400000043
harmonic_loop,659,random_zones,9.140197049074414,3.566287586588298,3.566287586588298,0.6191372653573621,0.3901762256809813,0.6666666666666666,0.5,12.853750683135745,4.878000726601365,1.0863784319301684,0.49937687727811153,0.4596711998330717,0,"[[2, 5], [2, 5], [2, 5], [2, 5]]","[true, true, true, true, true]",0,0.0,0,1,0.30371241699999985
harmonic_loop,677,full_trajectory,3.802471902658263,0.5887047972997567,0.5887047972997567,0.4041858387031301,0.15482160351749086,0.6666666666666666,0.0,4.8219618950621,0.7298053520332994,0.5233622291665831,0.09073231390387108,0.17336427592101133,0,"[[0, 1, 2, 3, 4, 5], [0, 1, 2, 3, 4, 5], [0, 1, 2, 3, 4, 5], [0, 1, 2, 3, 4, 5]]","[true, true, true, true, true]",0,0.0,0,1,0.2348225829999997
harmonic_loop,677,static_tolerance,3.802471902658263,0.8202170187725717,0.8202170187725717,0.39761635790334493,0.21570626681006314,0.6666666666666666,0.16666666666666666,4.8219618950621,1.0848069152090742,0.5233622291665831,0.16021672979161,0.3061297144938099,0,"[[2, 3], [2, 3], [2, 3], [2, 3]]","[true, true, true, true, true]",0,0.0,0,1,0.18050033400000132
harmonic_loop,677,curvature_zones,3.802471902658263,0.8202170187725717,0.8202170187725717,0.39761635790334493,0.21570626681006314,0.6666666666666666,0.16666666666666666,4.8219618950621,1.0848069152090742,0.5233622291665831,0.16021672979161,0.3061297144938099,0,"[[2, 3], [2, 3], [2, 3], [2, 3]]","[true, true, true, true, true]",0,0.0,0,1,0.1712359999999986
harmonic_loop,677,jerk_zones,3.802471902658263,1.4748824795127036,1.4748824795127036,0.6377652352837762,0.3878746555580413,0.6666666666666666,0.16666666666666666,4.8219618950621,2.0336030103995877,0.5233622291665831,0.17872085578135743,0.34148596482775917,0,"[[1, 2], [1, 2], [1, 2], [1, 2]]","[true, true, true, true, true]",0,0.0,0,1,0.1693470829999999
harmonic_loop,677,error_peak_dynamic,3.802471902658263,0.5828833984700639,0.5828833984700639,0.39108063352748473,0.1532906523418561,0.6666666666666666,0.0,4.8219618950621,0.6975199037361481,0.5233622291665831,0.1388565036329148,0.26531624923341113,3,"[[2, 3], [3, 4], [1, 2], [3, 4]]","[true, true, true, true, true]",0,0.0,0,1,0.18082908399999909
harmonic_loop,677,violation_dynamic,3.802471902658263,0.5828833984700639,0.5828833984700639,0.39108063352748473,0.1532906523418561,0.6666666666666666,0.0,4.8219618950621,0.6975199037361481,0.5233622291665831,0.1388565036329148,0.26531624923341113,3,"[[2, 3], [3, 4], [1, 2], [3, 4]]","[true, true, true, true, true]",0,0.0,0,1,0.1844568330000005
harmonic_loop,677,violation_safe,3.802471902658263,0.5828833984700639,0.5828833984700639,0.39108063352748473,0.1532906523418561,0.6666666666666666,0.0,4.8219618950621,0.6975199037361481,0.5233622291665831,0.1388565036329148,0.26531624923341113,3,"[[2, 3], [3, 4], [1, 2], [3, 4]]","[true, true, true, true, true]",0,4.0,0,1,0.17700479099999988
harmonic_loop,677,random_zones,3.802471902658263,1.4748824795127036,1.4748824795127036,0.6377652352837762,0.3878746555580413,0.6666666666666666,0.16666666666666666,4.8219618950621,2.0336030103995877,0.5233622291665831,0.17872085578135743,0.34148596482775917,0,"[[1, 2], [1, 2], [1, 2], [1, 2]]","[true, true, true, true, true]",0,0.0,0,1,0.1809182499999995
harmonic_loop,691,full_trajectory,12.862069933513736,3.9666112524993538,3.9666112524993538,0.49833043189453,0.3083960259121163,0.6666666666666666,0.6666666666666666,17.83794976375735,4.891463231226993,1.479975150236633,0.6830666142530604,0.46153924553655173,0,"[[0, 1, 2, 3, 4, 5], [0, 1, 2, 3, 4, 5], [0, 1, 2, 3, 4, 5], [0, 1, 2, 3, 4, 5]]","[true, true, true, true, true]",0,0.0,0,1,0.33076241700000075
harmonic_loop,691,static_tolerance,12.862069933513736,4.061281106435965,4.061281106435965,0.448885905142479,0.31575641614681227,0.6666666666666666,0.6666666666666666,17.83794976375735,5.431055318785796,1.479975150236633,0.8675956646396101,0.5862231298281532,0,"[[2, 3], [2, 3], [2, 3], [2, 3]]","[true, true, true, true, true]",0,0.0,0,1,0.2833816250000005
harmonic_loop,691,curvature_zones,12.862069933513736,4.061281106435965,4.061281106435965,0.448885905142479,0.31575641614681227,0.6666666666666666,0.6666666666666666,17.83794976375735,5.431055318785796,1.479975150236633,0.8675956646396101,0.5862231298281532,0,"[[2, 3], [2, 3], [2, 3], [2, 3]]","[true, true, true, true, true]",0,0.0,0,1,0.26423954100000024
harmonic_loop,691,jerk_zones,12.862069933513736,6.537675536131593,6.537675536131593,0.7280232344011237,0.508291089220162,0.6666666666666666,0.6666666666666666,17.83794976375735,8.919496527886867,1.479975150236633,0.8561913849909931,0.5785174060889446,0,"[[1, 2], [1, 2], [1, 2], [1, 2]]","[true, true, true, true, true]",0,0.0,0,1,0.22483733299999997
harmonic_loop,691,error_peak_dynamic,12.862069933513736,3.9361226604257276,3.9361226604257276,0.4298074447246355,0.3060255993609292,0.6666666666666666,0.6666666666666666,17.83794976375735,5.147969900468839,1.479975150236633,0.7320289697783665,0.4946224736687792,3,"[[2, 3], [1, 3], [3, 4], [1, 4]]","[true, true, true, true, true]",0,0.0,0,1,0.27464070799999973
harmonic_loop,691,violation_dynamic,12.862069933513736,2.62071845091861,2.62071845091861,0.4150324659815848,0.20375557468320085,0.6666666666666666,0.6666666666666666,17.83794976375735,3.108555382311754,1.479975150236633,0.8112242673721501,0.5481337083547948,3,"[[2, 3], [3, 4], [2, 3], [3, 4]]","[true, true, true, true, true]",0,0.0,0,1,0.28761329199999963
harmonic_loop,691,violation_safe,12.862069933513736,2.62071845091861,2.62071845091861,0.4150324659815848,0.20375557468320085,0.6666666666666666,0.6666666666666666,17.83794976375735,3.108555382311754,1.479975150236633,0.8112242673721501,0.5481337083547948,3,"[[2, 3], [3, 4], [2, 3], [3, 4]]","[true, true, true, true, true]",0,4.0,0,1,0.32494912499999984
harmonic_loop,691,random_zones,12.862069933513736,5.418352483744153,5.418352483744153,0.6551394689503302,0.42126597909609836,0.6666666666666666,0.6666666666666666,17.83794976375735,7.225799360877615,1.479975150236633,0.7739522212496864,0.522949470554245,0,"[[0, 1], [0, 1], [0, 1], [0, 1]]","[true, true, true, true, true]",0,0.0,0,1,0.2710961659999995
harmonic_loop,709,full_trajectory,11.044380932758228,2.5722073188399444,2.5722073188399444,0.4443358591765105,0.23289737419420575,0.8333333333333334,0.6666666666666666,15.537877043583842,3.288926716945561,1.305767458021969,0.4361110621279852,0.33398830660753676,0,"[[0, 1, 2, 3, 4, 5], [0, 1, 2, 3, 4, 5], [0, 1, 2, 3, 4, 5], [0, 1, 2, 3, 4, 5]]","[true, true, true, true, true]",0,0.0,0,1,0.28589166699999957
harmonic_loop,709,static_tolerance,11.044380932758228,2.9291002763289717,2.9291002763289717,0.3917821129246506,0.26521181170427605,0.8333333333333334,0.5,15.537877043583842,3.963985229034299,1.305767458021969,0.6233149151375013,0.47735522225505966,0,"[[2, 3], [2, 3], [2, 3], [2, 3]]","[true, true, true, true, true]",0,0.0,0,1,0.23153529100000014
harmonic_loop,709,curvature_zones,11.044380932758228,2.9291002763289717,2.9291002763289717,0.3917821129246506,0.26521181170427605,0.8333333333333334,0.5,15.537877043583842,3.963985229034299,1.305767458021969,0.6233149151375013,0.47735522225505966,0,"[[2, 3], [2, 3], [2, 3], [2, 3]]","[true, true, true, true, true]",0,0.0,0,1,0.5842590409999993
harmonic_loop,709,jerk_zones,11.044380932758228,4.742774434757444,4.742774434757444,0.649074888047406,0.42942872612172583,0.8333333333333334,0.5,15.537877043583842,6.53498133412597,1.305767458021969,0.6172298304435502,0.47269506270171235,0,"[[1, 2], [1, 2], [1, 2], [1, 2]]","[true, true, true, true, true]",0,0.0,0,1,0.2321153339999995
harmonic_loop,709,error_peak_dynamic,11.044380932758228,2.45226194820814,2.45226194820814,0.37341424958589053,0.22203706691559316,0.8333333333333334,0.5,15.537877043583842,3.227708145806877,1.305767458021969,0.49495557385049377,0.379053384130336,3,"[[1, 3], [3, 4], [1, 3], [1, 4]]","[true, true, true, true, true]",0,0.0,0,1,0.23828987499999954
harmonic_loop,709,violation_dynamic,11.044380932758228,2.1942709323323,2.1942709323323,0.3571965901775481,0.19867758507169692,0.8333333333333334,0.6666666666666666,15.537877043583842,2.753122010303727,1.305767458021969,0.5488508058618496,0.4203281392027274,3,"[[3, 4], [1, 3], [3, 4], [1, 3]]","[true, true, true, true, true]",0,0.0,0,1,0.36549879200000035
harmonic_loop,709,violation_safe,11.044380932758228,1.8777495460220621,2.1942709323323,0.3571965901775481,0.17001854223015397,0.8333333333333334,0.6666666666666666,15.537877043583842,2.1115383026846932,1.305767458021969,0.6124625455787539,0.4690441179370006,3,"[[3, 4], [1, 3], [3, 4], [1, 3]]","[true, true, true, true, false]",1,2.0,0,1,0.3144229999999997
harmonic_loop,709,random_zones,11.044380932758228,2.9291002763289717,2.9291002763289717,0.3917821129246506,0.26521181170427605,0.8333333333333334,0.5,15.537877043583842,3.963985229034299,1.305767458021969,0.6233149151375013,0.47735522225505966,0,"[[2, 3], [2, 3], [2, 3], [2, 3]]","[true, true, true, true, true]",0,0.0,0,1,0.2670868750000004
ellipse,631,full_trajectory,11.74102238041194,0.47211296463186125,0.47211296463186125,0.29458523703692213,0.04021054975753287,0.8333333333333334,0.0,15.511233389706257,0.6316679161795202,2.040906106885315,0.09957002070129917,0.04878716388048631,0,"[[0, 1, 2, 3, 4, 5], [0, 1, 2, 3, 4, 5], [0, 1, 2, 3, 4, 5], [0, 1, 2, 3, 4, 5]]","[true, true, true, true, true]",0,0.0,0,1,0.24223729200000044
ellipse,631,static_tolerance,11.74102238041194,0.927934175915722,0.927934175915722,0.31759033544718374,0.0790335071214782,0.8333333333333334,0.16666666666666666,15.511233389706257,1.2706299698617134,2.040906106885315,0.18034260466596452,0.08836398894469012,0,"[[1, 3], [1, 3], [1, 3], [1, 3]]","[true, true, true, true, true]",0,0.0,0,1,0.22808662499999954
ellipse,631,curvature_zones,11.74102238041194,0.8507561901871179,0.8507561901871179,0.3379380365373948,0.07246014551564706,0.8333333333333334,0.16666666666666666,15.511233389706257,1.0836710554742723,2.040906106885315,0.1687371356305359,0.08267755927686966,0,"[[0, 5], [0, 5], [0, 5], [0, 5]]","[true, true, true, true, true]",0,0.0,0,1,0.2181377090000005
ellipse,631,jerk_zones,11.74102238041194,0.5285193012906828,0.5285193012906828,0.2836932220614207,0.04501475971738497,0.8333333333333334,0.0,15.511233389706257,0.6697519300763513,2.040906106885315,0.14289192413359736,0.07001396274504211,0,"[[2, 4], [2, 4], [2, 4], [2, 4]]","[true, true, true, true, true]",0,0.0,0,1,0.2297994999999986
ellipse,631,error_peak_dynamic,11.74102238041194,0.5140332340829554,0.5140332340829554,0.289854766780847,0.04378096024589303,0.8333333333333334,0.0,15.511233389706257,0.6688374083854551,2.040906106885315,0.12755635055458306,0.062499862254442685,2,"[[3, 4], [2, 4], [1, 2], [1, 2]]","[true, true, true, true, true]",0,0.0,0,1,0.2251934999999996
ellipse,631,violation_dynamic,11.74102238041194,0.5140332340829554,0.5140332340829554,0.289854766780847,0.04378096024589303,0.8333333333333334,0.0,15.511233389706257,0.6688374083854551,2.040906106885315,0.12755635055458306,0.062499862254442685,2,"[[3, 4], [2, 4], [1, 2], [1, 2]]","[true, true, true, true, true]",0,0.0,0,1,0.21356854200000086
ellipse,631,violation_safe,11.74102238041194,0.5140332340829554,0.5140332340829554,0.289854766780847,0.04378096024589303,0.8333333333333334,0.0,15.511233389706257,0.6688374083854551,2.040906106885315,0.12755635055458306,0.062499862254442685,2,"[[3, 4], [2, 4], [1, 2], [1, 2]]","[true, true, true, true, true]",0,4.0,0,1,0.21113720800000024
ellipse,631,random_zones,11.74102238041194,0.8793510966304223,0.8793510966304223,0.3134303012581294,0.07489561540206943,0.8333333333333334,0.16666666666666666,15.511233389706257,1.1784823191648128,2.040906106885315,0.16028176626706364,0.07853461054691743,0,"[[4, 5], [4, 5], [4, 5], [4, 5]]","[true, true, true, true, true]",0,0.0,0,1,0.2062895840000003
ellipse,647,full_trajectory,4.316847166816868,0.10047744500923225,0.10047744500923225,0.27330031814140554,0.02327565492278517,0.5,0.0,5.838308723740941,0.1251475671451659,0.6285356370061251,0.019799729101044317,0.03150136274747357,0,"[[0, 1, 2, 3, 4, 5], [0, 1, 2, 3, 4, 5], [0, 1, 2, 3, 4, 5], [0, 1, 2, 3, 4, 5]]","[true, true, true, true, true]",0,0.0,0,1,0.18661470800000046
ellipse,647,static_tolerance,4.316847166816868,0.18708706060786356,0.18708706060786356,0.27308533000578356,0.04333881960102302,0.5,0.0,5.838308723740941,0.2551525621206802,0.6285356370061251,0.038678803195516066,0.06153796367021133,0,"[[1, 3], [1, 3], [1, 3], [1, 3]]","[true, true, true, true, true]",0,0.0,0,1,0.1846225419999996
ellipse,647,curvature_zones,4.316847166816868,0.20982808178094112,0.20982808178094112,0.3225659503948958,0.04860678955555032,0.5,0.0,5.838308723740941,0.27957446548776177,0.6285356370061251,0.03327284006792743,0.0529370780412936,0,"[[0, 5], [0, 5], [0, 5], [0, 5]]","[true, true, true, true, true]",0,0.0,0,1,0.20255237499999978
ellipse,647,jerk_zones,4.316847166816868,0.18300451363544343,0.18300451363544343,0.3079694147348182,0.0423930953688097,0.5,0.0,5.838308723740941,0.24894511278904766,0.6285356370061251,0.03526495261070305,0.05610652846778741,0,"[[2, 4], [2, 4], [2, 4], [2, 4]]","[true, true, true, true, true]",0,0.0,0,1,0.1917655420000024
ellipse,647,error_peak_dynamic,4.316847166816868,0.10213807917205259,0.10213807917205259,0.25598379795942305,0.023660341732080956,0.5,0.0,5.838308723740941,0.12302891653163177,0.6285356370061251,0.03112284194246999,0.04951643170260956,0,"[[2, 3], [2, 3], [2, 3], [2, 3]]","[true, true, true, true, true]",0,0.0,0,1,0.14658966700000065
ellipse,647,violation_dynamic,4.316847166816868,0.10213807917205259,0.10213807917205259,0.25598379795942305,0.023660341732080956,0.5,0.0,5.838308723740941,0.12302891653163177,0.6285356370061251,0.03112284194246999,0.04951643170260956,0,"[[2, 3], [2, 3], [2, 3], [2, 3]]","[true, true, true, true, true]",0,0.0,0,1,0.16028174999999933
ellipse,647,violation_safe,4.316847166816868,0.10213807917205259,0.10213807917205259,0.25598379795942305,0.023660341732080956,0.5,0.0,5.838308723740941,0.12302891653163177,0.6285356370061251,0.03112284194246999,0.04951643170260956,0,"[[2, 3], [2, 3], [2, 3], [2, 3]]","[true, true, true, true, true]",0,4.0,0,1,0.17236924999999914
ellipse,647,random_zones,4.316847166816868,0.25370807773687687,0.25370807773687687,0.3247390633682479,0.05877161454477775,0.5,0.0,5.838308723740941,0.3505288966817707,0.6285356370061251,0.03430574990580107,0.05458043726718197,0,"[[2, 5], [2, 5], [2, 5], [2, 5]]","[true, true, true, true, true]",0,0.0,0,1,0.17344312500000214
ellipse,659,full_trajectory,7.640525891002115,0.28253588181260636,0.28253588181260636,0.2803364729079935,0.03697859098224318,0.6666666666666666,0.0,10.04470419247439,0.3737502271349272,1.3003178551214518,0.04736805602080989,0.036428059365827624,0,"[[0, 1, 2, 3, 4, 5], [0, 1, 2, 3, 4, 5], [0, 1, 2, 3, 4, 5], [0, 1, 2, 3, 4, 5]]","[true, true, true, true, true]",0,0.0,0,1,0.17867283300000025
ellipse,659,static_tolerance,7.640525891002115,0.4798750461070769,0.4798750461070769,0.3014483181575234,0.0628065466896988,0.6666666666666666,0.0,10.04470419247439,0.6558262382863513,1.3003178551214518,0.09136170051119276,0.07026105205842877,0,"[[1, 3], [1, 3], [1, 3], [1, 3]]","[true, true, true, true, true]",0,0.0,0,1,0.19178912499999967
ellipse,659,curvature_zones,7.640525891002115,0.4698435676820465,0.4698435676820465,0.3272775343199785,0.06149361632755659,0.6666666666666666,0.0,10.04470419247439,0.5959780485488415,1.3003178551214518,0.08404677181802793,0.06463555928806178,0,"[[0, 5], [0, 5], [0, 5], [0, 5]]","[true, true, true, true, true]",0,0.0,0,1,0.20067241699999983
ellipse,659,jerk_zones,7.640525891002115,0.30405871681498825,0.30405871681498825,0.27130301153488684,0.03979552208219905,0.6666666666666666,0.0,10.04470419247439,0.3744464314539983,1.3003178551214518,0.06218482091717494,0.04782278476931841,0,"[[2, 4], [2, 4], [2, 4], [2, 4]]","[true, true, true, true, true]",0,0.0,0,1,0.1553714159999977
ellipse,659,error_peak_dynamic,7.640525891002115,0.28655319774631843,0.28655319774631843,0.27475888938731285,0.037504381482926265,0.6666666666666666,0.0,10.04470419247439,0.34662974789394535,1.3003178551214518,0.059707670298758904,0.04591775008209982,2,"[[3, 4], [2, 4], [1, 2], [1, 2]]","[true, true, true, true, true]",0,0.0,0,1,0.17090720799999914
ellipse,659,violation_dynamic,7.640525891002115,0.31360251396139016,0.31360251396139016,0.28178884758779316,0.0410446242097949,0.6666666666666666,0.0,10.04470419247439,0.3885028584982687,1.3003178551214518,0.06384837873126209,0.049102131820914316,1,"[[3, 4], [3, 4], [1, 2], [1, 2]]","[true, true, true, true, true]",0,0.0,0,1,0.16996783300000118
ellipse,659,violation_safe,7.640525891002115,0.31360251396139016,0.31360251396139016,0.28178884758779316,0.0410446242097949,0.6666666666666666,0.0,10.04470419247439,0.3885028584982687,1.3003178551214518,0.06384837873126209,0.049102131820914316,1,"[[3, 4], [3, 4], [1, 2], [1, 2]]","[true, true, true, true, true]",0,4.0,0,1,0.167821
ellipse,659,random_zones,7.640525891002115,0.49079747446573924,0.49079747446573924,0.29554614249799793,0.06423608550868574,0.6666666666666666,0.0,10.04470419247439,0.6506197099739577,1.3003178551214518,0.08125371251006486,0.06248757731814398,0,"[[0, 4], [0, 4], [0, 4], [0, 4]]","[true, true, true, true, true]",0,0.0,0,1,0.178181833
ellipse,677,full_trajectory,3.062027584671377,0.09440677844562223,0.09440677844562223,0.2873571664652693,0.03083145916719563,0.5,0.0,4.057587372446225,0.12875575264811084,0.4423835512443325,0.013022045392464824,0.02943609760316931,0,"[[0, 1, 2, 3, 4, 5], [0, 1, 2, 3, 4, 5], [0, 1, 2, 3, 4, 5], [0, 1, 2, 3, 4, 5]]","[true, true, true, true, true]",0,0.0,0,1,0.17506587499999782
ellipse,677,static_tolerance,3.062027584671377,0.07536787530141002,0.07536787530141002,0.26845583222418706,0.024613715329902443,0.5,0.0,4.057587372446225,0.09121428915222689,0.4423835512443325,0.02017012215699653,0.045594195580423796,0,"[[1, 3], [1, 3], [1, 3], [1, 3]]","[true, true, true, true, true]",0,0.0,0,1,0.1440999170000019
ellipse,677,curvature_zones,3.062027584671377,0.19790712066457927,0.19790712066457927,0.3393438739842143,0.0646327033940875,0.5,0.0,4.057587372446225,0.2758182568229259,0.4423835512443325,0.022275346344422884,0.05035301670183484,0,"[[0, 5], [0, 5], [0, 5], [0, 5]]","[true, true, true, true, true]",0,0.0,0,1,0.15574549999999832
ellipse,677,jerk_zones,3.062027584671377,0.17171164758391366,0.17171164758391366,0.322709031931123,0.05607775986196483,0.5,0.0,4.057587372446225,0.23556081427378583,0.4423835512443325,0.024950478707385933,0.056400104925251965,0,"[[2, 4], [2, 4], [2, 4], [2, 4]]","[true, true, true, true, true]",0,0.0,0,1,0.1636910829999998
ellipse,677,error_peak_dynamic,3.062027584671377,0.06842595623617549,0.06842595623617549,0.2684474972876591,0.02234661652909933,0.5,0.0,4.057587372446225,0.07798903686103517,0.4423835512443325,0.01852110924184112,0.041866631771785165,2,"[[3, 4], [3, 4], [2, 3], [1, 3]]","[true, true, true, true, true]",0,0.0,0,1,0.14250070800000003
ellipse,677,violation_dynamic,3.062027584671377,0.06842595623617549,0.06842595623617549,0.2684474972876591,0.02234661652909933,0.5,0.0,4.057587372446225,0.07798903686103517,0.4423835512443325,0.01852110924184112,0.041866631771785165,2,"[[3, 4], [3, 4], [2, 3], [1, 3]]","[true, true, true, true, true]",0,0.0,0,1,0.14147654199999948
ellipse,677,violation_safe,3.062027584671377,0.06842595623617549,0.06842595623617549,0.2684474972876591,0.02234661652909933,0.5,0.0,4.057587372446225,0.07798903686103517,0.4423835512443325,0.01852110924184112,0.041866631771785165,2,"[[3, 4], [3, 4], [2, 3], [1, 3]]","[true, true, true, true, true]",0,4.0,0,1,0.14101141699999786
ellipse,677,random_zones,3.062027584671377,0.2600356202751014,0.2600356202751014,0.36514523209072125,0.084922690303918,0.5,0.0,4.057587372446225,0.3619181241595576,0.4423835512443325,0.028456100963791864,0.06432450050132017,0,"[[0, 1], [0, 1], [0, 1], [0, 1]]","[true, true, true, true, true]",0,0.0,0,1,0.1530721669999977
ellipse,691,full_trajectory,8.612587515203753,0.34074405646073236,0.34074405646073236,0.29842513269135307,0.03956349422972118,0.6666666666666666,0.0,11.338471582908385,0.4139778220332147,1.387678380452051,0.0600033249311685,0.04324008053769764,0,"[[0, 1, 2, 3, 4, 5], [0, 1, 2, 3, 4, 5], [0, 1, 2, 3, 4, 5], [0, 1, 2, 3, 4, 5]]","[true, true, true, true, true]",0,0.0,0,1,0.16833837500000115
ellipse,691,static_tolerance,8.612587515203753,0.463839225578967,0.463839225578967,0.30766113537211115,0.053855966602389144,0.6666666666666666,0.0,11.338471582908385,0.6143659875339393,1.387678380452051,0.09144944100638902,0.06590103463066016,0,"[[1, 3], [1, 3], [1, 3], [1, 3]]","[true, true, true, true, true]",0,0.0,0,1,0.17801700000000054
ellipse,691,curvature_zones,8.612587515203753,0.6119000113818551,0.6119000113818551,0.34409091215087606,0.07104717488230702,0.6666666666666666,0.0,11.338471582908385,0.7712898208258605,1.387678380452051,0.09904333634017164,0.07137340880666256,0,"[[0, 5], [0, 5], [0, 5], [0, 5]]","[true, true, true, true, true]",0,0.0,0,1,0.1850371659999972
ellipse,691,jerk_zones,8.612587515203753,0.4937323633101933,0.4937323633101933,0.3017817133539234,0.05732683266656046,0.6666666666666666,0.0,11.338471582908385,0.6215471032947671,1.387678380452051,0.07585022142694907,0.05465979905389897,0,"[[2, 4], [2, 4], [2, 4], [2, 4]]","[true, true, true, true, true]",0,0.0,0,1,0.16097720800000204
ellipse,691,error_peak_dynamic,8.612587515203753,0.45580952865276186,0.45580952865276186,0.294043976884941,0.052923645518623046,0.6666666666666666,0.0,11.338471582908385,0.5440978579308078,1.387678380452051,0.08278691999558659,0.059658578790150116,1,"[[3, 4], [3, 4], [3, 4], [1, 2]]","[true, true, true, true, true]",0,0.0,0,1,0.16551208299999942
ellipse,691,violation_dynamic,8.612587515203753,0.4550885148750018,0.4550885148750018,0.2934494123591921,0.05283992923980587,0.6666666666666666,0.0,11.338471582908385,0.5537605485130174,1.387678380452051,0.07987152265779818,0.057557661618810534,2,"[[3, 4], [3, 4], [1, 3], [1, 2]]","[true, true, true, true, true]",0,0.0,0,1,0.17400316700000218
ellipse,691,violation_safe,8.612587515203753,0.4550885148750018,0.4550885148750018,0.2934494123591921,0.05283992923980587,0.6666666666666666,0.0,11.338471582908385,0.5537605485130174,1.387678380452051,0.07987152265779818,0.057557661618810534,2,"[[3, 4], [3, 4], [1, 3], [1, 2]]","[true, true, true, true, true]",0,4.0,0,1,0.1744199590000015
ellipse,691,random_zones,8.612587515203753,0.4851416053770942,0.4851416053770942,0.306907214151437,0.0563293672802368,0.6666666666666666,0.0,11.338471582908385,0.6200131793868624,1.387678380452051,0.09589010728762261,0.06910110342454524,0,"[[0, 3], [0, 3], [0, 3], [0, 3]]","[true, true, true, true, true]",0,0.0,0,1,0.16241325000000018
ellipse,709,full_trajectory,9.225743041569158,0.36870822944062875,0.36870822944062875,0.2851765337439869,0.03996515270144757,0.6666666666666666,0.0,12.170811783826514,0.4953978366501094,1.588246470503984,0.06549366702796137,0.04123646313357073,0,"[[0, 1, 2, 3, 4, 5], [0, 1, 2, 3, 4, 5], [0, 1, 2, 3, 4, 5], [0, 1, 2, 3, 4, 5]]","[true, true, true, true, true]",0,0.0,0,1,0.17067479099999971
ellipse,709,static_tolerance,9.225743041569158,0.645504238502369,0.645504238502369,0.30786095835161564,0.06996772353119632,0.6666666666666666,0.0,12.170811783826514,0.8873840548798654,1.588246470503984,0.12467821719008043,0.07850054730517828,0,"[[1, 3], [1, 3], [1, 3], [1, 3]]","[true, true, true, true, true]",0,0.0,0,1,0.18144758300000063
ellipse,709,curvature_zones,9.225743041569158,0.5968403498927537,0.5968403498927537,0.3295708465063523,0.06469293011993972,0.6666666666666666,0.0,12.170811783826514,0.7777824733774862,1.588246470503984,0.11153750789340418,0.07022682559968856,0,"[[0, 5], [0, 5], [0, 5], [0, 5]]","[true, true, true, true, true]",0,0.0,0,1,0.20488020899999881
ellipse,709,jerk_zones,9.225743041569158,0.3679556447781408,0.3679556447781408,0.27491510168359745,0.03988357827875912,0.6666666666666666,0.0,12.170811783826514,0.4552740498264502,1.588246470503984,0.08512877172895313,0.05359921983767417,0,"[[2, 4], [2, 4], [2, 4], [2, 4]]","[true, true, true, true, true]",0,0.0,0,1,0.1738519580000002
ellipse,709,error_peak_dynamic,9.225743041569158,0.3660549301811053,0.3660549301811053,0.2797035173064248,0.039677555350473424,0.6666666666666666,0.0,12.170811783826514,0.46550070555852757,1.588246470503984,0.08105703997638153,0.051035554922820275,2,"[[3, 4], [2, 4], [1, 2], [1, 2]]","[true, true, true, true, true]",0,0.0,0,1,0.1786439169999987
ellipse,709,violation_dynamic,9.225743041569158,0.4149288362178064,0.4149288362178064,0.28778494742386185,0.04497511304490368,0.6666666666666666,0.0,12.170811783826514,0.5366599355067619,1.588246470503984,0.08660466010989973,0.05452847635318103,1,"[[3, 4], [3, 4], [1, 2], [1, 2]]","[true, true, true, true, true]",0,0.0,0,1,0.17493754199999856
ellipse,709,violation_safe,9.225743041569158,0.4149288362178064,0.4149288362178064,0.28778494742386185,0.04497511304490368,0.6666666666666666,0.0,12.170811783826514,0.5366599355067619,1.588246470503984,0.08660466010989973,0.05452847635318103,1,"[[3, 4], [3, 4], [1, 2], [1, 2]]","[true, true, true, true, true]",0,4.0,0,1,0.1753067919999971
ellipse,709,random_zones,9.225743041569158,0.3981956584237034,0.3981956584237034,0.3315522394452755,0.04316136452419299,0.6666666666666666,0.0,12.170811783826514,0.48543589969238377,1.588246470503984,0.10558280333504108,0.06647759355733839,0,"[[1, 2], [1, 2], [1, 2], [1, 2]]","[true, true, true, true, true]",0,0.0,0,1,0.17786816699999974
rounded_square,631,full_trajectory,16.993129148671265,4.978904573711784,4.978904573711784,0.44976602574264696,0.2929951588169444,1.0,0.6666666666666666,19.935827705692766,6.275775977833115,3.6879751230919533,0.9830231760663829,0.26654821229982384,0,"[[0, 1, 2, 3, 4, 5], [0, 1, 2, 3, 4, 5], [0, 1, 2, 3, 4, 5], [0, 1, 2, 3, 4, 5]]","[true, true, true, true, true]",0,0.0,0,1,0.37651370800000095
rounded_square,631,static_tolerance,16.993129148671265,5.100864317072745,5.100864317072745,0.45845051599837044,0.3001721620806721,1.0,0.8333333333333334,19.935827705692766,6.271624758600777,3.6879751230919533,1.3442144438944643,0.3644857676717438,0,"[[2, 4], [2, 4], [2, 4], [2, 4]]","[true, true, true, true, true]",0,0.0,0,1,0.2976042089999993
rounded_square,631,curvature_zones,16.993129148671265,5.198642883660894,5.198642883660894,0.47838083957803584,0.3059261680517145,1.0,0.6666666666666666,19.935827705692766,6.6590429768006585,3.6879751230919533,1.0055722273833863,0.2726624214700035,0,"[[0, 5], [0, 5], [0, 5], [0, 5]]","[true, true, true, true, true]",0,0.0,0,1,0.30986279100000047
rounded_square,631,jerk_zones,16.993129148671265,4.892830478962759,4.892830478962759,0.4587916897394146,0.2879299295707019,1.0,0.6666666666666666,19.935827705692766,6.027254132329102,3.6879751230919533,1.042731412710237,0.28273819044528253,0,"[[2, 3], [2, 3], [2, 3], [2, 3]]","[true, true, true, true, true]",0,0.0,0,1,0.29403562499999936
rounded_square,631,error_peak_dynamic,16.993129148671265,5.100864317072745,5.100864317072745,0.45845051599837044,0.3001721620806721,1.0,0.8333333333333334,19.935827705692766,6.271624758600777,3.6879751230919533,1.3442144438944643,0.3644857676717438,0,"[[2, 4], [2, 4], [2, 4], [2, 4]]","[true, true, true, true, true]",0,0.0,0,1,0.3008729999999993
rounded_square,631,violation_dynamic,16.993129148671265,5.100864317072745,5.100864317072745,0.45845051599837044,0.3001721620806721,1.0,0.8333333333333334,19.935827705692766,6.271624758600777,3.6879751230919533,1.3442144438944643,0.3644857676717438,0,"[[2, 4], [2, 4], [2, 4], [2, 4]]","[true, true, true, true, true]",0,0.0,0,1,0.30072520899999944
rounded_square,631,violation_safe,16.993129148671265,5.100864317072745,5.100864317072745,0.45845051599837044,0.3001721620806721,1.0,0.8333333333333334,19.935827705692766,6.271624758600777,3.6879751230919533,1.3442144438944643,0.3644857676717438,0,"[[2, 4], [2, 4], [2, 4], [2, 4]]","[true, true, true, true, true]",0,4.0,0,1,0.3144477089999995
rounded_square,631,random_zones,16.993129148671265,5.279692998573691,5.279692998573691,0.4703252431604561,0.3106957495810313,1.0,0.8333333333333334,19.935827705692766,6.647143463517985,3.6879751230919533,1.3670256246216432,0.37067105362563985,0,"[[3, 4], [3, 4], [3, 4], [3, 4]]","[true, true, true, true, true]",0,0.0,0,1,0.304949833000002
rounded_square,647,full_trajectory,7.791413016540438,2.007384437404536,2.007384437404536,0.47477754117855275,0.2576406144999691,0.8333333333333334,0.5,10.103639894702843,2.6120891568747684,0.8546483249636715,0.23064504873918965,0.2698712932585384,0,"[[0, 1, 2, 3, 4, 5], [0, 1, 2, 3, 4, 5], [0, 1, 2, 3, 4, 5], [0, 1, 2, 3, 4, 5]]","[true, true, true, true, true]",0,0.0,0,1,0.24834433299999858
rounded_square,647,static_tolerance,7.791413016540438,2.384373010957211,2.384373010957211,0.48349194448463023,0.30602574987302195,0.8333333333333334,0.5,10.103639894702843,3.139657884432645,0.8546483249636715,0.3488437472421538,0.4081722704563682,0,"[[2, 4], [2, 4], [2, 4], [2, 4]]","[true, true, true, true, true]",0,0.0,0,1,0.20947125
rounded_square,647,curvature_zones,7.791413016540438,3.3300508182199016,3.3300508182199016,0.6319152492274714,0.4274001148636989,0.8333333333333334,0.6666666666666666,10.103639894702843,4.107304218386127,0.8546483249636715,0.3977488713055275,0.4653947824942319,0,"[[0, 5], [0, 5], [0, 5], [0, 5]]","[true, true, true, true, true]",0,0.0,0,1,0.20526520800000014
rounded_square,647,jerk_zones,7.791413016540438,3.753195104654628,3.753195104654628,0.6539559268509744,0.48170917094074556,0.8333333333333334,0.3333333333333333,10.103639894702843,5.112658014267735,0.8546483249636715,0.4023791279262811,0.4708125157132731,0,"[[2, 3], [2, 3], [2, 3], [2, 3]]","[true, true, true, true, true]",0,0.0,0,1,0.20111141599999982
rounded_square,647,error_peak_dynamic,7.791413016540438,2.058120656629651,2.058120656629651,0.46397844693863066,0.2641524268140393,0.8333333333333334,0.6666666666666666,10.103639894702843,2.630208656128356,0.8546483249636715,0.30201723361406935,0.35338188210561017,3,"[[2, 4], [1, 3], [2, 4], [1, 4]]","[true, true, true, true, true]",0,0.0,0,1,0.21564062499999892
rounded_square,647,violation_dynamic,7.791413016540438,2.058120656629651,2.058120656629651,0.46397844693863066,0.2641524268140393,0.8333333333333334,0.6666666666666666,10.103639894702843,2.630208656128356,0.8546483249636715,0.30201723361406935,0.35338188210561017,3,"[[2, 4], [1, 3], [2, 4], [1, 4]]","[true, true, true, true, true]",0,0.0,0,1,0.21663804200000314
rounded_square,647,violation_safe,7.791413016540438,2.058120656629651,2.058120656629651,0.46397844693863066,0.2641524268140393,0.8333333333333334,0.6666666666666666,10.103639894702843,2.630208656128356,0.8546483249636715,0.30201723361406935,0.35338188210561017,3,"[[2, 4], [1, 3], [2, 4], [1, 4]]","[true, true, true, true, true]",0,4.0,0,1,0.217144416
rounded_square,647,random_zones,7.791413016540438,3.5549679673228316,3.5549679673228316,0.6029061620059465,0.4562674266883258,0.8333333333333334,0.5,10.103639894702843,4.727980679787117,0.8546483249636715,0.3981398976042873,0.46585231138341143,0,"[[2, 5], [2, 5], [2, 5], [2, 5]]","[true, true, true, true, true]",0,0.0,0,1,0.2045777500000021
rounded_square,659,full_trajectory,10.538829914926266,3.0242948978304627,3.0242948978304627,0.4157542413185321,0.2869668570651396,0.8333333333333334,0.5,12.287056347767892,4.062726077365124,2.337943233054955,0.3726809706235583,0.1594054831419417,0,"[[0, 1, 2, 3, 4, 5], [0, 1, 2, 3, 4, 5], [0, 1, 2, 3, 4, 5], [0, 1, 2, 3, 4, 5]]","[true, true, true, true, true]",0,0.0,0,1,0.2744769999999974
rounded_square,659,static_tolerance,10.538829914926266,2.7434988286338577,2.7434988286338577,0.424463906404852,0.26032290593742374,0.8333333333333334,0.6666666666666666,12.287056347767892,3.5595715622977186,2.337943233054955,0.5672631279622263,0.24263340526920843,0,"[[2, 4], [2, 4], [2, 4], [2, 4]]","[true, true, true, true, true]",0,0.0,0,1,0.21950575000000327
rounded_square,659,curvature_zones,10.538829914926266,3.9833238399676203,3.9833238399676203,0.4867354602131081,0.37796642247029655,0.8333333333333334,0.6666666666666666,12.287056347767892,5.370217603249909,2.337943233054955,0.49365209510031616,0.21114802452036804,0,"[[0, 5], [0, 5], [0, 5], [0, 5]]","[true, true, true, true, true]",0,0.0,0,1,0.23523304100000075
rounded_square,659,jerk_zones,10.538829914926266,3.0973956243286613,3.0973956243286613,0.4663500739486136,0.2939031798911361,0.8333333333333334,0.5,12.287056347767892,3.9209134201968823,2.337943233054955,0.5309438339475797,0.2270986850496808,0,"[[2, 3], [2, 3], [2, 3], [2, 3]]","[true, true, true, true, true]",0,0.0,0,1,0.26802095800000103
rounded_square,659,error_peak_dynamic,10.538829914926266,2.785439322062271,2.785439322062271,0.4174857657528878,0.2643025216791117,0.8333333333333334,0.6666666666666666,12.287056347767892,3.8148757939346245,2.337943233054955,0.5479040929747228,0.23435303527827098,3,"[[3, 4], [1, 2], [2, 4], [1, 4]]","[true, true, true, true, true]",0,0.0,0,1,0.2285220420000016
rounded_square,659,violation_dynamic,10.538829914926266,2.225134551963114,2.225134551963114,0.3899883354466714,0.21113677418890975,0.8333333333333334,0.6666666666666666,12.287056347767892,2.7451091575104867,2.337943233054955,0.5753245530395812,0.24608148944994412,3,"[[2, 4], [1, 2], [2, 4], [1, 2]]","[true, true, true, true, true]",0,0.0,0,1,0.23125695899999954
rounded_square,659,violation_safe,10.538829914926266,2.0968845456169634,2.225134551963114,0.3899883354466714,0.19896749094006363,0.8333333333333334,0.6666666666666666,12.287056347767892,2.388980573632949,2.337943233054955,0.6589415671364669,0.2818466923490858,3,"[[2, 4], [1, 2], [2, 4], [1, 2]]","[true, true, true, true, false]",1,2.0,0,1,0.2271334579999973
rounded_square,659,random_zones,10.538829914926266,4.178395236179793,4.178395236179793,0.505213233913461,0.3964761999111385,0.8333333333333334,0.3333333333333333,12.287056347767892,5.719571053967634,2.337943233054955,0.5377896535268936,0.230026822689006,0,"[[0, 4], [0, 4], [0, 4], [0, 4]]","[true, true, true, true, true]",0,0.0,0,1,0.22932220799999925
rounded_square,677,full_trajectory,5.608804941155442,1.513887599771375,1.513887599771375,0.5080264652127977,0.26991268472593855,0.5,0.3333333333333333,7.202914057659108,1.8743501931639004,0.5809477139077633,0.19223794494200705,0.3309040389347819,0,"[[0, 1, 2, 3, 4, 5], [0, 1, 2, 3, 4, 5], [0, 1, 2, 3, 4, 5], [0, 1, 2, 3, 4, 5]]","[true, true, true, true, true]",0,0.0,0,1,0.24412866600000172
rounded_square,677,static_tolerance,5.608804941155442,1.961521185990767,1.961521185990767,0.5181119302653046,0.3497217689989205,0.5,0.3333333333333333,7.202914057659108,2.6755158608969882,0.5809477139077633,0.27859626643939345,0.4795548029019802,0,"[[2, 4], [2, 4], [2, 4], [2, 4]]","[true, true, true, true, true]",0,0.0,0,1,0.20756337499999944
rounded_square,677,curvature_zones,5.608804941155442,2.766733269900862,2.766733269900862,0.6826594973024867,0.4932839167929597,0.5,0.6666666666666666,7.202914057659108,3.5328806637344687,0.5809477139077633,0.31468147883374403,0.5416691920810378,0,"[[0, 5], [0, 5], [0, 5], [0, 5]]","[true, true, true, true, true]",0,0.0,0,1,0.20716275000000195
rounded_square,677,jerk_zones,5.608804941155442,2.702299388734817,2.702299388734817,0.6679475538213222,0.4817959292729709,0.5,0.3333333333333333,7.202914057659108,3.6134629938571687,0.5809477139077633,0.3178648562874532,0.5471488202429184,0,"[[2, 3], [2, 3], [2, 3], [2, 3]]","[true, true, true, true, true]",0,0.0,0,1,0.1883200830000007
rounded_square,677,error_peak_dynamic,5.608804941155442,1.546266987314722,1.546266987314722,0.482143106518357,0.27568564133310425,0.5,0.3333333333333333,7.202914057659108,2.011787144989241,0.5809477139077633,0.2485533674362717,0.42784120065533876,3,"[[2, 4], [1, 2], [3, 4], [1, 2]]","[true, true, true, true, true]",0,0.0,0,1,0.21093741699999669
rounded_square,677,violation_dynamic,5.608804941155442,1.4155598579074318,1.4155598579074318,0.4792301167910755,0.2523817235148526,0.5,0.5,7.202914057659108,1.8090931945342315,0.5809477139077633,0.24396444135470124,0.41994216607492374,3,"[[2, 4], [1, 2], [3, 4], [2, 4]]","[true, true, true, true, true]",0,0.0,0,1,0.21155333299999768
rounded_square,677,violation_safe,5.608804941155442,1.4155598579074318,1.4155598579074318,0.4792301167910755,0.2523817235148526,0.5,0.5,7.202914057659108,1.8090931945342315,0.5809477139077633,0.24396444135470124,0.41994216607492374,3,"[[2, 4], [1, 2], [3, 4], [2, 4]]","[true, true, true, true, true]",0,4.0,0,1,0.212272083000002
rounded_square,677,random_zones,5.608804941155442,2.766733269900862,2.766733269900862,0.6826594973024867,0.4932839167929597,0.5,0.6666666666666666,7.202914057659108,3.5328806637344687,0.5809477139077633,0.31468147883374403,0.5416691920810378,0,"[[0, 5], [0, 5], [0, 5], [0, 5]]","[true, true, true, true, true]",0,0.0,0,1,0.19807220799999925
rounded_square,691,full_trajectory,14.249175399853968,6.679445674100958,6.679445674100958,0.5620723294879558,0.468760155353931,0.8333333333333334,0.6666666666666666,17.520867587315927,8.48481272454177,2.361920397426421,0.8144583287194876,0.3448288645150497,0,"[[0, 1, 2, 3, 4, 5], [0, 1, 2, 3, 4, 5], [0, 1, 2, 3, 4, 5], [0, 1, 2, 3, 4, 5]]","[true, true, true, true, true]",0,0.0,0,1,0.3309621249999992
rounded_square,691,static_tolerance,14.249175399853968,5.803212544401788,5.803212544401788,0.5187897044313579,0.40726655273408047,0.8333333333333334,0.8333333333333334,17.520867587315927,7.230046548509431,2.361920397426421,1.0661362132760606,0.45138532798892644,0,"[[2, 4], [2, 4], [2, 4], [2, 4]]","[true, true, true, true, true]",0,0.0,0,1,0.273952125000001
rounded_square,691,curvature_zones,14.249175399853968,7.613557120643451,7.613557120643451,0.6198493841498915,0.5343156292904836,0.8333333333333334,0.6666666666666666,17.520867587315927,10.171996280987154,2.361920397426421,0.8709481000577295,0.3687457464725423,0,"[[0, 5], [0, 5], [0, 5], [0, 5]]","[true, true, true, true, true]",0,0.0,0,1,0.2555170409999974
rounded_square,691,jerk_zones,14.249175399853968,8.217635441406241,8.217635441406241,0.7137586387286028,0.5767095435915863,0.8333333333333334,0.8333333333333334,17.520867587315927,11.17543363160493,2.361920397426421,1.056978813831042,0.44750822888982195,0,"[[2, 3], [2, 3], [2, 3], [2, 3]]","[true, true, true, true, true]",0,0.0,0,1,0.25996166600000237
rounded_square,691,error_peak_dynamic,14.249175399853968,5.929433173217506,5.929433173217506,0.5488489885732059,0.4161246533099925,0.8333333333333334,0.8333333333333334,17.520867587315927,7.259106453879863,2.361920397426421,1.1116509084681734,0.4706555350804551,2,"[[1, 4], [2, 4], [2, 4], [1, 4]]","[true, true, true, true, true]",0,0.0,0,1,0.28578079100000053
rounded_square,691,violation_dynamic,14.249175399853968,5.555781506604296,5.555781506604296,0.5212978370950202,0.3899019663033437,0.8333333333333334,0.8333333333333334,17.520867587315927,6.839708229091559,2.361920397426421,1.0610380278266263,0.44922683634162563,2,"[[2, 4], [1, 4], [2, 4], [2, 4]]","[true, true, true, true, true]",0,0.0,0,1,0.28002012500000006
rounded_square,691,violation_safe,14.249175399853968,5.4582624104000494,5.555781506604296,0.5212978370950202,0.38305812492531943,0.8333333333333334,0.8333333333333334,17.520867587315927,6.516275306110712,2.361920397426421,1.1310475625242273,0.47886777376436196,2,"[[2, 4], [1, 4], [2, 4], [2, 4]]","[true, true, true, true, false]",1,2.0,0,1,0.2802464159999971
rounded_square,691,random_zones,14.249175399853968,9.304343035594005,9.304343035594005,0.6986765467060533,0.6529741388185425,0.8333333333333334,0.6666666666666666,17.520867587315927,12.638454817010462,2.361920397426421,1.065140683825924,0.45096383645550253,0,"[[1, 5], [1, 5], [1, 5], [1, 5]]","[true, true, true, true, true]",0,0.0,0,1,0.2595775830000022
rounded_square,709,full_trajectory,12.923591792149882,3.651598147360505,3.651598147360505,0.41368401042052266,0.282552885149048,1.0,0.5,15.082350439680079,4.944313141374511,2.8633538957418985,0.47845895848611936,0.1670973885546027,0,"[[0, 1, 2, 3, 4, 5], [0, 1, 2, 3, 4, 5], [0, 1, 2, 3, 4, 5], [0, 1, 2, 3, 4, 5]]","[true, true, true, true, true]",0,0.0,0,1,0.31748050000000205
rounded_square,709,static_tolerance,12.923591792149882,2.957861526179876,2.957861526179876,0.40423500469681056,0.22887302336309912,1.0,0.6666666666666666,15.082350439680079,3.7871735223175382,2.8633538957418985,0.670273102189338,0.23408671320234045,0,"[[2, 4], [2, 4], [2, 4], [2, 4]]","[true, true, true, true, true]",0,0.0,0,1,0.2570469169999967
rounded_square,709,curvature_zones,12.923591792149882,4.489638932399475,4.489638932399475,0.4665605897290637,0.3473986957036662,1.0,0.5,15.082350439680079,6.059136028527446,2.8633538957418985,0.5916454131370639,0.20662671631924415,0,"[[0, 5], [0, 5], [0, 5], [0, 5]]","[true, true, true, true, true]",0,0.0,0,1,0.25513525000000215
rounded_square,709,jerk_zones,12.923591792149882,2.9743745622216924,2.9743745622216924,0.44742715454839393,0.23015076691205946,1.0,0.6666666666666666,15.082350439680079,3.5353337571412333,2.8633538957418985,0.6484469755211342,0.22646413930371703,0,"[[2, 3], [2, 3], [2, 3], [2, 3]]","[true, true, true, true, true]",0,0.0,0,1,0.25422491700000194
rounded_square,709,error_peak_dynamic,12.923591792149882,2.4642279590026046,2.4642279590026046,0.40730231041111736,0.19067670958931396,1.0,0.6666666666666666,15.082350439680079,3.0399568982182696,2.8633538957418985,0.6669789593289746,0.23293626412049198,2,"[[3, 4], [1, 2], [2, 4], [2, 4]]","[true, true, true, true, true]",0,0.0,0,1,0.25294533300000666
rounded_square,709,violation_dynamic,12.923591792149882,2.4071070639151815,2.4071070639151815,0.3853356443628738,0.1862568164198222,1.0,0.6666666666666666,15.082350439680079,2.934850361875079,2.8633538957418985,0.6648526711253849,0.23219367753112502,2,"[[2, 4], [1, 2], [2, 4], [2, 4]]","[true, true, true, true, true]",0,0.0,0,1,0.2653602500000005
rounded_square,709,violation_safe,12.923591792149882,2.4071070639151815,2.4071070639151815,0.3853356443628738,0.1862568164198222,1.0,0.6666666666666666,15.082350439680079,2.934850361875079,2.8633538957418985,0.6648526711253849,0.23219367753112502,2,"[[2, 4], [1, 2], [2, 4], [2, 4]]","[true, true, true, true, true]",0,4.0,0,1,0.26467908400000084
rounded_square,709,random_zones,12.923591792149882,5.386021352814953,5.386021352814953,0.5077604114837551,0.4167588577106373,1.0,0.3333333333333333,15.082350439680079,7.4429835926884325,2.8633538957418985,0.662856466659091,0.2314965214900005,0,"[[1, 3], [1, 3], [1, 3], [1, 3]]","[true, true, true, true, true]",0,0.0,0,1,0.2375440409999996
figure_eight,631,full_trajectory,15.557740178752741,6.167753150793877,6.167753150793877,0.576274075505342,0.39644274039344085,1.0,0.6666666666666666,18.047223149070447,7.865775048004735,3.140515021388887,0.9542701093345178,0.30385783950572975,0,"[[0, 1, 2, 3, 4, 5], [0, 1, 2, 3, 4, 5], [0, 1, 2, 3, 4, 5], [0, 1, 2, 3, 4, 5]]","[true, true, true, true, true]",0,0.0,0,1,0.3517570420000027
figure_eight,631,static_tolerance,15.557740178752741,6.74419536726745,6.74419536726745,0.5956877067754408,0.43349453646732194,1.0,0.8333333333333334,18.047223149070447,8.582369504270627,3.140515021388887,1.3415517626210332,0.4271757191047392,0,"[[1, 4], [1, 4], [1, 4], [1, 4]]","[true, true, true, true, true]",0,0.0,0,1,0.3135383330000039
figure_eight,631,curvature_zones,15.557740178752741,9.811516304729526,9.811516304729526,0.7305896017429844,0.6306517651020518,1.0,0.8333333333333334,18.047223149070447,12.605850080291265,3.140515021388887,1.5785682708234263,0.5026463048488485,0,"[[2, 4], [2, 4], [2, 4], [2, 4]]","[true, true, true, true, true]",0,0.0,0,1,0.42678979099999736
figure_eight,631,jerk_zones,15.557740178752741,5.292656074606176,5.292656074606176,0.49965636034256233,0.3401943993019227,1.0,0.5,18.047223149070447,6.604096443436595,3.140515021388887,0.8574094942076238,0.27301556858289955,0,"[[1, 3], [1, 3], [1, 3], [1, 3]]","[true, true, true, true, true]",0,0.0,0,1,0.30646579199999735
figure_eight,631,error_peak_dynamic,15.557740178752741,5.272885923457871,5.272885923457871,0.5236523452674858,0.33892363947940646,1.0,0.8333333333333334,18.047223149070447,6.412822333558679,3.140515021388887,1.2328738140094764,0.39257058336382045,2,"[[3, 4], [2, 3], [3, 4], [3, 4]]","[true, true, true, true, true]",0,0.0,0,1,0.3531583330000032
figure_eight,631,violation_dynamic,15.557740178752741,5.442207616094589,5.442207616094589,0.5250127749530578,0.3498070769639816,1.0,0.6666666666666666,18.047223149070447,6.419679249967993,3.140515021388887,0.9931777958532008,0.31624679044329795,3,"[[3, 4], [2, 3], [3, 4], [2, 3]]","[true, true, true, true, true]",0,0.0,0,1,0.3533134169999954
figure_eight,631,violation_safe,15.557740178752741,5.420463747919435,5.442207616094589,0.5250127749530578,0.3484094531493835,1.0,0.8333333333333334,18.047223149070447,6.254630284482772,3.140515021388887,1.1940240578768582,0.3802000785682608,3,"[[3, 4], [2, 3], [3, 4], [2, 3]]","[true, true, true, true, false]",1,2.0,0,1,0.34578675000000203
figure_eight,631,random_zones,15.557740178752741,5.292656074606176,5.292656074606176,0.49965636034256233,0.3401943993019227,1.0,0.5,18.047223149070447,6.604096443436595,3.140515021388887,0.8574094942076238,0.27301556858289955,0,"[[1, 3], [1, 3], [1, 3], [1, 3]]","[true, true, true, true, true]",0,0.0,0,1,0.3087162079999999
figure_eight,647,full_trajectory,6.668915135364593,0.26590642947524884,0.26590642947524884,0.3074365408449156,0.039872516605463086,0.6666666666666666,0.0,8.483957825894642,0.33874415968234856,1.0234554689063142,0.04479377895396888,0.04376719878377947,0,"[[0, 1, 2, 3, 4, 5], [0, 1, 2, 3, 4, 5], [0, 1, 2, 3, 4, 5], [0, 1, 2, 3, 4, 5]]","[true, true, true, true, true]",0,0.0,0,1,0.20873499999999723
figure_eight,647,static_tolerance,6.668915135364593,0.7619233994318628,0.7619233994318628,0.36289946601499723,0.11424997679029666,0.6666666666666666,0.16666666666666666,8.483957825894642,1.0692569656489133,1.0234554689063142,0.12112358018590419,0.11834767986079489,0,"[[1, 4], [1, 4], [1, 4], [1, 4]]","[true, true, true, true, true]",0,0.0,0,1,0.1813899579999969
figure_eight,647,curvature_zones,6.668915135364593,0.18009591011419077,0.18009591011419077,0.2730408029434149,0.027005278438641405,0.6666666666666666,0.0,8.483957825894642,0.21319202829904482,1.0234554689063142,0.08542893544792814,0.08347108207767874,0,"[[2, 4], [2, 4], [2, 4], [2, 4]]","[true, true, true, true, true]",0,0.0,0,1,0.1842685419999981
figure_eight,647,jerk_zones,6.668915135364593,1.0631329455538554,1.0631329455538554,0.45123545294600415,0.15941617549099812,0.6666666666666666,0.16666666666666666,8.483957825894642,1.431892474524196,1.0234554689063142,0.13898630059278672,0.1358010238992717,0,"[[1, 3], [1, 3], [1, 3], [1, 3]]","[true, true, true, true, true]",0,0.0,0,1,0.1760167079999988
figure_eight,647,error_peak_dynamic,6.668915135364593,0.22835916335518713,0.22835916335518713,0.28010571467055617,0.0342423255836952,0.6666666666666666,0.0,8.483957825894642,0.2891548864988162,1.0234554689063142,0.08649320892702843,0.08451096462404649,2,"[[2, 4], [2, 4], [1, 4], [2, 4]]","[true, true, true, true, true]",0,0.0,0,1,0.18001041600000178
figure_eight,647,violation_dynamic,6.668915135364593,0.22835916335518713,0.22835916335518713,0.28010571467055617,0.0342423255836952,0.6666666666666666,0.0,8.483957825894642,0.2891548864988162,1.0234554689063142,0.08649320892702843,0.08451096462404649,2,"[[2, 4], [2, 4], [1, 4], [2, 4]]","[true, true, true, true, true]",0,0.0,0,1,0.18313320899999752
figure_eight,647,violation_safe,6.668915135364593,0.22835916335518713,0.22835916335518713,0.28010571467055617,0.0342423255836952,0.6666666666666666,0.0,8.483957825894642,0.2891548864988162,1.0234554689063142,0.08649320892702843,0.08451096462404649,2,"[[2, 4], [2, 4], [1, 4], [2, 4]]","[true, true, true, true, true]",0,4.0,0,1,0.1813690840000035
figure_eight,647,random_zones,6.668915135364593,0.782544299219069,0.782544299219069,0.40657751128991104,0.11734206888753382,0.6666666666666666,0.16666666666666666,8.483957825894642,1.0385172540048757,1.0234554689063142,0.10737570326181342,0.10491487565800721,0,"[[0, 3], [0, 3], [0, 3], [0, 3]]","[true, true, true, true, true]",0,0.0,0,1,0.18545658400000065
figure_eight,659,full_trajectory,9.983334298855612,0.9985786066973253,0.9985786066973253,0.3801657365531131,0.1000245586098216,1.0,0.3333333333333333,11.58888241224299,1.2806807672326674,2.0121350498570303,0.1438249413829453,0.07147877146375667,0,"[[0, 1, 2, 3, 4, 5], [0, 1, 2, 3, 4, 5], [0, 1, 2, 3, 4, 5], [0, 1, 2, 3, 4, 5]]","[true, true, true, true, true]",0,0.0,0,1,0.24597775000000155
figure_eight,659,static_tolerance,9.983334298855612,1.5015094858751368,1.5015094858751368,0.4131356923238149,0.150401603404912,1.0,0.3333333333333333,11.58888241224299,1.88468112020595,2.0121350498570303,0.2913309837723652,0.14478699319564328,0,"[[1, 4], [1, 4], [1, 4], [1, 4]]","[true, true, true, true, true]",0,0.0,0,1,0.2064934590000007
figure_eight,659,curvature_zones,9.983334298855612,1.372843054258962,1.372843054258962,0.41297872409035286,0.1375134812841368,1.0,0.16666666666666666,11.58888241224299,1.8263787234879827,2.0121350498570303,0.2358599183370414,0.11721873159249431,0,"[[2, 4], [2, 4], [2, 4], [2, 4]]","[true, true, true, true, true]",0,0.0,0,1,0.2186670829999997
figure_eight,659,jerk_zones,9.983334298855612,1.3440887630667255,1.3440887630667255,0.38536425484576614,0.13463325206096707,1.0,0.3333333333333333,11.58888241224299,1.6643933756289084,2.0121350498570303,0.24989775330327227,0.12419531846086992,0,"[[1, 3], [1, 3], [1, 3], [1, 3]]","[true, true, true, true, true]",0,0.0,0,1,0.2340020420000002
figure_eight,659,error_peak_dynamic,9.983334298855612,0.8824497845736957,0.8824497845736957,0.3759114615513747,0.08839229040690852,1.0,0.16666666666666666,11.58888241224299,1.1653084236648348,2.0121350498570303,0.15930682007360275,0.07917302572952153,2,"[[3, 4], [2, 3], [2, 3], [3, 4]]","[true, true, true, true, true]",0,0.0,0,1,0.2272707500000024
figure_eight,659,violation_dynamic,9.983334298855612,0.8824497845736957,0.8824497845736957,0.3759114615513747,0.08839229040690852,1.0,0.16666666666666666,11.58888241224299,1.1653084236648348,2.0121350498570303,0.15930682007360275,0.07917302572952153,2,"[[3, 4], [2, 3], [2, 3], [3, 4]]","[true, true, true, true, true]",0,0.0,0,1,0.23137375000000304
figure_eight,659,violation_safe,9.983334298855612,0.8824497845736957,0.8824497845736957,0.3759114615513747,0.08839229040690852,1.0,0.16666666666666666,11.58888241224299,1.1653084236648348,2.0121350498570303,0.15930682007360275,0.07917302572952153,2,"[[3, 4], [2, 3], [2, 3], [3, 4]]","[true, true, true, true, true]",0,4.0,0,1,0.22849912499999903
figure_eight,659,random_zones,9.983334298855612,1.553510235942272,1.553510235942272,0.446697809308508,0.15561035916831423,1.0,0.3333333333333333,11.58888241224299,2.033958834535501,2.0121350498570303,0.2606955837093923,0.1295616731729392,0,"[[2, 5], [2, 5], [2, 5], [2, 5]]","[true, true, true, true, true]",0,0.0,0,1,0.22294008299999746
figure_eight,677,full_trajectory,4.925213803781452,0.18412694958276032,0.18412694958276032,0.3036081143349695,0.03738455972030948,0.6666666666666666,0.0,6.268335966206491,0.2195864931364787,0.7727292463305726,0.03579992327274912,0.04632919414238652,0,"[[0, 1, 2, 3, 4, 5], [0, 1, 2, 3, 4, 5], [0, 1, 2, 3, 4, 5], [0, 1, 2, 3, 4, 5]]","[true, true, true, true, true]",0,0.0,0,1,0.20541412500000433
figure_eight,677,static_tolerance,4.925213803781452,0.6779122865016868,0.6779122865016868,0.3901858962732218,0.13764118950150006,0.6666666666666666,0.0,6.268335966206491,0.9474697915155142,0.7727292463305726,0.10601023719250775,0.1371893683277994,0,"[[1, 4], [1, 4], [1, 4], [1, 4]]","[true, true, true, true, true]",0,0.0,0,1,0.17978787499999527
figure_eight,677,curvature_zones,4.925213803781452,0.1884413457242599,0.1884413457242599,0.2728618955524386,0.03826054121337423,0.6666666666666666,0.0,6.268335966206491,0.2435110066367022,0.7727292463305726,0.07061525518958664,0.09138421449028153,0,"[[2, 4], [2, 4], [2, 4], [2, 4]]","[true, true, true, true, true]",0,0.0,0,1,0.1757736670000014
figure_eight,677,jerk_zones,4.925213803781452,0.7201069041520742,0.7201069041520742,0.43344339239238094,0.14620825264462523,0.6666666666666666,0.0,6.268335966206491,0.93190016963401,0.7727292463305726,0.10815144838784395,0.13996034044449365,0,"[[1, 3], [1, 3], [1, 3], [1, 3]]","[true, true, true, true, true]",0,0.0,0,1,0.16690054099999685
figure_eight,677,error_peak_dynamic,4.925213803781452,0.16593206543163308,0.16593206543163308,0.27229061882239736,0.033690327373044136,0.6666666666666666,0.0,6.268335966206491,0.2008250345388041,0.7727292463305726,0.06510844140087364,0.08425776778871953,1,"[[2, 4], [2, 4], [2, 4], [2, 3]]","[true, true, true, true, true]",0,0.0,0,1,0.17786079199999705
figure_eight,677,violation_dynamic,4.925213803781452,0.2004084654274813,0.2004084654274813,0.27316561636994996,0.04069030775346501,0.6666666666666666,0.0,6.268335966206491,0.2614306443981164,0.7727292463305726,0.06918383993998536,0.08953179948671,1,"[[2, 4], [2, 4], [2, 4], [3, 4]]","[true, true, true, true, true]",0,0.0,0,1,0.1723073750000026
figure_eight,677,violation_safe,4.925213803781452,0.2004084654274813,0.2004084654274813,0.27316561636994996,0.04069030775346501,0.6666666666666666,0.0,6.268335966206491,0.2614306443981164,0.7727292463305726,0.06918383993998536,0.08953179948671,1,"[[2, 4], [2, 4], [2, 4], [3, 4]]","[true, true, true, true, true]",0,4.0,0,1,0.17260754099999787
figure_eight,677,random_zones,4.925213803781452,0.7201069041520742,0.7201069041520742,0.43344339239238094,0.14620825264462523,0.6666666666666666,0.0,6.268335966206491,0.93190016963401,0.7727292463305726,0.10815144838784395,0.13996034044449365,0,"[[1, 3], [1, 3], [1, 3], [1, 3]]","[true, true, true, true, true]",0,0.0,0,1,0.1667549579999985
figure_eight,691,full_trajectory,13.821588226417264,4.3929350503686475,4.3929350503686475,0.5079667438772038,0.317831422728425,1.0,0.5,16.98229266978686,5.763003852415057,2.443023535210436,0.6037114667767887,0.24711651692081896,0,"[[0, 1, 2, 3, 4, 5], [0, 1, 2, 3, 4, 5], [0, 1, 2, 3, 4, 5], [0, 1, 2, 3, 4, 5]]","[true, true, true, true, true]",0,0.0,0,1,0.33641487500000267
figure_eight,691,static_tolerance,13.821588226417264,4.406459652234739,4.406459652234739,0.5084516380148657,0.31880993559138543,1.0,0.5,16.98229266978686,5.785391021289549,2.443023535210436,0.7377513018725961,0.3019828876961875,0,"[[1, 4], [1, 4], [1, 4], [1, 4]]","[true, true, true, true, true]",0,0.0,0,1,0.2680264999999977
figure_eight,691,curvature_zones,13.821588226417264,5.63961992223321,5.63961992223321,0.5590698525409766,0.40802980307676795,1.0,0.6666666666666666,16.98229266978686,7.001772020030834,2.443023535210436,0.9103073102506826,0.3726150391638658,0,"[[2, 4], [2, 4], [2, 4], [2, 4]]","[true, true, true, true, true]",0,0.0,0,1,0.2756553749999995
figure_eight,691,jerk_zones,13.821588226417264,3.969642982685282,3.969642982685282,0.48714879563185254,0.28720599381611484,1.0,0.5,16.98229266978686,5.288035262302722,2.443023535210436,0.5233493423120085,0.21422198139688753,0,"[[1, 3], [1, 3], [1, 3], [1, 3]]","[true, true, true, true, true]",0,0.0,0,1,0.24655208300000453
figure_eight,691,error_peak_dynamic,13.821588226417264,4.1786800152691725,4.1786800152691725,0.5104147003595235,0.3023299455038345,1.0,0.5,16.98229266978686,5.558698667207135,2.443023535210436,0.717622795238184,0.29374370934022526,1,"[[2, 4], [3, 4], [3, 4], [3, 4]]","[true, true, true, true, true]",0,0.0,0,1,0.27094412499999976
figure_eight,691,violation_dynamic,13.821588226417264,4.762414690873197,4.762414690873197,0.5156938935502916,0.34456349102997963,1.0,0.5,16.98229266978686,6.2745774483052035,2.443023535210436,0.7764980614427145,0.31784305400718493,2,"[[2, 4], [3, 4], [3, 4], [2, 4]]","[true, true, true, true, true]",0,0.0,0,1,0.27702833299999696
figure_eight,691,violation_safe,13.821588226417264,4.652954293452001,4.762414690873197,0.5156938935502916,0.33664396719320494,1.0,0.5,16.98229266978686,6.116372417347719,2.443023535210436,0.8022103529241202,0.32836783656078034,2,"[[2, 4], [3, 4], [3, 4], [2, 4]]","[true, true, true, true, false]",1,2.0,0,1,0.2706816249999946
figure_eight,691,random_zones,13.821588226417264,4.1591899663476495,4.1591899663476495,0.49709905777215935,0.3009198290539557,1.0,0.5,16.98229266978686,5.504048042890161,2.443023535210436,0.7300159535583473,0.2988165865112984,0,"[[3, 4], [3, 4], [3, 4], [3, 4]]","[true, true, true, true, true]",0,0.0,0,1,0.2813646250000019
figure_eight,709,full_trajectory,12.156835965469886,2.3629605762007024,2.3629605762007024,0.4376820668679243,0.19437299169886177,1.0,0.5,14.219771813970489,3.14807169742347,2.4348006017578827,0.34038055648214727,0.139798124017383,0,"[[0, 1, 2, 3, 4, 5], [0, 1, 2, 3, 4, 5], [0, 1, 2, 3, 4, 5], [0, 1, 2, 3, 4, 5]]","[true, true, true, true, true]",0,0.0,0,1,0.2975065839999971
figure_eight,709,static_tolerance,12.156835965469886,3.357796259125018,3.357796259125018,0.4737192738430476,0.2762064297537992,1.0,0.5,14.219771813970489,4.494662827649876,2.4348006017578827,0.562235687682028,0.2309165223945254,0,"[[1, 4], [1, 4], [1, 4], [1, 4]]","[true, true, true, true, true]",0,0.0,0,1,0.2567327920000011
figure_eight,709,curvature_zones,12.156835965469886,3.83812545455606,3.83812545455606,0.5163802219935618,0.315717466737054,1.0,0.6666666666666666,14.219771813970489,5.085185653194935,2.4348006017578827,0.6129167918181291,0.25173182205377065,0,"[[2, 4], [2, 4], [2, 4], [2, 4]]","[true, true, true, true, true]",0,0.0,0,1,0.27962979099999785
figure_eight,709,jerk_zones,12.156835965469886,2.17511322306997,2.17511322306997,0.4085704066896646,0.17892099796757419,1.0,0.5,14.219771813970489,2.866808989339706,2.4348006017578827,0.34772733465062294,0.1428155284665077,0,"[[1, 3], [1, 3], [1, 3], [1, 3]]","[true, true, true, true, true]",0,0.0,0,1,0.2559597079999989
figure_eight,709,error_peak_dynamic,12.156835965469886,2.1700541052069426,2.1700541052069426,0.4226291397841928,0.17850484380728138,1.0,0.6666666666666666,14.219771813970489,2.724975541200887,2.4348006017578827,0.3660471912504149,0.15033969968059616,3,"[[3, 4], [2, 3], [3, 4], [2, 3]]","[true, true, true, true, true]",0,0.0,0,1,0.28918633400000004
figure_eight,709,violation_dynamic,12.156835965469886,2.1700541052069426,2.1700541052069426,0.4226291397841928,0.17850484380728138,1.0,0.6666666666666666,14.219771813970489,2.724975541200887,2.4348006017578827,0.3660471912504149,0.15033969968059616,3,"[[3, 4], [2, 3], [3, 4], [2, 3]]","[true, true, true, true, true]",0,0.0,0,1,0.2893433750000014
figure_eight,709,violation_safe,12.156835965469886,2.1700541052069426,2.1700541052069426,0.4226291397841928,0.17850484380728138,1.0,0.6666666666666666,14.219771813970489,2.724975541200887,2.4348006017578827,0.3660471912504149,0.15033969968059616,3,"[[3, 4], [2, 3], [3, 4], [2, 3]]","[true, true, true, true, true]",0,4.0,0,1,0.28995370800000586
figure_eight,709,random_zones,12.156835965469886,3.8851786260675327,3.8851786260675327,0.5367076813871926,0.3195879780810518,1.0,0.6666666666666666,14.219771813970489,5.1682984926913695,2.4348006017578827,0.5730916547664707,0.23537519021176057,0,"[[0, 2], [0, 2], [0, 2], [0, 2]]","[true, true, true, true, true]",0,0.0,0,1,0.33565362499999907
s_curve,631,full_trajectory,10.479530120930773,1.9827565209454994,1.9827565209454994,0.41916857708294875,0.1892028075748681,1.0,0.5,13.752233112600575,2.510311029968802,1.381273355025643,0.43670109575052596,0.3161583434311731,0,"[[0, 1, 2, 3, 4, 5], [0, 1, 2, 3, 4, 5], [0, 1, 2, 3, 4, 5], [0, 1, 2, 3, 4, 5]]","[true, true, true, true, true]",0,0.0,0,1,0.2610820420000053
s_curve,631,static_tolerance,10.479530120930773,2.6676160988209476,2.6676160988209476,0.4004555672369888,0.25455493405118573,1.0,0.3333333333333333,13.752233112600575,3.704066639151279,1.381273355025643,0.6208281709993463,0.44946075933523,0,"[[1, 4], [1, 4], [1, 4], [1, 4]]","[true, true, true, true, true]",0,0.0,0,1,0.20610458299999834
s_curve,631,curvature_zones,10.479530120930773,1.3417139372017373,1.3417139372017373,0.3578814879759298,0.12803187945630606,1.0,0.3333333333333333,13.752233112600575,1.7566075259939968,1.381273355025643,0.6087773726192954,0.44073634693980873,0,"[[2, 4], [2, 4], [2, 4], [2, 4]]","[true, true, true, true, true]",0,0.0,0,1,0.2401887500000015
s_curve,631,jerk_zones,10.479530120930773,2.96193769028316,2.96193769028316,0.5168718276424771,0.2826403146041137,1.0,0.3333333333333333,13.752233112600575,4.125112191218975,1.381273355025643,0.5785843677755826,0.41887752751506696,0,"[[2, 3], [2, 3], [2, 3], [2, 3]]","[true, true, true, true, true]",0,0.0,0,1,0.23841558300000543
s_curve,631,error_peak_dynamic,10.479530120930773,1.473522149931906,1.473522149931906,0.3676310478433602,0.1406095629219901,1.0,0.5,13.752233112600575,1.8463830247620443,1.381273355025643,0.5874211917077677,0.4252751199250219,1,"[[3, 4], [3, 4], [2, 4], [2, 4]]","[true, true, true, true, true]",0,0.0,0,1,0.23267475000000104
s_curve,631,violation_dynamic,10.479530120930773,1.473522149931906,1.473522149931906,0.3676310478433602,0.1406095629219901,1.0,0.5,13.752233112600575,1.8463830247620443,1.381273355025643,0.5874211917077677,0.4252751199250219,1,"[[3, 4], [3, 4], [2, 4], [2, 4]]","[true, true, true, true, true]",0,0.0,0,1,0.2433801250000016
s_curve,631,violation_safe,10.479530120930773,1.473522149931906,1.473522149931906,0.3676310478433602,0.1406095629219901,1.0,0.5,13.752233112600575,1.8463830247620443,1.381273355025643,0.5874211917077677,0.4252751199250219,1,"[[3, 4], [3, 4], [2, 4], [2, 4]]","[true, true, true, true, true]",0,4.0,0,1,0.2300810420000019
s_curve,631,random_zones,10.479530120930773,3.220843521669617,3.220843521669617,0.554597445070169,0.3073461772142459,1.0,0.5,13.752233112600575,4.483945200003539,1.381273355025643,0.5727932734943871,0.4146849509623338,0,"[[2, 5], [2, 5], [2, 5], [2, 5]]","[true, true, true, true, true]",0,0.0,0,1,0.22479062500000424
s_curve,647,full_trajectory,2.383036385683276,0.3460511251858712,0.3460511251858712,0.3910609494442084,0.1452143690565806,0.5,0.0,3.0550315016896517,0.4616232489958101,0.4091185767445126,0.06562584935081091,0.16040789414408113,0,"[[0, 1, 2, 3, 4, 5], [0, 1, 2, 3, 4, 5], [0, 1, 2, 3, 4, 5], [0, 1, 2, 3, 4, 5]]","[true, true, true, true, true]",0,0.0,0,1,0.2245655830000004
s_curve,647,static_tolerance,2.383036385683276,0.7558126548687366,0.7558126548687366,0.48905332923827693,0.31716370736489036,0.5,0.16666666666666666,3.0550315016896517,1.0631900375194794,0.4091185767445126,0.1660233074627942,0.40580730599889836,0,"[[1, 4], [1, 4], [1, 4], [1, 4]]","[true, true, true, true, true]",0,0.0,0,1,0.1825051249999987
s_curve,647,curvature_zones,2.383036385683276,0.20956162527889016,0.20956162527889016,0.3115129711039849,0.08793891127214308,0.5,0.0,3.0550315016896517,0.25166159066509286,0.4091185767445126,0.13579704109646007,0.33192587385554717,0,"[[2, 4], [2, 4], [2, 4], [2, 4]]","[true, true, true, true, true]",0,0.0,0,1,0.1769542919999978
s_curve,647,jerk_zones,2.383036385683276,0.7010814317041572,0.7010814317041572,0.5582315114389613,0.29419669624689326,0.5,0.0,3.0550315016896517,0.9795635582560213,0.4091185767445126,0.13301532647419484,0.32512658685078627,0,"[[2, 3], [2, 3], [2, 3], [2, 3]]","[true, true, true, true, true]",0,0.0,0,1,0.18704379200000432
s_curve,647,error_peak_dynamic,2.383036385683276,0.245186693187469,0.245186693187469,0.31338165154685427,0.10288835481509773,0.5,0.0,3.0550315016896517,0.3072920443061891,0.4091185767445126,0.13125093589607187,0.3208139237784741,1,"[[2, 4], [2, 4], [2, 4], [1, 2]]","[true, true, true, true, true]",0,0.0,0,1,0.17981441699999579
s_curve,647,violation_dynamic,2.383036385683276,0.245186693187469,0.245186693187469,0.31338165154685427,0.10288835481509773,0.5,0.0,3.0550315016896517,0.3072920443061891,0.4091185767445126,0.13125093589607187,0.3208139237784741,1,"[[2, 4], [2, 4], [2, 4], [1, 2]]","[true, true, true, true, true]",0,0.0,0,1,0.1783429589999983
s_curve,647,violation_safe,2.383036385683276,0.245186693187469,0.245186693187469,0.31338165154685427,0.10288835481509773,0.5,0.0,3.0550315016896517,0.3072920443061891,0.4091185767445126,0.13125093589607187,0.3208139237784741,1,"[[2, 4], [2, 4], [2, 4], [1, 2]]","[true, true, true, true, true]",0,4.0,0,1,0.20167841700000366
s_curve,647,random_zones,2.383036385683276,0.7222277684612974,0.7222277684612974,0.5587728915443322,0.3030703906999795,0.5,0.0,3.0550315016896517,0.9121964440594527,0.4091185767445126,0.15604110189104417,0.3814080092199996,0,"[[1, 3], [1, 3], [1, 3], [1, 3]]","[true, true, true, true, true]",0,0.0,0,1,0.17715862499999702
s_curve,659,full_trajectory,6.534249689356468,0.8879075252762361,0.8879075252762361,0.3812222830867378,0.13588515399442633,1.0,0.16666666666666666,8.523334502527554,1.1656384345682151,0.8804545040790556,0.1734008614130527,0.19694471504172475,0,"[[0, 1, 2, 3, 4, 5], [0, 1, 2, 3, 4, 5], [0, 1, 2, 3, 4, 5], [0, 1, 2, 3, 4, 5]]","[true, true, true, true, true]",0,0.0,0,1,0.24351424999999693
s_curve,659,static_tolerance,6.534249689356468,1.5864134446514542,1.5864134446514542,0.39598631821070085,0.2427843318010233,1.0,0.16666666666666666,8.523334502527554,2.216521848437101,0.8804545040790556,0.3351656015804778,0.38067339087674595,0,"[[1, 4], [1, 4], [1, 4], [1, 4]]","[true, true, true, true, true]",0,0.0,0,1,0.21446920800000413
s_curve,659,curvature_zones,6.534249689356468,0.4873029633065954,0.4873029633065954,0.32263505986621793,0.07457672823558537,1.0,0.0,8.523334502527554,0.5814041766871698,0.8804545040790556,0.29857400460938793,0.33911349561632675,0,"[[2, 4], [2, 4], [2, 4], [2, 4]]","[true, true, true, true, true]",0,0.0,0,1,0.19219087500000143
s_curve,659,jerk_zones,6.534249689356468,1.6197372292249872,1.6197372292249872,0.4792319061567065,0.24788419577282922,1.0,0.16666666666666666,8.523334502527554,2.2668076662043934,0.8804545040790556,0.29975486055573786,0.3404546846736592,0,"[[2, 3], [2, 3], [2, 3], [2, 3]]","[true, true, true, true, true]",0,0.0,0,1,0.19807945799999516
s_curve,659,error_peak_dynamic,6.534249689356468,0.8468387712349039,0.8468387712349039,0.35697677365402863,0.1296000017590858,1.0,0.3333333333333333,8.523334502527554,1.0626713174052271,0.8804545040790556,0.28186848962551775,0.3201397554554493,2,"[[3, 4], [3, 4], [2, 4], [2, 3]]","[true, true, true, true, true]",0,0.0,0,1,0.190069084000001
s_curve,659,violation_dynamic,6.534249689356468,0.5965696562328433,0.5965696562328433,0.32579320040974374,0.09129887662612371,1.0,0.0,8.523334502527554,0.7370899136910836,0.8804545040790556,0.29944538358280626,0.34010318783708465,1,"[[3, 4], [2, 4], [2, 4], [2, 4]]","[true, true, true, true, true]",0,0.0,0,1,0.1910852919999968
s_curve,659,violation_safe,6.534249689356468,0.5965696562328433,0.5965696562328433,0.32579320040974374,0.09129887662612371,1.0,0.0,8.523334502527554,0.7370899136910836,0.8804545040790556,0.29944538358280626,0.34010318783708465,1,"[[3, 4], [2, 4], [2, 4], [2, 4]]","[true, true, true, true, true]",0,4.0,0,1,0.18554304200000615
s_curve,659,random_zones,6.534249689356468,1.441797136728718,1.441797136728718,0.3848466579163228,0.22065228683826354,1.0,0.16666666666666666,8.523334502527554,2.0060958055786093,0.8804545040790556,0.30520171117606304,0.346641092483592,0,"[[0, 4], [0, 4], [0, 4], [0, 4]]","[true, true, true, true, true]",0,0.0,0,1,0.2041244159999991
s_curve,677,full_trajectory,2.1553083946348237,0.3093558134983405,0.3093558134983405,0.3950029202065653,0.14353204129321595,0.3333333333333333,0.0,2.8888781178828142,0.4145716247728802,0.31415125482792033,0.05741710911231095,0.18276899496633167,0,"[[0, 1, 2, 3, 4, 5], [0, 1, 2, 3, 4, 5], [0, 1, 2, 3, 4, 5], [0, 1, 2, 3, 4, 5]]","[true, true, true, true, true]",0,0.0,0,1,0.21208729100000312
s_curve,677,static_tolerance,2.1553083946348237,0.7011084466003121,0.7011084466003121,0.4808776892597789,0.32529379477459963,0.3333333333333333,0.0,2.8888781178828142,0.987064874237141,0.31415125482792033,0.14635421158659886,0.465871803271217,0,"[[1, 4], [1, 4], [1, 4], [1, 4]]","[true, true, true, true, true]",0,0.0,0,1,0.17976062500000012
s_curve,677,curvature_zones,2.1553083946348237,0.1742712787107759,0.1742712787107759,0.3132969425108105,0.08085677165485308,0.3333333333333333,0.0,2.8888781178828142,0.2050050998732413,0.31415125482792033,0.1211648346905323,0.38568948182906865,0,"[[2, 4], [2, 4], [2, 4], [2, 4]]","[true, true, true, true, true]",0,0.0,0,1,0.17570883300000162
s_curve,677,jerk_zones,2.1553083946348237,0.6206884052517455,0.6206884052517455,0.5425512146684839,0.2879812498280133,0.3333333333333333,0.0,2.8888781178828142,0.8681911724310737,0.31415125482792033,0.11952664918287871,0.3804748424396735,0,"[[2, 3], [2, 3], [2, 3], [2, 3]]","[true, true, true, true, true]",0,0.0,0,1,0.17503841599999959
s_curve,677,error_peak_dynamic,2.1553083946348237,0.22430315276942778,0.22430315276942778,0.3161986081252996,0.10407009657076555,0.3333333333333333,0.0,2.8888781178828142,0.27918860596974965,0.31415125482792033,0.11344903298845181,0.3611286959544208,1,"[[2, 4], [2, 4], [2, 4], [2, 3]]","[true, true, true, true, true]",0,0.0,0,1,0.17468474999999728
s_curve,677,violation_dynamic,2.1553083946348237,0.1742712787107759,0.1742712787107759,0.3132969425108105,0.08085677165485308,0.3333333333333333,0.0,2.8888781178828142,0.2050050998732413,0.31415125482792033,0.1211648346905323,0.38568948182906865,0,"[[2, 4], [2, 4], [2, 4], [2, 4]]","[true, true, true, true, true]",0,0.0,0,1,0.1802510830000088
s_curve,677,violation_safe,2.1553083946348237,0.1742712787107759,0.1742712787107759,0.3132969425108105,0.08085677165485308,0.3333333333333333,0.0,2.8888781178828142,0.2050050998732413,0.31415125482792033,0.1211648346905323,0.38568948182906865,0,"[[2, 4], [2, 4], [2, 4], [2, 4]]","[true, true, true, true, true]",0,4.0,0,1,0.1779928339999941
s_curve,677,random_zones,2.1553083946348237,0.7011084466003121,0.7011084466003121,0.4808776892597789,0.32529379477459963,0.3333333333333333,0.0,2.8888781178828142,0.987064874237141,0.31415125482792033,0.14635421158659886,0.465871803271217,0,"[[1, 4], [1, 4], [1, 4], [1, 4]]","[true, true, true, true, true]",0,0.0,0,1,0.17947487499999681
s_curve,691,full_trajectory,8.710516414002711,2.0812684413996867,2.0812684413996867,0.4651208695338349,0.2389374340715224,0.8333333333333334,0.5,11.76571107682288,2.735015435418056,1.0750359124052244,0.42226172716524507,0.39278848482419587,0,"[[0, 1, 2, 3, 4, 5], [0, 1, 2, 3, 4, 5], [0, 1, 2, 3, 4, 5], [0, 1, 2, 3, 4, 5]]","[true, true, true, true, true]",0,0.0,0,1,0.2544524999999993
s_curve,691,static_tolerance,8.710516414002711,2.7242785711715367,2.7242785711715367,0.4442106681488689,0.31275741203955315,0.8333333333333334,0.5,11.76571107682288,3.7757654846192175,1.0750359124052244,0.6206312957796232,0.5773121517318038,0,"[[1, 4], [1, 4], [1, 4], [1, 4]]","[true, true, true, true, true]",0,0.0,0,1,0.2205034170000033
s_curve,691,curvature_zones,8.710516414002711,1.111587478862093,1.111587478862093,0.38390258860075716,0.12761441756485817,0.8333333333333334,0.3333333333333333,11.76571107682288,1.3392609835655913,1.0750359124052244,0.5899899413863695,0.5488095184340023,0,"[[2, 4], [2, 4], [2, 4], [2, 4]]","[true, true, true, true, true]",0,0.0,0,1,0.22239695800000447
s_curve,691,jerk_zones,8.710516414002711,3.0162489661744125,3.0162489661744125,0.5821848921505401,0.3462767099922571,0.8333333333333334,0.3333333333333333,11.76571107682288,4.1927850267466455,1.0750359124052244,0.5598623851289686,0.5207848209241347,0,"[[2, 3], [2, 3], [2, 3], [2, 3]]","[true, true, true, true, true]",0,0.0,0,1,0.21332554200000686
s_curve,691,error_peak_dynamic,8.710516414002711,1.7517409353411852,1.7517409353411852,0.4117401937524822,0.20110643870955228,0.8333333333333334,0.3333333333333333,11.76571107682288,2.215360310299136,1.0750359124052244,0.5380134610165227,0.5004609193127343,2,"[[3, 4], [3, 4], [2, 4], [2, 3]]","[true, true, true, true, true]",0,0.0,0,1,0.20985929200000442
s_curve,691,violation_dynamic,8.710516414002711,1.4961989971100969,1.4961989971100969,0.3873793900577357,0.17176926441523735,0.8333333333333334,0.3333333333333333,11.76571107682288,1.8749975663229033,1.0750359124052244,0.5429171739815466,0.5050223603850168,2,"[[3, 4], [2, 4], [2, 4], [2, 3]]","[true, true, true, true, true]",0,0.0,0,1,0.21612933299999781
s_curve,691,violation_safe,8.710516414002711,1.4961989971100969,1.4961989971100969,0.3873793900577357,0.17176926441523735,0.8333333333333334,0.3333333333333333,11.76571107682288,1.8749975663229033,1.0750359124052244,0.5429171739815466,0.5050223603850168,2,"[[3, 4], [2, 4], [2, 4], [2, 3]]","[true, true, true, true, true]",0,4.0,0,1,0.20927533299999368
s_curve,691,random_zones,8.710516414002711,2.5780914863892903,2.5780914863892903,0.5144897068455394,0.2959745856450995,0.8333333333333334,0.3333333333333333,11.76571107682288,3.2943992234607555,1.0750359124052244,0.5404322293228422,0.5027108611783114,0,"[[0, 3], [0, 3], [0, 3], [0, 3]]","[true, true, true, true, true]",0,0.0,0,1,0.21712883399999328
s_curve,709,full_trajectory,8.012231738398,1.2075713843230202,1.2075713843230202,0.3926513258789107,0.15071598323046848,1.0,0.3333333333333333,10.447450571430057,1.5812534168268626,1.0730375707091826,0.23890256699798654,0.22264138136383532,0,"[[0, 1, 2, 3, 4, 5], [0, 1, 2, 3, 4, 5], [0, 1, 2, 3, 4, 5], [0, 1, 2, 3, 4, 5]]","[true, true, true, true, true]",0,0.0,0,1,0.24795191699999464
s_curve,709,static_tolerance,8.012231738398,1.97712911817445,1.97712911817445,0.39765394205892746,0.24676384592063302,1.0,0.16666666666666666,10.447450571430057,2.7580442063466823,1.0730375707091826,0.42322196444766874,0.3944148611385122,0,"[[1, 4], [1, 4], [1, 4], [1, 4]]","[true, true, true, true, true]",0,0.0,0,1,0.2035233329999926
s_curve,709,curvature_zones,8.012231738398,0.6655120816641131,0.6655120816641131,0.332237876711991,0.08306201110917673,1.0,0.0,10.447450571430057,0.8044380988387225,1.0730375707091826,0.384024636172712,0.35788554534852474,0,"[[2, 4], [2, 4], [2, 4], [2, 4]]","[true, true, true, true, true]",0,0.0,0,1,0.19861370799999634
s_curve,709,jerk_zones,8.012231738398,2.1297306544549324,2.1297306544549324,0.49409462226874495,0.2658099171356169,1.0,0.16666666666666666,10.447450571430057,2.9795033919655594,1.0730375707091826,0.38326318009771015,0.35717591868140014,0,"[[2, 3], [2, 3], [2, 3], [2, 3]]","[true, true, true, true, true]",0,0.0,0,1,0.19869195799999773
s_curve,709,error_peak_dynamic,8.012231738398,0.9968199404469373,0.9968199404469373,0.3599368157514726,0.12441227026294746,1.0,0.16666666666666666,10.447450571430057,1.2844703170309932,1.0730375707091826,0.3814367971352902,0.35547385063432063,1,"[[3, 4], [3, 4], [2, 4], [2, 4]]","[true, true, true, true, true]",0,0.0,0,1,0.19814675000000648
s_curve,709,violation_dynamic,8.012231738398,0.7939981080676477,0.7939981080676477,0.3328164197901629,0.09909824553157558,1.0,0.0,10.447450571430057,0.9838968078605694,1.0730375707091826,0.3836074004760615,0.3574967092927893,1,"[[3, 4], [2, 4], [2, 4], [2, 4]]","[true, true, true, true, true]",0,0.0,0,1,0.20271570900000313
s_curve,709,violation_safe,8.012231738398,0.7939981080676477,0.7939981080676477,0.3328164197901629,0.09909824553157558,1.0,0.0,10.447450571430057,0.9838968078605694,1.0730375707091826,0.3836074004760615,0.3574967092927893,1,"[[3, 4], [2, 4], [2, 4], [2, 4]]","[true, true, true, true, true]",0,4.0,0,1,0.20322366599999953
s_curve,709,random_zones,8.012231738398,1.8087158870604,1.8087158870604,0.38783304869728347,0.22574433018359533,1.0,0.16666666666666666,10.447450571430057,2.512361362415743,1.0730375707091826,0.3884466763660075,0.3620065941486827,0,"[[0, 4], [0, 4], [0, 4], [0, 4]]","[true, true, true, true, true]",0,0.0,0,1,0.20349524999998891
