manifest_id,trajectory,regime,scenario_id,stress_factor,stress_level,measurement_noise_std_mm,extra_delay_steps,mismatch_scale,domain_seed,method,initial_task_score,final_task_score,last_observed_task_score,task_auc_normalized,final_task_ratio,initial_violation_rate,final_violation_rate,initial_global_rmse,final_global_rmse,final_global_ratio,measured_score_auc_normalized,selection_switches,selection_history,accepted_history,rejected_trials,final_trust_radius_mm,constraint_violation,all_updates_succeeded,finite_result,elapsed_s
harmonic_loop--demand_conflict,harmonic_loop,demand_conflict,n0_d0_m0,factorial_combination,0.0,0.0,0,1.0,1409,full_trajectory,4.5644473287652785,1.6569812480062842,1.6569812480062842,0.5234650069886477,0.363019031365296,0.8333333333333334,0.5,1.1947818495795406,0.3762053240424737,0.31487365176736265,0.5234650069886477,0,"[[0, 1, 2, 3, 4, 5], [0, 1, 2, 3, 4, 5], [0, 1, 2, 3, 4, 5], [0, 1, 2, 3, 4, 5]]","[true, true, true, true, true]",0,0.0,0,1,1,0.2960705000000001
harmonic_loop--demand_conflict,harmonic_loop,demand_conflict,n0_d0_m0,factorial_combination,0.0,0.0,0,1.0,1409,error_peak_dynamic,4.5644473287652785,1.2150594653188427,1.2150594653188427,0.4617759346522451,0.2662007857252515,0.8333333333333334,0.3333333333333333,1.1947818495795406,0.5229426066549349,0.4376887771093654,0.4617759346522451,3,"[[1, 3], [3, 4], [1, 3], [3, 4]]","[true, true, true, true, true]",0,0.0,0,1,1,0.21375804100000018
harmonic_loop--demand_conflict,harmonic_loop,demand_conflict,n0_d0_m0,factorial_combination,0.0,0.0,0,1.0,1409,violation_safe,4.5644473287652785,1.5363552079857223,1.606520300978825,0.46414205568795164,0.3365917267362398,0.8333333333333334,0.5,1.1947818495795406,0.5745309896216716,0.4808668543331627,0.46414205568795164,3,"[[3, 4], [1, 3], [1, 4], [1, 3]]","[true, true, true, true, false]",1,2.0,0,1,1,0.2223866670000001
harmonic_loop--demand_conflict,harmonic_loop,demand_conflict,n0_d0_m0,factorial_combination,0.0,0.0,0,1.0,1409,dual_anchor_dynamic,4.5644473287652785,1.2149003028358656,1.2149003028358656,0.44661935963558574,0.2661659156804218,0.8333333333333334,0.5,1.1947818495795406,0.4055061723736335,0.3393976670438511,0.44661935963558574,2,"[[1, 3], [3, 4], [3, 4], [1, 4]]","[true, true, true, true, true]",0,4.0,0,1,1,0.2610694170000003
harmonic_loop--demand_conflict,harmonic_loop,demand_conflict,n0_d0_m0,factorial_combination,0.0,0.0,0,1.0,1417,full_trajectory,5.003220816176494,2.3718104219775284,2.3718104219775284,0.6069250590095379,0.4740567144885856,0.8333333333333334,0.5,1.2764604876769912,0.49917558060056116,0.3910623050377394,0.6069250590095379,0,"[[0, 1, 2, 3, 4, 5], [0, 1, 2, 3, 4, 5], [0, 1, 2, 3, 4, 5], [0, 1, 2, 3, 4, 5]]","[true, true, true, true, true]",0,0.0,0,1,1,0.2978762910000001
harmonic_loop--demand_conflict,harmonic_loop,demand_conflict,n0_d0_m0,factorial_combination,0.0,0.0,0,1.0,1417,error_peak_dynamic,5.003220816176494,1.4990874032179196,1.4990874032179196,0.5456986566708343,0.29962447357331223,0.8333333333333334,0.6666666666666666,1.2764604876769912,0.5986951365282939,0.4690275510351668,0.5456986566708343,2,"[[1, 3], [1, 3], [3, 4], [1, 4]]","[true, true, true, true, true]",0,0.0,0,1,1,0.21137595800000009
harmonic_loop--demand_conflict,harmonic_loop,demand_conflict,n0_d0_m0,factorial_combination,0.0,0.0,0,1.0,1417,violation_safe,5.003220816176494,1.983147846481147,2.230272306602657,0.5183322620882245,0.3963742395836701,0.8333333333333334,0.5,1.2764604876769912,0.6787754580961762,0.5317637832499369,0.5183322620882245,3,"[[3, 4], [1, 3], [1, 4], [1, 3]]","[true, true, true, true, false]",1,2.0,0,1,1,0.2238764999999998
harmonic_loop--demand_conflict,harmonic_loop,demand_conflict,n0_d0_m0,factorial_combination,0.0,0.0,0,1.0,1417,dual_anchor_dynamic,5.003220816176494,1.7324438028039175,1.7324438028039175,0.5179728511951771,0.34626570892145164,0.8333333333333334,0.6666666666666666,1.2764604876769912,0.5482919530554926,0.4295408736492266,0.5179728511951771,3,"[[1, 3], [3, 4], [1, 4], [3, 4]]","[true, true, true, true, true]",0,4.0,0,1,1,0.252374208
ellipse--demand_conflict,ellipse,demand_conflict,n0_d0_m0,factorial_combination,0.0,0.0,0,1.0,1409,full_trajectory,5.712649652886412,0.3668740080708438,0.3668740080708438,0.33984160506811945,0.06422133867170982,0.6666666666666666,0.0,1.4396089629146154,0.05616783023329908,0.03901603260345251,0.33984160506811945,0,"[[0, 1, 2, 3, 4, 5], [0, 1, 2, 3, 4, 5], [0, 1, 2, 3, 4, 5], [0, 1, 2, 3, 4, 5]]","[true, true, true, true, true]",0,0.0,0,1,1,0.17436604199999994
ellipse--demand_conflict,ellipse,demand_conflict,n0_d0_m0,factorial_combination,0.0,0.0,0,1.0,1409,error_peak_dynamic,5.712649652886412,0.40104358715677646,0.40104358715677646,0.3516417897816365,0.0702027275476525,0.6666666666666666,0.0,1.4396089629146154,0.09017681301513973,0.06263979687412394,0.3516417897816365,3,"[[3, 4], [2, 4], [1, 2], [2, 3]]","[true, true, true, true, true]",0,0.0,0,1,1,0.15297804199999998
ellipse--demand_conflict,ellipse,demand_conflict,n0_d0_m0,factorial_combination,0.0,0.0,0,1.0,1409,violation_safe,5.712649652886412,0.4595917675453295,0.4595917675453295,0.3660275004241623,0.08045159347608741,0.6666666666666666,0.0,1.4396089629146154,0.13668751763532053,0.0949476706220171,0.3660275004241623,3,"[[1, 4], [1, 2], [2, 4], [1, 2]]","[true, true, true, true, true]",0,4.0,0,1,1,0.15904183299999985
ellipse--demand_conflict,ellipse,demand_conflict,n0_d0_m0,factorial_combination,0.0,0.0,0,1.0,1409,dual_anchor_dynamic,5.712649652886412,0.3869977283748562,0.3869977283748562,0.3529298972546121,0.06774399830021417,0.6666666666666666,0.0,1.4396089629146154,0.06331494805839026,0.04398065703217321,0.3529298972546121,3,"[[3, 4], [1, 4], [2, 4], [1, 2]]","[true, true, true, true, true]",0,4.0,0,1,1,0.197885125
ellipse--demand_conflict,ellipse,demand_conflict,n0_d0_m0,factorial_combination,0.0,0.0,0,1.0,1417,full_trajectory,5.329892561094191,0.3392445178432903,0.3392445178432903,0.3413641248102403,0.06364941018128997,0.6666666666666666,0.0,1.311927356911312,0.05399862993029621,0.04115977126769115,0.3413641248102403,0,"[[0, 1, 2, 3, 4, 5], [0, 1, 2, 3, 4, 5], [0, 1, 2, 3, 4, 5], [0, 1, 2, 3, 4, 5]]","[true, true, true, true, true]",0,0.0,0,1,1,0.17603229199999948
ellipse--demand_conflict,ellipse,demand_conflict,n0_d0_m0,factorial_combination,0.0,0.0,0,1.0,1417,error_peak_dynamic,5.329892561094191,0.40940360666632325,0.40940360666632325,0.3628615157308995,0.07681273158389434,0.6666666666666666,0.0,1.311927356911312,0.07814239209399268,0.05956304797086049,0.3628615157308995,2,"[[3, 4], [3, 4], [2, 3], [1, 2]]","[true, true, true, true, true]",0,0.0,0,1,1,0.15440637499999976
ellipse--demand_conflict,ellipse,demand_conflict,n0_d0_m0,factorial_combination,0.0,0.0,0,1.0,1417,violation_safe,5.329892561094191,0.542185374938724,0.542185374938724,0.36179647549461963,0.10172538540390709,0.6666666666666666,0.0,1.311927356911312,0.140819119370118,0.1073375889513047,0.36179647549461963,1,"[[1, 4], [1, 4], [1, 2], [1, 2]]","[true, true, true, true, true]",0,4.0,0,1,1,0.16213645900000007
ellipse--demand_conflict,ellipse,demand_conflict,n0_d0_m0,factorial_combination,0.0,0.0,0,1.0,1417,dual_anchor_dynamic,5.329892561094191,0.3743632145460114,0.3743632145460114,0.34811167733416215,0.0702384166762936,0.6666666666666666,0.0,1.311927356911312,0.059829831571523426,0.045604530812118745,0.34811167733416215,3,"[[3, 4], [1, 4], [1, 2], [2, 3]]","[true, true, true, true, true]",0,4.0,0,1,1,0.1944242919999999
rounded_square--demand_conflict,rounded_square,demand_conflict,n0_d0_m0,factorial_combination,0.0,0.0,0,1.0,1409,full_trajectory,10.357804050755462,1.4084089534529816,1.4084089534529816,0.30925453594792995,0.13597563214668626,1.0,0.6666666666666666,2.607107756992417,0.4110696924818363,0.15767268973801452,0.30925453594792995,0,"[[0, 1, 2, 3, 4, 5], [0, 1, 2, 3, 4, 5], [0, 1, 2, 3, 4, 5], [0, 1, 2, 3, 4, 5]]","[true, true, true, true, true]",0,0.0,0,1,1,0.2901802500000006
rounded_square--demand_conflict,rounded_square,demand_conflict,n0_d0_m0,factorial_combination,0.0,0.0,0,1.0,1409,error_peak_dynamic,10.357804050755462,1.2829439090939752,1.2829439090939752,0.3191159069710546,0.1238625390871728,1.0,0.5,2.607107756992417,0.6073999919265077,0.23297847597492857,0.3191159069710546,3,"[[3, 4], [1, 2], [2, 4], [1, 2]]","[true, true, true, true, true]",0,0.0,0,1,1,0.23128287499999978
rounded_square--demand_conflict,rounded_square,demand_conflict,n0_d0_m0,factorial_combination,0.0,0.0,0,1.0,1409,violation_safe,10.357804050755462,1.3108968481913603,1.3108968481913603,0.33310678946574446,0.12656127126634995,1.0,0.6666666666666666,2.607107756992417,0.6069144747875328,0.23279224771578863,0.33310678946574446,3,"[[3, 4], [1, 3], [1, 2], [2, 4]]","[true, true, true, true, true]",0,4.0,0,1,1,0.2297859579999999
rounded_square--demand_conflict,rounded_square,demand_conflict,n0_d0_m0,factorial_combination,0.0,0.0,0,1.0,1409,dual_anchor_dynamic,10.357804050755462,1.2592460928638,1.2592460928638,0.32728081393865155,0.12157462013118071,1.0,0.6666666666666666,2.607107756992417,0.5323386664100568,0.20418744295562508,0.32728081393865155,3,"[[3, 4], [2, 3], [1, 2], [2, 4]]","[true, true, true, true, true]",0,4.0,0,1,1,0.25652179099999994
rounded_square--demand_conflict,rounded_square,demand_conflict,n0_d0_m0,factorial_combination,0.0,0.0,0,1.0,1417,full_trajectory,8.472234057906292,2.0086717068118753,2.0086717068118753,0.3854609392384889,0.23708878827980234,1.0,0.8333333333333334,2.3159225043450578,0.5627879338523648,0.24300810273076087,0.3854609392384889,0,"[[0, 1, 2, 3, 4, 5], [0, 1, 2, 3, 4, 5], [0, 1, 2, 3, 4, 5], [0, 1, 2, 3, 4, 5]]","[true, true, true, true, true]",0,0.0,0,1,1,0.3115237500000001
rounded_square--demand_conflict,rounded_square,demand_conflict,n0_d0_m0,factorial_combination,0.0,0.0,0,1.0,1417,error_peak_dynamic,8.472234057906292,2.0005524812173716,2.0005524812173716,0.37506377823055115,0.23613045479432374,1.0,0.8333333333333334,2.3159225043450578,0.6831168080975225,0.2949653137425286,0.37506377823055115,1,"[[1, 4], [2, 4], [2, 4], [2, 4]]","[true, true, true, true, true]",0,0.0,0,1,1,0.3464229579999998
rounded_square--demand_conflict,rounded_square,demand_conflict,n0_d0_m0,factorial_combination,0.0,0.0,0,1.0,1417,violation_safe,8.472234057906292,2.107078088931527,2.107078088931527,0.43739924339608416,0.24870395158231035,1.0,0.8333333333333334,2.3159225043450578,0.7455286973435385,0.32191435419138686,0.43739924339608416,3,"[[1, 3], [3, 4], [1, 2], [2, 4]]","[true, true, true, true, true]",0,4.0,0,1,1,0.23696095799999917
rounded_square--demand_conflict,rounded_square,demand_conflict,n0_d0_m0,factorial_combination,0.0,0.0,0,1.0,1417,dual_anchor_dynamic,8.472234057906292,2.011577412948303,2.011577412948303,0.4117879476005436,0.2374317563938284,1.0,0.6666666666666666,2.3159225043450578,0.6629594491165233,0.2862614996282045,0.4117879476005436,2,"[[3, 4], [1, 2], [2, 4], [2, 4]]","[true, true, true, true, true]",0,4.0,0,1,1,0.2741386669999999
figure_eight--demand_conflict,figure_eight,demand_conflict,n0_d0_m0,factorial_combination,0.0,0.0,0,1.0,1409,full_trajectory,9.417559341465854,1.3452842187181169,1.3452842187181169,0.4143047806125626,0.142848499270377,1.0,0.16666666666666666,2.2302378939430465,0.21778026859530533,0.09764889619477822,0.4143047806125626,0,"[[0, 1, 2, 3, 4, 5], [0, 1, 2, 3, 4, 5], [0, 1, 2, 3, 4, 5], [0, 1, 2, 3, 4, 5]]","[true, true, true, true, true]",0,0.0,0,1,1,0.29070799999999863
figure_eight--demand_conflict,figure_eight,demand_conflict,n0_d0_m0,factorial_combination,0.0,0.0,0,1.0,1409,error_peak_dynamic,9.417559341465854,0.8369397155231848,0.8369397155231848,0.3898748360633298,0.0888701292104536,1.0,0.16666666666666666,2.2302378939430465,0.2102824111348726,0.09428698692007902,0.3898748360633298,2,"[[3, 4], [2, 3], [2, 3], [1, 3]]","[true, true, true, true, true]",0,0.0,0,1,1,0.27597870800000024
figure_eight--demand_conflict,figure_eight,demand_conflict,n0_d0_m0,factorial_combination,0.0,0.0,0,1.0,1409,violation_safe,9.417559341465854,1.00152814048786,1.00152814048786,0.3833294560946034,0.10634688927077905,1.0,0.3333333333333333,2.2302378939430465,0.27495340624381287,0.1232843397516204,0.3833294560946034,3,"[[2, 3], [3, 5], [2, 3], [0, 3]]","[true, true, true, true, true]",0,4.0,0,1,1,0.2533551670000005
figure_eight--demand_conflict,figure_eight,demand_conflict,n0_d0_m0,factorial_combination,0.0,0.0,0,1.0,1409,dual_anchor_dynamic,9.417559341465854,1.0794829935050427,1.0794829935050427,0.38603757159280816,0.11462449604666043,1.0,0.16666666666666666,2.2302378939430465,0.20607732673665596,0.0924014999907981,0.38603757159280816,3,"[[3, 4], [2, 3], [3, 4], [2, 3]]","[true, true, true, true, true]",0,4.0,0,1,1,0.288556625
figure_eight--demand_conflict,figure_eight,demand_conflict,n0_d0_m0,factorial_combination,0.0,0.0,0,1.0,1417,full_trajectory,8.115118869324766,1.5714075138851102,1.5714075138851102,0.4735733519716915,0.19363949428085978,1.0,0.16666666666666666,2.21125278869858,0.2999396722405954,0.13564241672121222,0.4735733519716915,0,"[[0, 1, 2, 3, 4, 5], [0, 1, 2, 3, 4, 5], [0, 1, 2, 3, 4, 5], [0, 1, 2, 3, 4, 5]]","[true, true, true, true, true]",0,0.0,0,1,1,0.29838950000000075
figure_eight--demand_conflict,figure_eight,demand_conflict,n0_d0_m0,factorial_combination,0.0,0.0,0,1.0,1417,error_peak_dynamic,8.115118869324766,1.6055949041314723,1.6055949041314723,0.4606186405774858,0.19785229643408403,1.0,0.3333333333333333,2.21125278869858,0.4155048284758737,0.18790471654777047,0.4606186405774858,2,"[[2, 4], [3, 4], [3, 4], [2, 4]]","[true, true, true, true, true]",0,0.0,0,1,1,0.26559908399999976
figure_eight--demand_conflict,figure_eight,demand_conflict,n0_d0_m0,factorial_combination,0.0,0.0,0,1.0,1417,violation_safe,8.115118869324766,1.346261756647877,1.346261756647877,0.4444422597001168,0.16589550668650838,1.0,0.16666666666666666,2.21125278869858,0.2951612124581065,0.13348144272180745,0.4444422597001168,2,"[[2, 3], [3, 5], [2, 3], [2, 3]]","[true, true, true, true, true]",0,4.0,0,1,1,0.27190850000000033
figure_eight--demand_conflict,figure_eight,demand_conflict,n0_d0_m0,factorial_combination,0.0,0.0,0,1.0,1417,dual_anchor_dynamic,8.115118869324766,0.9997083218015568,0.9997083218015568,0.4404464123592604,0.12319084142814773,1.0,0.3333333333333333,2.21125278869858,0.3274165833963428,0.14806836426378997,0.4404464123592604,2,"[[3, 4], [2, 3], [3, 4], [3, 4]]","[true, true, true, true, true]",0,4.0,0,1,1,0.2762914579999993
s_curve--demand_conflict,s_curve,demand_conflict,n0_d0_m0,factorial_combination,0.0,0.0,0,1.0,1409,full_trajectory,4.513527565730995,0.5599449871174371,0.5599449871174371,0.37488487629700273,0.12405928156256876,1.0,0.0,0.9833247661954011,0.2081318977204632,0.21166140107072653,0.37488487629700273,0,"[[0, 1, 2, 3, 4, 5], [0, 1, 2, 3, 4, 5], [0, 1, 2, 3, 4, 5], [0, 1, 2, 3, 4, 5]]","[true, true, true, true, true]",0,0.0,0,1,1,0.24154324999999943
s_curve--demand_conflict,s_curve,demand_conflict,n0_d0_m0,factorial_combination,0.0,0.0,0,1.0,1409,error_peak_dynamic,4.513527565730995,0.5222668928927323,0.5222668928927323,0.3578523702468804,0.11571146631695553,1.0,0.0,0.9833247661954011,0.3367079571395183,0.3424178549293342,0.3578523702468804,1,"[[3, 4], [3, 4], [2, 4], [2, 4]]","[true, true, true, true, true]",0,0.0,0,1,1,0.20712979199999992
s_curve--demand_conflict,s_curve,demand_conflict,n0_d0_m0,factorial_combination,0.0,0.0,0,1.0,1409,violation_safe,4.513527565730995,0.7269103681339237,0.7269103681339237,0.3723822928406425,0.16105149631809015,1.0,0.0,0.9833247661954011,0.36741415620586004,0.37364477010726427,0.3723822928406425,2,"[[3, 4], [3, 4], [1, 2], [3, 4]]","[true, true, true, true, true]",0,4.0,0,1,1,0.19785095900000016
s_curve--demand_conflict,s_curve,demand_conflict,n0_d0_m0,factorial_combination,0.0,0.0,0,1.0,1409,dual_anchor_dynamic,4.513527565730995,0.4803083846124627,0.4803083846124627,0.34956746702009756,0.10641529881399399,1.0,0.0,0.9833247661954011,0.2950617986973621,0.30006546040632215,0.34956746702009756,1,"[[3, 4], [3, 4], [2, 4], [2, 4]]","[true, true, true, true, true]",0,4.0,0,1,1,0.2204492499999997
s_curve--demand_conflict,s_curve,demand_conflict,n0_d0_m0,factorial_combination,0.0,0.0,0,1.0,1417,full_trajectory,4.605704528873536,0.7983532609130137,0.7983532609130137,0.4197013107591049,0.17334009507298442,1.0,0.16666666666666666,0.9821555504560878,0.29975046532381694,0.3051965293935574,0.4197013107591049,0,"[[0, 1, 2, 3, 4, 5], [0, 1, 2, 3, 4, 5], [0, 1, 2, 3, 4, 5], [0, 1, 2, 3, 4, 5]]","[true, true, true, true, true]",0,0.0,0,1,1,0.24376941699999932
s_curve--demand_conflict,s_curve,demand_conflict,n0_d0_m0,factorial_combination,0.0,0.0,0,1.0,1417,error_peak_dynamic,4.605704528873536,0.7252454683725086,0.7252454683725086,0.38826901380859785,0.15746678142852755,1.0,0.0,0.9821555504560878,0.4227058818237454,0.43038588096096553,0.38826901380859785,2,"[[3, 4], [3, 4], [2, 4], [2, 3]]","[true, true, true, true, true]",0,0.0,0,1,1,0.20748037500000116
s_curve--demand_conflict,s_curve,demand_conflict,n0_d0_m0,factorial_combination,0.0,0.0,0,1.0,1417,violation_safe,4.605704528873536,0.7082190720984507,0.7082190720984507,0.38778425067706873,0.1537699753986752,1.0,0.0,0.9821555504560878,0.44281680608428775,0.450862193751952,0.38778425067706873,2,"[[3, 4], [3, 4], [2, 3], [2, 4]]","[true, true, true, true, true]",0,4.0,0,1,1,0.21332162499999896
s_curve--demand_conflict,s_curve,demand_conflict,n0_d0_m0,factorial_combination,0.0,0.0,0,1.0,1417,dual_anchor_dynamic,4.605704528873536,0.6971769211213842,0.6971769211213842,0.3834842809418681,0.15137248096371042,1.0,0.0,0.9821555504560878,0.3753197953070008,0.38213885278427834,0.3834842809418681,2,"[[3, 4], [3, 4], [2, 4], [2, 3]]","[true, true, true, true, true]",0,4.0,0,1,1,0.2228967079999986
harmonic_loop--demand_conflict,harmonic_loop,demand_conflict,n1_d1_m1,factorial_combination,3.0,0.05,4,1.7,1409,full_trajectory,10.047164442317085,7.460912657873749,7.460912657873749,0.7865268536049743,0.7425888867160919,0.8333333333333334,1.0,2.5246619646498663,1.7058717119186728,0.6756832145468046,0.7869996864657833,0,"[[0, 1, 2, 3, 4, 5], [0, 1, 2, 3, 4, 5], [0, 1, 2, 3, 4, 5], [0, 1, 2, 3, 4, 5]]","[true, true, true, true, true]",0,0.0,0,1,1,0.34015766599999964
harmonic_loop--demand_conflict,harmonic_loop,demand_conflict,n1_d1_m1,factorial_combination,3.0,0.05,4,1.7,1409,error_peak_dynamic,10.047164442317085,7.090703383685429,7.090703383685429,0.7607731171338241,0.7057417467778765,0.8333333333333334,0.8333333333333334,2.5246619646498663,1.8053006023110285,0.7150662653411493,0.7605461499729371,1,"[[2, 3], [1, 3], [1, 3], [1, 3]]","[true, true, true, true, true]",0,0.0,0,1,1,0.2984230829999994
harmonic_loop--demand_conflict,harmonic_loop,demand_conflict,n1_d1_m1,factorial_combination,3.0,0.05,4,1.7,1409,violation_safe,10.047164442317085,6.77176976736304,7.162865034189961,0.7335134880031524,0.6739981022746483,0.8333333333333334,0.8333333333333334,2.5246619646498663,1.841738811171626,0.7294991713581934,0.7333686932904244,1,"[[3, 4], [1, 3], [1, 3], [1, 3]]","[true, true, true, false, false]",2,1.0,0,1,1,0.2947993750000002
harmonic_loop--demand_conflict,harmonic_loop,demand_conflict,n1_d1_m1,factorial_combination,3.0,0.05,4,1.7,1409,dual_anchor_dynamic,10.047164442317085,6.974946089405367,7.206090082725457,0.7547673638606645,0.6942203573406229,0.8333333333333334,0.8333333333333334,2.5246619646498663,1.8387068101520472,0.7282982180971103,0.7544872788907379,1,"[[2, 3], [1, 3], [1, 3], [1, 3]]","[true, true, true, false, false]",2,1.0,0,1,1,0.35295779199999977
harmonic_loop--demand_conflict,harmonic_loop,demand_conflict,n1_d1_m1,factorial_combination,3.0,0.05,4,1.7,1417,full_trajectory,11.197141726760213,10.031858863382958,10.031858863382958,0.8636184695926132,0.8959303283093819,0.8333333333333334,1.0,2.844909966073702,2.1323920138711943,0.7495463966524526,0.863004794086112,0,"[[0, 1, 2, 3, 4, 5], [0, 1, 2, 3, 4, 5], [0, 1, 2, 3, 4, 5], [0, 1, 2, 3, 4, 5]]","[true, true, true, true, true]",0,0.0,0,1,1,0.3671054999999992
harmonic_loop--demand_conflict,harmonic_loop,demand_conflict,n1_d1_m1,factorial_combination,3.0,0.05,4,1.7,1417,error_peak_dynamic,11.197141726760213,8.402997729242827,8.402997729242827,0.8061932928034624,0.7504591738050774,0.8333333333333334,1.0,2.844909966073702,2.157430911503197,0.7583476936813913,0.8046558604881664,1,"[[2, 3], [1, 3], [1, 3], [1, 3]]","[true, true, true, true, true]",0,0.0,0,1,1,0.3489880000000003
harmonic_loop--demand_conflict,harmonic_loop,demand_conflict,n1_d1_m1,factorial_combination,3.0,0.05,4,1.7,1417,violation_safe,11.197141726760213,8.092363544824906,8.112169449067704,0.7645389797556776,0.7227168988568616,0.8333333333333334,1.0,2.844909966073702,2.2380984710872855,0.7867027420119432,0.7629163297160365,1,"[[3, 4], [1, 3], [1, 3], [1, 3]]","[true, true, false, false, false]",3,0.5,0,1,1,0.28899570899999993
harmonic_loop--demand_conflict,harmonic_loop,demand_conflict,n1_d1_m1,factorial_combination,3.0,0.05,4,1.7,1417,dual_anchor_dynamic,11.197141726760213,8.237809334559635,8.558183405920552,0.7925445527752063,0.7357064450539171,0.8333333333333334,1.0,2.844909966073702,2.1928783723860525,0.7708076524518185,0.7911034119376616,1,"[[2, 3], [2, 3], [1, 3], [1, 3]]","[true, true, true, false, false]",2,1.0,0,1,1,0.37878337499999937
ellipse--demand_conflict,ellipse,demand_conflict,n1_d1_m1,factorial_combination,3.0,0.05,4,1.7,1409,full_trajectory,8.831412134172975,0.7885927302935065,0.7885927302935065,0.38170135255827164,0.08929406965869734,0.6666666666666666,0.0,2.236845630170279,0.19267416969094414,0.08613655188904426,0.3873358845195806,0,"[[0, 1, 2, 3, 4, 5], [0, 1, 2, 3, 4, 5], [0, 1, 2, 3, 4, 5], [0, 1, 2, 3, 4, 5]]","[true, true, true, true, true]",0,0.0,0,1,1,0.2790607499999993
ellipse--demand_conflict,ellipse,demand_conflict,n1_d1_m1,factorial_combination,3.0,0.05,4,1.7,1409,error_peak_dynamic,8.831412134172975,1.1304766206232162,1.1304766206232162,0.3970170640133687,0.12800632599274347,0.6666666666666666,0.3333333333333333,2.236845630170279,0.32388252279649016,0.1447943114303488,0.4004984755118909,1,"[[3, 4], [3, 4], [3, 4], [2, 4]]","[true, true, true, true, true]",0,0.0,0,1,1,0.24406512499999877
ellipse--demand_conflict,ellipse,demand_conflict,n1_d1_m1,factorial_combination,3.0,0.05,4,1.7,1409,violation_safe,8.831412134172975,1.2090457499108949,1.2090457499108949,0.3841213490453697,0.13690287935182147,0.6666666666666666,0.16666666666666666,2.236845630170279,0.3037309603937637,0.1357853918469297,0.3886184475880252,1,"[[1, 4], [1, 4], [1, 4], [1, 2]]","[true, true, true, true, true]",0,4.0,0,1,1,0.27413854099999924
ellipse--demand_conflict,ellipse,demand_conflict,n1_d1_m1,factorial_combination,3.0,0.05,4,1.7,1409,dual_anchor_dynamic,8.831412134172975,0.9008257816722964,0.9008257816722964,0.38679715181665986,0.10200246211889136,0.6666666666666666,0.3333333333333333,2.236845630170279,0.28386352453210556,0.12690349334052908,0.3917636471771131,2,"[[3, 4], [1, 4], [1, 4], [2, 4]]","[true, true, true, true, true]",0,4.0,0,1,1,0.27139199999999875
ellipse--demand_conflict,ellipse,demand_conflict,n1_d1_m1,factorial_combination,3.0,0.05,4,1.7,1417,full_trajectory,9.159621575092073,0.9192606799356197,0.9192606799356197,0.3894309873070404,0.10036011557894292,0.6666666666666666,0.16666666666666666,2.338970906476054,0.19519024343603184,0.08345133447175272,0.39732863806829866,0,"[[0, 1, 2, 3, 4, 5], [0, 1, 2, 3, 4, 5], [0, 1, 2, 3, 4, 5], [0, 1, 2, 3, 4, 5]]","[true, true, true, true, true]",0,0.0,0,1,1,0.2391256669999997
ellipse--demand_conflict,ellipse,demand_conflict,n1_d1_m1,factorial_combination,3.0,0.05,4,1.7,1417,error_peak_dynamic,9.159621575092073,1.1207971144274793,1.1207971144274793,0.40341331001535474,0.12236281872990075,0.6666666666666666,0.3333333333333333,2.338970906476054,0.27418772591898477,0.11722579582320763,0.4106361465530116,1,"[[3, 4], [3, 4], [3, 4], [1, 2]]","[true, true, true, true, true]",0,0.0,0,1,1,0.249637749999998
ellipse--demand_conflict,ellipse,demand_conflict,n1_d1_m1,factorial_combination,3.0,0.05,4,1.7,1417,violation_safe,9.159621575092073,1.1075410372274919,1.1075410372274919,0.3809905980176355,0.12091558894084102,0.6666666666666666,0.3333333333333333,2.338970906476054,0.32331814510432266,0.13823093917463086,0.38626752481738,0,"[[1, 4], [1, 4], [1, 4], [1, 4]]","[true, true, true, true, true]",0,4.0,0,1,1,0.21118870799999812
ellipse--demand_conflict,ellipse,demand_conflict,n1_d1_m1,factorial_combination,3.0,0.05,4,1.7,1417,dual_anchor_dynamic,9.159621575092073,0.9416976784316307,0.9416976784316307,0.38860758347727054,0.10280967076111598,0.6666666666666666,0.3333333333333333,2.338970906476054,0.19745257337571054,0.08441856751146896,0.396414749710258,3,"[[3, 4], [1, 4], [1, 3], [1, 2]]","[true, true, true, true, true]",0,4.0,0,1,1,0.25369808299999974
rounded_square--demand_conflict,rounded_square,demand_conflict,n1_d1_m1,factorial_combination,3.0,0.05,4,1.7,1409,full_trajectory,15.08853594185499,9.943026734434106,9.943026734434106,0.712257597177774,0.658978894489859,1.0,0.8333333333333334,3.7173905303192067,2.1631083973673455,0.5818889298084059,0.7095916558393376,0,"[[0, 1, 2, 3, 4, 5], [0, 1, 2, 3, 4, 5], [0, 1, 2, 3, 4, 5], [0, 1, 2, 3, 4, 5]]","[true, true, true, true, true]",0,0.0,0,1,1,0.3709539590000013
rounded_square--demand_conflict,rounded_square,demand_conflict,n1_d1_m1,factorial_combination,3.0,0.05,4,1.7,1409,error_peak_dynamic,15.08853594185499,10.015035485442858,10.015035485442858,0.7148154954057075,0.6637513092083078,1.0,1.0,3.7173905303192067,2.9917250257665478,0.8047916949714866,0.7140430598009961,0,"[[1, 4], [1, 4], [1, 4], [1, 4]]","[true, true, true, true, true]",0,0.0,0,1,1,0.4095999170000013
rounded_square--demand_conflict,rounded_square,demand_conflict,n1_d1_m1,factorial_combination,3.0,0.05,4,1.7,1409,violation_safe,15.08853594185499,9.885458823706337,9.912105104412802,0.7139627753221727,0.6551635534289627,1.0,1.0,3.7173905303192067,3.090834672010589,0.831452774951031,0.7131896848467019,0,"[[1, 4], [1, 4], [1, 4], [1, 4]]","[true, true, true, false, false]",2,1.0,0,1,1,0.451753790999998
rounded_square--demand_conflict,rounded_square,demand_conflict,n1_d1_m1,factorial_combination,3.0,0.05,4,1.7,1409,dual_anchor_dynamic,15.08853594185499,10.128497721747399,10.154228612740404,0.724772678726728,0.6712710736666873,1.0,1.0,3.7173905303192067,2.747501950775637,0.7390942459144084,0.7239488793168348,0,"[[1, 4], [1, 4], [1, 4], [1, 4]]","[true, true, true, true, false]",1,2.0,0,1,1,0.3506562080000002
rounded_square--demand_conflict,rounded_square,demand_conflict,n1_d1_m1,factorial_combination,3.0,0.05,4,1.7,1417,full_trajectory,16.289284977812258,12.191635386535951,12.191635386535951,0.7815009733094154,0.7484450915520392,1.0,0.8333333333333334,3.7443160745856816,2.643683998020638,0.7060525728488796,0.7834679127839612,0,"[[0, 1, 2, 3, 4, 5], [0, 1, 2, 3, 4, 5], [0, 1, 2, 3, 4, 5], [0, 1, 2, 3, 4, 5]]","[true, true, true, true, true]",0,0.0,0,1,1,0.3754903750000018
rounded_square--demand_conflict,rounded_square,demand_conflict,n1_d1_m1,factorial_combination,3.0,0.05,4,1.7,1417,error_peak_dynamic,16.289284977812258,11.575890569058622,11.575890569058622,0.7617698778181574,0.7106444871476076,1.0,1.0,3.7443160745856816,3.3001758415135534,0.8813828148519023,0.7634746638712895,1,"[[1, 4], [1, 4], [1, 4], [2, 4]]","[true, true, true, true, true]",0,0.0,0,1,1,0.40290099999999995
rounded_square--demand_conflict,rounded_square,demand_conflict,n1_d1_m1,factorial_combination,3.0,0.05,4,1.7,1417,violation_safe,16.289284977812258,11.634825396721261,11.776411762828735,0.7633086285524839,0.714262499094904,1.0,1.0,3.7443160745856816,3.4766797684407167,0.9285219781627063,0.7651796090883314,0,"[[1, 4], [1, 4], [1, 4], [1, 4]]","[true, true, true, false, false]",2,1.0,0,1,1,0.3688974579999993
rounded_square--demand_conflict,rounded_square,demand_conflict,n1_d1_m1,factorial_combination,3.0,0.05,4,1.7,1417,dual_anchor_dynamic,16.289284977812258,12.078316197494413,12.078316197494413,0.7824821975916092,0.7414884210047504,1.0,1.0,3.7443160745856816,3.248763671572925,0.867652091025037,0.7844908903815648,0,"[[1, 4], [1, 4], [1, 4], [1, 4]]","[true, true, true, false, true]",1,2.3,0,1,1,0.4040147910000016
figure_eight--demand_conflict,figure_eight,demand_conflict,n1_d1_m1,factorial_combination,3.0,0.05,4,1.7,1409,full_trajectory,14.257024898009302,8.963758764585567,8.963758764585567,0.7383476957545718,0.6287257565101938,1.0,1.0,4.077383043670349,2.4783682176639337,0.607833061333618,0.7370810833715508,0,"[[0, 1, 2, 3, 4, 5], [0, 1, 2, 3, 4, 5], [0, 1, 2, 3, 4, 5], [0, 1, 2, 3, 4, 5]]","[true, true, true, true, true]",0,0.0,0,1,1,0.3890492909999992
figure_eight--demand_conflict,figure_eight,demand_conflict,n1_d1_m1,factorial_combination,3.0,0.05,4,1.7,1409,error_peak_dynamic,14.257024898009302,8.317512088922632,8.317512088922632,0.750698286603608,0.5833974583353642,1.0,1.0,4.077383043670349,2.532814897635242,0.6211864008134175,0.7492937697222313,3,"[[2, 4], [3, 4], [2, 4], [3, 4]]","[true, true, true, true, true]",0,0.0,0,1,1,0.42574058300000317
figure_eight--demand_conflict,figure_eight,demand_conflict,n1_d1_m1,factorial_combination,3.0,0.05,4,1.7,1409,violation_safe,14.257024898009302,9.191591165780352,9.96958334533722,0.7594428541298985,0.6447061172674088,1.0,1.0,4.077383043670349,2.4456015621670435,0.599796863815272,0.7588347703784162,2,"[[2, 4], [2, 3], [2, 3], [2, 4]]","[true, true, true, true, false]",1,2.0,0,1,1,0.4028245420000012
figure_eight--demand_conflict,figure_eight,demand_conflict,n1_d1_m1,factorial_combination,3.0,0.05,4,1.7,1409,dual_anchor_dynamic,14.257024898009302,9.32530760730974,9.781028224843153,0.7518299939947031,0.6540851035907096,1.0,1.0,4.077383043670349,2.7746697953046278,0.6805026080667038,0.7505778736816657,2,"[[2, 4], [3, 4], [2, 4], [2, 4]]","[true, true, true, false, false]",2,1.0,0,1,1,0.38380875000000003
figure_eight--demand_conflict,figure_eight,demand_conflict,n1_d1_m1,factorial_combination,3.0,0.05,4,1.7,1417,full_trajectory,15.356919840439442,10.475213293852189,10.475213293852189,0.7735536128824194,0.6821168178704538,1.0,1.0,4.418972478418375,2.930815500361834,0.663234612724002,0.7758891659863749,0,"[[0, 1, 2, 3, 4, 5], [0, 1, 2, 3, 4, 5], [0, 1, 2, 3, 4, 5], [0, 1, 2, 3, 4, 5]]","[true, true, true, true, true]",0,0.0,0,1,1,0.3964098329999999
figure_eight--demand_conflict,figure_eight,demand_conflict,n1_d1_m1,factorial_combination,3.0,0.05,4,1.7,1417,error_peak_dynamic,15.356919840439442,11.463978953921988,11.463978953921988,0.8097803176692124,0.7465024935360959,1.0,1.0,4.418972478418375,3.2329229745255046,0.7316006131096391,0.8126090478762916,2,"[[2, 4], [2, 4], [3, 4], [2, 4]]","[true, true, true, true, true]",0,0.0,0,1,1,0.4177483329999987
figure_eight--demand_conflict,figure_eight,demand_conflict,n1_d1_m1,factorial_combination,3.0,0.05,4,1.7,1417,violation_safe,15.356919840439442,11.278563964441528,11.695995132385281,0.803812803879348,0.7344287840027424,1.0,1.0,4.418972478418375,3.169320294356831,0.7172075204892844,0.8061411974564109,2,"[[2, 4], [2, 3], [2, 4], [2, 4]]","[true, true, true, false, false]",2,1.0,0,1,1,0.45273358300000055
figure_eight--demand_conflict,figure_eight,demand_conflict,n1_d1_m1,factorial_combination,3.0,0.05,4,1.7,1417,dual_anchor_dynamic,15.356919840439442,12.542387115457638,12.636332670002098,0.8451409487325046,0.8167254401126531,1.0,1.0,4.418972478418375,3.6617726009508513,0.8286479761606167,0.8471067218373678,0,"[[2, 4], [2, 4], [2, 4], [2, 4]]","[true, true, false, false, false]",3,0.5,0,1,1,0.380728916999999
s_curve--demand_conflict,s_curve,demand_conflict,n1_d1_m1,factorial_combination,3.0,0.05,4,1.7,1409,full_trajectory,8.801740313559783,3.912144586775285,3.912144586775285,0.6213360877963795,0.44447398439469,1.0,0.6666666666666666,1.7853303650757386,1.1471021701616335,0.6425153532371418,0.6245275208589998,0,"[[0, 1, 2, 3, 4, 5], [0, 1, 2, 3, 4, 5], [0, 1, 2, 3, 4, 5], [0, 1, 2, 3, 4, 5]]","[true, true, true, true, true]",0,0.0,0,1,1,0.3250265830000032
s_curve--demand_conflict,s_curve,demand_conflict,n1_d1_m1,factorial_combination,3.0,0.05,4,1.7,1409,error_peak_dynamic,8.801740313559783,4.799595136474049,4.799595136474049,0.629478414711002,0.5453006979858165,1.0,0.5,1.7853303650757386,1.4352523621352458,0.8039141607689837,0.6321213179912659,1,"[[3, 4], [3, 4], [2, 4], [2, 4]]","[true, true, true, true, true]",0,0.0,0,1,1,0.26457283300000256
s_curve--demand_conflict,s_curve,demand_conflict,n1_d1_m1,factorial_combination,3.0,0.05,4,1.7,1409,violation_safe,8.801740313559783,4.0054381357103255,4.443429609289248,0.6062089177708775,0.45507342786967125,1.0,0.8333333333333334,1.7853303650757386,1.4155595738965747,0.7928838278827587,0.6084983102745909,1,"[[3, 4], [3, 4], [3, 4], [2, 4]]","[true, true, true, true, false]",1,2.0,0,1,1,0.24545783299999968
s_curve--demand_conflict,s_curve,demand_conflict,n1_d1_m1,factorial_combination,3.0,0.05,4,1.7,1409,dual_anchor_dynamic,8.801740313559783,4.725308416030414,4.725308416030414,0.6391884362031347,0.5368606943277683,1.0,0.5,1.7853303650757386,1.3827924575229604,0.7745302967858828,0.6422583088946391,1,"[[3, 4], [3, 4], [2, 4], [2, 4]]","[true, true, true, true, true]",0,4.0,0,1,1,0.2923084590000009
s_curve--demand_conflict,s_curve,demand_conflict,n1_d1_m1,factorial_combination,3.0,0.05,4,1.7,1417,full_trajectory,9.39103271115646,4.825155470178211,4.825155470178211,0.6832025358633039,0.5138045642675667,1.0,0.8333333333333334,1.9576711481341942,1.4554072544793004,0.7434380671474938,0.6867865159059784,0,"[[0, 1, 2, 3, 4, 5], [0, 1, 2, 3, 4, 5], [0, 1, 2, 3, 4, 5], [0, 1, 2, 3, 4, 5]]","[true, true, true, true, true]",0,0.0,0,1,1,0.34487029099999944
s_curve--demand_conflict,s_curve,demand_conflict,n1_d1_m1,factorial_combination,3.0,0.05,4,1.7,1417,error_peak_dynamic,9.39103271115646,5.015997582459606,5.015997582459606,0.7008193773530413,0.5341263029039018,1.0,0.5,1.9576711481341942,1.610010784663913,0.8224112544123524,0.7039226190561784,3,"[[2, 4], [3, 4], [2, 4], [3, 4]]","[true, true, true, true, true]",0,0.0,0,1,1,0.2945096249999999
s_curve--demand_conflict,s_curve,demand_conflict,n1_d1_m1,factorial_combination,3.0,0.05,4,1.7,1417,violation_safe,9.39103271115646,4.882668760621932,5.527468457776905,0.6673438772046909,0.5199288417791759,1.0,0.8333333333333334,1.9576711481341942,1.6531138187859151,0.8444287593253113,0.6704877498511571,1,"[[3, 4], [3, 4], [3, 4], [2, 4]]","[true, true, true, true, false]",1,2.0,0,1,1,0.2540314590000001
s_curve--demand_conflict,s_curve,demand_conflict,n1_d1_m1,factorial_combination,3.0,0.05,4,1.7,1417,dual_anchor_dynamic,9.39103271115646,5.3430772770551505,5.3430772770551505,0.7175132353725211,0.5689552407487223,1.0,0.6666666666666666,1.9576711481341942,1.5991828310788256,0.8168802163749338,0.7206704443997081,3,"[[2, 4], [3, 4], [2, 4], [3, 4]]","[true, true, true, true, true]",0,4.0,0,1,1,0.30161420900000024
