trajectory,domain_seed,method,initial_critical_rmse,final_critical_rmse,initial_global_rmse,final_global_rmse,critical_auc_normalized,global_auc_normalized,final_critical_ratio,final_global_ratio,window_iou_with_evaluation,evaluation_window_fraction,constraint_violation,all_updates_succeeded,elapsed_s
harmonic_loop,109,full_trajectory,1.2372174319495388,0.16663180575760606,0.6667803429757273,0.14659090494954885,0.3868685656937048,0.45537451317591215,0.13468271740646012,0.21984887001218206,1.0,0.20496894409937888,0,1,0.294139040999994
harmonic_loop,109,curvature_window,1.2372174319495388,0.1542321007830584,0.6667803429757273,0.22869580187990418,0.36689444797102644,0.5338848184242828,0.12466046533148825,0.34298521887923944,0.4666666666666667,0.20496894409937888,0,1,0.26803699999999253
harmonic_loop,109,jerk_window,1.2372174319495388,0.1556348304384089,0.6667803429757273,0.21652565503567306,0.38723705386470764,0.525577428187555,0.12579424312925186,0.32473311086130086,0.2,0.20496894409937888,0,1,0.2593449579999998
harmonic_loop,109,error_peak_window,1.2372174319495388,0.2370560642624549,0.6667803429757273,0.22659574929752954,0.37612730775170095,0.5213665562200538,0.19160420645618859,0.3398356770481134,0.43478260869565216,0.20496894409937888,0,1,0.2621895829999943
harmonic_loop,109,random_window,1.2372174319495388,0.3395571585957507,0.6667803429757273,0.25087109753387576,0.5249580159562365,0.5910261613321823,0.274452290945089,0.376242491514193,0.17857142857142858,0.20496894409937888,0,1,0.2532979169999976
harmonic_loop,109,automatic_eta_0.10,1.2372174319495388,0.08044110698757173,0.6667803429757273,0.3051122582750092,0.2900849167500173,0.5983739750800402,0.06501776075108891,0.4575903616374548,0.8333333333333334,0.20496894409937888,0,1,0.24439504199999362
harmonic_loop,109,automatic_eta_0.30,1.2372174319495388,0.08792247278659243,0.6667803429757273,0.22799440440704555,0.29995573128317454,0.5222420574568805,0.0710646896140552,0.3419333020369876,0.8333333333333334,0.20496894409937888,0,1,0.27216929200000095
harmonic_loop,109,automatic_eta_1.00,1.2372174319495388,0.09795583432936021,0.6667803429757273,0.17604287403799454,0.31617229087177356,0.46966923410054007,0.0791743082499305,0.26401929194904744,0.8333333333333334,0.20496894409937888,0,1,0.28150775000000294
harmonic_loop,109,learned_auto_eta_1.00,1.2372174319495388,0.09389809887571832,0.6667803429757273,0.1794775840468981,0.31439123916544914,0.4747342140264392,0.07589458121985793,0.26917047861057236,0.8857142857142857,0.20496894409937888,0,1,0.28537891700000273
harmonic_loop,109,safe_combo_eta_0.30,1.2372174319495388,0.2370560642624549,0.6667803429757273,0.22659574929752954,0.37612730775170095,0.5213665562200538,0.19160420645618859,0.3398356770481134,0.43478260869565216,0.20496894409937888,0,1,0.26288824999998894
harmonic_loop,127,full_trajectory,1.902109061927131,0.3130700704336877,1.022311118398179,0.28519261465045953,0.3993371760347597,0.4872771181131926,0.16459101988426428,0.27896851508112047,1.0,0.20496894409937888,0,1,0.318875833000007
harmonic_loop,127,curvature_window,1.902109061927131,0.24890524311324372,1.022311118398179,0.39183571136026263,0.3681994512206876,0.5589153977712804,0.13085750343940014,0.383284211927789,0.4666666666666667,0.20496894409937888,0,1,0.2710621660000072
harmonic_loop,127,jerk_window,1.902109061927131,0.2643294969201958,1.022311118398179,0.4200477529226276,0.38915751664131554,0.5606001981740807,0.13896653047454025,0.4108805483606445,0.2,0.20496894409937888,0,1,0.2781381249999981
harmonic_loop,127,error_peak_window,1.902109061927131,0.39753189394863225,1.022311118398179,0.44997464521666075,0.3812833661250125,0.58799763533497,0.20899532098641646,0.44015431028639224,0.43478260869565216,0.20496894409937888,0,1,0.26715091700000926
harmonic_loop,127,random_window,1.902109061927131,0.4150179984755686,1.022311118398179,0.41882668532013934,0.4152587588489981,0.582044132267622,0.2181883293564098,0.40968612957705397,0.15789473684210525,0.20496894409937888,0,1,0.2745759579999998
harmonic_loop,127,automatic_eta_0.10,1.902109061927131,0.14538159019954192,1.022311118398179,0.5098748370807913,0.29491713780338513,0.6270608259765339,0.07643178464869299,0.49874722861245513,0.8333333333333334,0.20496894409937888,0,1,0.3188245000000052
harmonic_loop,127,automatic_eta_0.30,1.902109061927131,0.16594590836521153,1.022311118398179,0.39734302308673886,0.30798897237371287,0.5553010181869058,0.08724310907655454,0.38867133100275847,0.8333333333333334,0.20496894409937888,0,1,0.27847812499999236
harmonic_loop,127,automatic_eta_1.00,1.902109061927131,0.1884368045122408,1.022311118398179,0.32864461673976425,0.32657736315287467,0.5059883417734574,0.09906729760349553,0.32147221215270083,0.8333333333333334,0.20496894409937888,0,1,0.3151156670000006
harmonic_loop,127,learned_auto_eta_1.00,1.902109061927131,0.18001443047694743,1.022311118398179,0.33179408805165733,0.32432536485875935,0.5107626810889917,0.09463938429196322,0.32455294878484064,0.8857142857142857,0.20496894409937888,0,1,0.2895027090000042
harmonic_loop,127,safe_combo_eta_0.30,1.902109061927131,0.39753189394863225,1.022311118398179,0.44997464521666075,0.3812833661250125,0.58799763533497,0.20899532098641646,0.44015431028639224,0.43478260869565216,0.20496894409937888,0,1,0.26967175000000054
harmonic_loop,149,full_trajectory,0.9196710064011236,0.13021476311341257,0.49088847670729335,0.09760222677249006,0.40034347050622937,0.44040962149754215,0.14158841825727636,0.19882769998426394,1.0,0.20496894409937888,0,1,0.286566250000007
harmonic_loop,149,curvature_window,0.9196710064011236,0.09949791821813507,0.49088847670729335,0.14873768686853067,0.3518690047483757,0.5041865474373584,0.10818859953788525,0.3029969003676977,0.4666666666666667,0.20496894409937888,0,1,0.2647876660000037
harmonic_loop,149,jerk_window,0.9196710064011236,0.1068193082851281,0.49088847670729335,0.12651209091425253,0.38329472194770575,0.47801028325300043,0.11614947904374599,0.2577206370026263,0.2,0.20496894409937888,0,1,0.24591037499999402
harmonic_loop,149,error_peak_window,0.9196710064011236,0.06996525522125882,0.49088847670729335,0.15723667353527412,0.3095548797690375,0.5110488642951196,0.07607639550913795,0.32031037801083095,0.8857142857142857,0.20496894409937888,0,1,0.2579499999999939
harmonic_loop,149,random_window,0.9196710064011236,0.23392806023299553,0.49088847670729335,0.13761669201533683,0.4776841093080467,0.5036561641221694,0.25436059047724885,0.28034207064386807,0.13793103448275862,0.20496894409937888,0,1,0.2401295829999981
harmonic_loop,149,automatic_eta_0.10,0.9196710064011236,0.06041246865168708,0.49088847670729335,0.20184344929956483,0.2969756373289925,0.5701291620778866,0.06568921737360674,0.4111798481265224,0.8333333333333334,0.20496894409937888,0,1,0.2347600420000049
harmonic_loop,149,automatic_eta_0.30,0.9196710064011236,0.0633402951471152,0.49088847670729335,0.1457637868495526,0.30590887014434454,0.49198955675778744,0.06887277592340309,0.2969387014893579,0.8333333333333334,0.20496894409937888,0,1,0.2558937499999985
harmonic_loop,149,automatic_eta_1.00,0.9196710064011236,0.0717164472662054,0.49088847670729335,0.11022559601371136,0.3230648546050504,0.44076832349969963,0.07798054605075323,0.22454305049706147,0.8333333333333334,0.20496894409937888,0,1,0.2645162499999998
harmonic_loop,149,learned_auto_eta_1.00,0.9196710064011236,0.07220835703505393,0.49088847670729335,0.11293129711065,0.32313936857184206,0.4449997993566638,0.07851542185462737,0.23005489529547177,0.9411764705882353,0.20496894409937888,0,1,0.2558496249999962
harmonic_loop,149,safe_combo_eta_0.30,0.9196710064011236,0.06996525522125882,0.49088847670729335,0.15723667353527412,0.3095548797690375,0.5110488642951196,0.07607639550913795,0.32031037801083095,0.8857142857142857,0.20496894409937888,0,1,0.25801508300000364
harmonic_loop,173,full_trajectory,1.2127238445540418,0.17189560770862625,0.6376996816265331,0.14190810362085668,0.39582088677278837,0.45915643928030786,0.14174340554162837,0.22253124426674048,1.0,0.20496894409937888,0,1,0.294166582999992
harmonic_loop,173,curvature_window,1.2127238445540418,0.14523583982922852,0.6376996816265331,0.21658945768145338,0.3631112702313571,0.5325683007036505,0.11976002655628207,0.3396417842471158,0.4666666666666667,0.20496894409937888,0,1,0.2723032499999931
harmonic_loop,173,jerk_window,1.2127238445540418,0.15027038671728757,0.6376996816265331,0.1991419656836312,0.38766240188022044,0.5166186196511312,0.12391146376160098,0.312281739228244,0.2,0.20496894409937888,0,1,0.2545748329999924
harmonic_loop,173,error_peak_window,1.2127238445540418,0.09709123220761823,0.6376996816265331,0.23158447742604174,0.31061445874621996,0.539972774245029,0.08006046277033652,0.3631560185750077,0.8333333333333334,0.20496894409937888,0,1,0.2637072919999923
harmonic_loop,173,random_window,1.2127238445540418,0.3413807450405827,0.6376996816265331,0.24022705656782647,0.5410030110476048,0.5899109927707575,0.28149916122587626,0.3767087603918779,0.08196721311475409,0.20496894409937888,0,1,0.2563192920000006
harmonic_loop,173,automatic_eta_0.10,1.2127238445540418,0.0806706116330289,0.6376996816265331,0.2862845856819335,0.29487628319981185,0.5924996502119898,0.06652018264116355,0.4489332422931884,0.8333333333333334,0.20496894409937888,0,1,0.24341645799999867
harmonic_loop,173,automatic_eta_0.30,1.2127238445540418,0.08800865715948437,0.6376996816265331,0.21414027272347624,0.30521283646604513,0.5184903559715829,0.07257106187422911,0.3358011284830574,0.8333333333333334,0.20496894409937888,0,1,0.2666826250000014
harmonic_loop,173,automatic_eta_1.00,1.2127238445540418,0.09910995456511885,0.6376996816265331,0.16603587737037437,0.3223573749409378,0.46799325314391266,0.0817250811140477,0.26036688139294506,0.8333333333333334,0.20496894409937888,0,1,0.28890966699999865
harmonic_loop,173,learned_auto_eta_1.00,1.2127238445540418,0.09838492025362201,0.6376996816265331,0.16979511240550865,0.32190136129270075,0.47299686885281056,0.08112722504421555,0.266261874198251,0.9411764705882353,0.20496894409937888,0,1,0.28333191699999816
harmonic_loop,173,safe_combo_eta_0.30,1.2127238445540418,0.09709123220761823,0.6376996816265331,0.23158447742604174,0.31061445874621996,0.539972774245029,0.08006046277033652,0.3631560185750077,0.8333333333333334,0.20496894409937888,0,1,0.26252566600000193
harmonic_loop,197,full_trajectory,1.9831410563318068,0.408905665886249,1.0298306903299475,0.32625861501920683,0.44298898874076736,0.5311961560714659,0.20619091344041715,0.31680801328097613,1.0,0.20496894409937888,0,1,0.3151645420000051
harmonic_loop,197,curvature_window,1.9831410563318068,0.2561159584302689,1.0298306903299475,0.42506611738758443,0.3690678162707364,0.587515416949299,0.12914661698548244,0.4127533985721454,0.4666666666666667,0.20496894409937888,0,1,0.28709620800000835
harmonic_loop,197,jerk_window,1.9831410563318068,0.2956988268134711,1.0298306903299475,0.4313837305608332,0.40801033295027517,0.57812950232687,0.1491063007693572,0.4188880119921675,0.2,0.20496894409937888,0,1,0.2845138750000018
harmonic_loop,197,error_peak_window,1.9831410563318068,0.22399991269882613,1.0298306903299475,0.4537444634832244,0.33962827646617216,0.6021435251375976,0.11295208274955297,0.44060103058090955,0.9411764705882353,0.20496894409937888,0,1,0.2762394590000099
harmonic_loop,197,random_window,1.9831410563318068,0.739165163037063,1.0298306903299475,0.4800191838458785,0.5636445616973964,0.6303367297893581,0.372724451786747,0.4661146617140388,0.2,0.20496894409937888,0,1,0.26609058399999697
harmonic_loop,197,automatic_eta_0.10,1.9831410563318068,0.17627267222492612,1.0298306903299475,0.5464764871622275,0.3182924440683583,0.657575586256146,0.08888559472969394,0.5306469231239768,0.8857142857142857,0.20496894409937888,0,1,0.25423637500000495
harmonic_loop,197,automatic_eta_0.30,1.9831410563318068,0.21317359833969618,1.0298306903299475,0.43575731938533396,0.3365617206524212,0.5896696498102975,0.10749290760688548,0.42313491283282856,0.8857142857142857,0.20496894409937888,0,1,0.2911277089999942
harmonic_loop,197,automatic_eta_1.00,1.9831410563318068,0.2542693961496154,1.0298306903299475,0.361453622496092,0.3619516914352652,0.542760533513119,0.128215486910414,0.3509835411685836,0.8857142857142857,0.20496894409937888,0,1,0.29701729100000307
harmonic_loop,197,learned_auto_eta_1.00,1.9831410563318068,0.25347948382233676,1.0298306903299475,0.3658940715588146,0.36198349055497986,0.5467170174110595,0.12781717317233846,0.3552953655339071,0.9411764705882353,0.20496894409937888,0,1,0.3001774159999968
harmonic_loop,197,safe_combo_eta_0.30,1.9831410563318068,0.22399991269882613,1.0298306903299475,0.4537444634832244,0.33962827646617216,0.6021435251375976,0.11295208274955297,0.44060103058090955,0.9411764705882353,0.20496894409937888,0,1,0.29009166699999867
harmonic_loop,223,full_trajectory,1.4694239054443858,0.25560013414282867,0.8651635692763089,0.18078304760861394,0.4153338457282466,0.43677693040604965,0.17394581182176264,0.20895822943612288,1.0,0.20496894409937888,0,1,0.28112016700001163
harmonic_loop,223,curvature_window,1.4694239054443858,0.13969658610175317,0.8651635692763089,0.2451915542091094,0.33269660551319374,0.48080945579882284,0.09506894884734156,0.2834048530432309,0.4666666666666667,0.20496894409937888,0,1,0.2734767909999931
harmonic_loop,223,jerk_window,1.4694239054443858,0.17730638766612458,0.8651635692763089,0.207458309873222,0.382136963862626,0.46548185019617194,0.12066387855075984,0.2397908525514505,0.2,0.20496894409937888,0,1,0.2684690829999994
harmonic_loop,223,error_peak_window,1.4694239054443858,0.13671364509806042,0.8651635692763089,0.23854166002309388,0.3328845782024956,0.48010453983020235,0.0930389417182615,0.2757185675566864,0.43478260869565216,0.20496894409937888,0,1,0.37519154199999605
harmonic_loop,223,random_window,1.4694239054443858,0.45125936686343393,0.8651635692763089,0.24700218984141242,0.5192093325071353,0.4882526381218086,0.30709951375601396,0.2854976776796376,0.13793103448275862,0.20496894409937888,0,1,0.2885617499999995
harmonic_loop,223,automatic_eta_0.10,1.4694239054443858,0.19142430081559522,0.8651635692763089,0.3309526874846606,0.3598919902047933,0.557681989481829,0.13027166640364704,0.382531927184007,0.5,0.20496894409937888,0,1,0.29642720900000086
harmonic_loop,223,automatic_eta_0.30,1.4694239054443858,0.14285306250634186,0.8651635692763089,0.23921843223987407,0.33320193111093055,0.47626874176361106,0.09721705355211298,0.2765008152619917,0.5,0.20496894409937888,0,1,0.3023412499999978
harmonic_loop,223,automatic_eta_1.00,1.4694239054443858,0.1483029999048015,0.8651635692763089,0.18901065203089923,0.3381030087572589,0.430641073460969,0.10092594747868311,0.21846811255471918,0.5,0.20496894409937888,0,1,0.37212962499999946
harmonic_loop,223,learned_auto_eta_1.00,1.4694239054443858,0.14724192266198663,0.8651635692763089,0.19154480017984896,0.3379156570642141,0.4330539126372962,0.10020384323164898,0.22139720970922544,0.4666666666666667,0.20496894409937888,0,1,0.28928750000000036
harmonic_loop,223,safe_combo_eta_0.30,1.4694239054443858,0.13671364509806042,0.8651635692763089,0.23854166002309388,0.3328845782024956,0.48010453983020235,0.0930389417182615,0.2757185675566864,0.43478260869565216,0.20496894409937888,0,1,0.2749543329999966
ellipse,109,full_trajectory,1.3845763215692992,0.013150518602393305,0.8173372203540306,0.026129608138909445,0.2536832166788037,0.2835182535570317,0.009497864724053864,0.0319691890791311,1.0,0.20496894409937888,0,1,0.22776954100000069
ellipse,109,curvature_window,1.3845763215692992,0.03551608246214364,0.8173372203540306,0.04460512506236998,0.286654975073181,0.32024953597523886,0.025651227678001303,0.05457371076659059,0.0,0.20496894409937888,0,1,0.22352733300000693
ellipse,109,jerk_window,1.3845763215692992,0.02388349286830597,0.8173372203540306,0.03352069587805504,0.2604036321017918,0.2979706211006183,0.01724967594508338,0.04101207560758766,0.375,0.20496894409937888,0,1,0.2112799590000094
ellipse,109,error_peak_window,1.3845763215692992,0.01422958109785153,0.8173372203540306,0.04566694379152244,0.24515371821794457,0.3054030513848766,0.01027720962447452,0.055872830276518855,1.0,0.20496894409937888,0,1,0.22446041700000308
ellipse,109,random_window,1.3845763215692992,0.04974481199129275,0.8173372203540306,0.056040741823322415,0.3070335514375032,0.33980883861152034,0.035927822263283574,0.06856501873125061,0.13793103448275862,0.20496894409937888,0,1,0.24312308400000404
ellipse,109,automatic_eta_0.10,1.3845763215692992,0.0719572467381362,0.8173372203540306,0.07002383531470477,0.2983456136199794,0.3459730422410777,0.051970588848853624,0.08567312679627372,0.29411764705882354,0.20496894409937888,0,1,0.2105435
ellipse,109,automatic_eta_0.30,1.3845763215692992,0.02584375067236048,0.8173372203540306,0.036437330578111285,0.2620230020880133,0.2989629868853824,0.018665457634772196,0.04458053502363249,0.29411764705882354,0.20496894409937888,0,1,0.227997667000011
ellipse,109,automatic_eta_1.00,1.3845763215692992,0.014217879966267648,0.8173372203540306,0.027922759537661074,0.2499425968995918,0.2831952458089186,0.010268758568796622,0.03416308329329025,0.29411764705882354,0.20496894409937888,0,1,0.24913508299999876
ellipse,109,learned_auto_eta_1.00,1.3845763215692992,0.01396199644557881,0.8173372203540306,0.029419698973462704,0.2499181600347853,0.28507600013086587,0.010083948589958609,0.035994566552003504,0.3469387755102041,0.20496894409937888,0,1,0.25373012500000414
ellipse,109,safe_combo_eta_0.30,1.3845763215692992,0.013449234652421716,0.8173372203540306,0.0387227705401219,0.2446707062124795,0.2934812273264495,0.009713610180172774,0.047376737013578175,0.5,0.20496894409937888,0,1,0.22489766600000394
ellipse,127,full_trajectory,2.1544176409857227,0.021467345604434262,1.2904441011532668,0.04580638201881211,0.2478846090998674,0.2927882882338005,0.00996433801693723,0.03549660305151928,1.0,0.20496894409937888,0,1,0.20540191600001378
ellipse,127,curvature_window,2.1544176409857227,0.055933571714916225,1.2904441011532668,0.0821301317206481,0.28606097441996114,0.33234352321538835,0.025962269641147492,0.06364485811299272,0.0,0.20496894409937888,0,1,0.23365787499999158
ellipse,127,jerk_window,2.1544176409857227,0.04682646015113099,1.2904441011532668,0.06124397240501554,0.25725940492934884,0.3096310067549949,0.021735089455406715,0.04745960894414718,0.375,0.20496894409937888,0,1,0.22545395800000279
ellipse,127,error_peak_window,2.1544176409857227,0.026197274814561383,1.2904441011532668,0.05215523414070468,0.23926672958604622,0.29407445781467567,0.012159794051154908,0.040416500097984615,0.5,0.20496894409937888,0,1,0.21707758300000535
ellipse,127,random_window,2.1544176409857227,0.06744021694043298,1.2904441011532668,0.08275956760994091,0.30101744809418424,0.3366267866116793,0.03130322350571576,0.06413262499009363,0.15789473684210525,0.20496894409937888,0,1,0.2407122500000014
ellipse,127,automatic_eta_0.10,2.1544176409857227,0.12205447540706255,1.2904441011532668,0.12274413439449106,0.29569100455678393,0.35798808901245865,0.05665311733671949,0.09511774611918092,0.32,0.20496894409937888,0,1,0.21717641699999035
ellipse,127,automatic_eta_0.30,2.1544176409857227,0.04989014682952414,1.2904441011532668,0.07028692264991877,0.2589723815852218,0.3124258237499999,0.023157138096352396,0.05446723541694175,0.32,0.20496894409937888,0,1,0.23641095800000755
ellipse,127,automatic_eta_1.00,2.1544176409857227,0.027922287024943464,1.2904441011532668,0.05256348890207862,0.2453799073535105,0.29522238286468266,0.01296048012871266,0.040732867743052764,0.32,0.20496894409937888,0,1,0.25724083299999734
ellipse,127,learned_auto_eta_1.00,2.1544176409857227,0.02848343731450115,1.2904441011532668,0.053883736907568355,0.24558376086809902,0.29637833214842707,0.013220945081692222,0.041755963593783404,0.375,0.20496894409937888,0,1,0.25749904100000265
ellipse,127,safe_combo_eta_0.30,2.1544176409857227,0.02042364768164818,1.2904441011532668,0.06553713476433023,0.2390478689054753,0.3056321419993152,0.009479892520887283,0.05078649645169431,0.5,0.20496894409937888,0,1,0.23240649999999619
ellipse,149,full_trajectory,0.8332000228711745,0.01076714079929763,0.4686780191760786,0.012045525162270244,0.2607625739961967,0.27357416162989223,0.01292263622628632,0.025701066978660324,1.0,0.20496894409937888,0,1,0.2350051250000007
ellipse,149,curvature_window,0.8332000228711745,0.020800578849305425,0.4686780191760786,0.016691443751531247,0.2862730318510511,0.294921006964162,0.02496468828412588,0.035613882171974455,0.0,0.20496894409937888,0,1,0.21106779199999437
ellipse,149,jerk_window,0.8332000228711745,0.015375925394906599,0.4686780191760786,0.01563808503195275,0.26405408235840766,0.28101597885027874,0.018454062617427405,0.03336637177788712,0.375,0.20496894409937888,0,1,0.21259412499999542
ellipse,149,error_peak_window,0.8332000228711745,0.01038745823660043,0.4686780191760786,0.01630585400117693,0.251443042276576,0.27170048443971945,0.012466944252840582,0.034791164368753874,0.8333333333333334,0.20496894409937888,0,1,0.20198191699999768
ellipse,149,random_window,0.8332000228711745,0.032152956234779324,0.4686780191760786,0.0281506628896479,0.31081258102447246,0.3291610803258907,0.03858972077794898,0.0600639708666856,0.08196721311475409,0.20496894409937888,0,1,0.22453041600000745
ellipse,149,automatic_eta_0.10,0.8332000228711745,0.038734204129789465,0.4686780191760786,0.031269295467377625,0.29420901972328317,0.31841703991124287,0.04648848183694586,0.06671807549743441,0.40425531914893614,0.20496894409937888,0,1,0.2534137079999965
ellipse,149,automatic_eta_0.30,0.8332000228711745,0.015515661402667691,0.4686780191760786,0.016917398973308694,0.26555302024596705,0.2835365240968965,0.018621772655743975,0.036095994011088796,0.40425531914893614,0.20496894409937888,0,1,0.20927091699999778
ellipse,149,automatic_eta_1.00,0.8332000228711745,0.010333954407634925,0.4686780191760786,0.012447169786800322,0.25672814393100873,0.2712319992769476,0.0124027293854656,0.026558040440390313,0.40425531914893614,0.20496894409937888,0,1,0.2323949170000077
ellipse,149,learned_auto_eta_1.00,0.8332000228711745,0.010355966826874799,0.4686780191760786,0.012547363734041712,0.25596477631215087,0.2706134261946074,0.012429148514889072,0.026771820355688085,0.5,0.20496894409937888,0,1,0.22177408299999968
ellipse,149,safe_combo_eta_0.30,0.8332000228711745,0.01038745823660043,0.4686780191760786,0.01630585400117693,0.251443042276576,0.27170048443971945,0.012466944252840582,0.034791164368753874,0.8333333333333334,0.20496894409937888,0,1,0.19941624999999874
ellipse,173,full_trajectory,1.27422188281966,0.013035737734021547,0.7143232386617788,0.021157980873082245,0.2564093466358396,0.28067270272459743,0.010230351487274284,0.029619617181599528,1.0,0.20496894409937888,0,1,0.21772841700000356
ellipse,173,curvature_window,1.27422188281966,0.030989249199707625,0.7143232386617788,0.03415937318835211,0.2863958989682963,0.3127198436522909,0.024320135776614595,0.04782061024970525,0.0,0.20496894409937888,0,1,0.20745554100000163
ellipse,173,jerk_window,1.27422188281966,0.02298803591009761,0.7143232386617788,0.028123461392029193,0.26204296575780023,0.29321454787712475,0.018040842195574735,0.03937077763942834,0.375,0.20496894409937888,0,1,0.20545791700000393
ellipse,173,error_peak_window,1.27422188281966,0.014816534705196732,0.7143232386617788,0.03518248349724567,0.24812016273242368,0.29316340748931624,0.011627907905968451,0.049252889438620155,1.0,0.20496894409937888,0,1,0.2165964170000052
ellipse,173,random_window,1.27422188281966,0.04770063426570376,0.7143232386617788,0.04643415623390345,0.3143769159033943,0.3367181474816457,0.03743510836601666,0.06500440377789433,0.0,0.20496894409937888,0,1,0.2317020420000091
ellipse,173,automatic_eta_0.10,1.27422188281966,0.012505297077758678,0.7143232386617788,0.04995066922500266,0.2469312041458067,0.31073509546557554,0.009814065545700997,0.06992726334730591,0.6097560975609756,0.20496894409937888,0,1,0.20914304100000436
ellipse,173,automatic_eta_0.30,1.27422188281966,0.011443635598234206,0.7143232386617788,0.03298190356359369,0.24651575427020095,0.2900735816609598,0.008980881393208516,0.046172239370767726,0.6097560975609756,0.20496894409937888,0,1,0.2969659169999943
ellipse,173,automatic_eta_1.00,1.27422188281966,0.011072425594436594,0.7143232386617788,0.024442197860100354,0.24725251610746687,0.2797502217252153,0.008689558501330234,0.0342172794292548,0.6097560975609756,0.20496894409937888,0,1,0.23718437499999823
ellipse,173,learned_auto_eta_1.00,1.27422188281966,0.01377647222322754,0.7143232386617788,0.021829925548897747,0.25213435745273194,0.27888280462803466,0.010811674488545349,0.030560290310300102,0.29411764705882354,0.20496894409937888,0,1,0.2387690000000049
ellipse,173,safe_combo_eta_0.30,1.27422188281966,0.013862746292475834,0.7143232386617788,0.029058611169448367,0.24754090687299743,0.2844725433777716,0.010879381746136453,0.04067991855324082,0.5,0.20496894409937888,0,1,0.2984173330000033
ellipse,197,full_trajectory,1.800356161934322,0.020875758236791622,0.9790728749051572,0.03232616115854482,0.26060132685918735,0.28625967512924017,0.01159534911934452,0.033017114442759184,1.0,0.20496894409937888,0,1,0.26986954200000923
ellipse,197,curvature_window,1.800356161934322,0.040159364912429045,0.9790728749051572,0.04948956894129021,0.2898863065072851,0.314606689984732,0.022306344578664587,0.05054738029187487,0.0,0.20496894409937888,0,1,0.2501342500000021
ellipse,197,jerk_window,1.800356161934322,0.0339335863124642,0.9790728749051572,0.042788529643859256,0.2648095324733686,0.2963898946896337,0.01884826293259973,0.0437031100958692,0.375,0.20496894409937888,0,1,0.24264562499999442
ellipse,197,error_peak_window,1.800356161934322,0.026292173984001133,0.9790728749051572,0.04381682905610367,0.25392058427059877,0.29061716339340204,0.014603873688944159,0.044753388822408355,0.8857142857142857,0.20496894409937888,0,1,0.23829212500000096
ellipse,197,random_window,1.800356161934322,0.05854966009637772,0.9790728749051572,0.053851920247415024,0.30943631697698676,0.3265239446417839,0.03252115405513503,0.05500297437270097,0.03125,0.20496894409937888,0,1,0.21644654100001048
ellipse,197,automatic_eta_0.10,1.800356161934322,0.09142418890540681,0.9790728749051572,0.08206976757258762,0.297798481240935,0.33742407697726473,0.050781168103526626,0.08382396211368609,0.40425531914893614,0.20496894409937888,0,1,0.2020028339999982
ellipse,197,automatic_eta_0.30,1.800356161934322,0.03584211457341652,0.9790728749051572,0.04776647456887202,0.26726256634033324,0.3009644930350431,0.019908346654534937,0.04878745575859117,0.40425531914893614,0.20496894409937888,0,1,0.2237710830000026
ellipse,197,automatic_eta_1.00,1.800356161934322,0.021759403238043797,0.9790728749051572,0.03537637398034276,0.2569756684354811,0.28647355766257093,0.012086165892122845,0.036132523826451296,0.40425531914893614,0.20496894409937888,0,1,0.25081570800000463
ellipse,197,learned_auto_eta_1.00,1.800356161934322,0.021500018394927663,0.9790728749051572,0.03580929738505757,0.2563421321619266,0.2863568017044311,0.011942091709135936,0.03657470072238129,0.5,0.20496894409937888,0,1,0.25644362500000284
ellipse,197,safe_combo_eta_0.30,1.800356161934322,0.035664719849511514,0.9790728749051572,0.047753813278484235,0.266561002958809,0.3005010664671761,0.01980981352667072,0.04877452384033226,0.5,0.20496894409937888,0,1,0.21297704200000567
ellipse,223,full_trajectory,0.8919140948342904,0.017394536584556027,0.7291108965873588,0.020887068425019785,0.26959647547514587,0.2782910443980943,0.019502479762681376,0.02864731349206655,1.0,0.20496894409937888,0,1,0.27301641599999016
ellipse,223,curvature_window,0.8919140948342904,0.021115411953301723,0.7291108965873588,0.025493449424035575,0.27981350726609333,0.29083714675915745,0.02367426647431194,0.03496511922035315,0.0,0.20496894409937888,0,1,0.20232925000000535
ellipse,223,jerk_window,0.8919140948342904,0.024237443296287426,0.7291108965873588,0.025531156092498918,0.2737882262748108,0.28525221204608003,0.027174638719876406,0.03501683517829566,0.375,0.20496894409937888,0,1,0.21680679199999986
ellipse,223,error_peak_window,0.8919140948342904,0.027853566464522105,0.7291108965873588,0.02899356578849858,0.275687590904944,0.2882130637732086,0.031228978918308323,0.03976564597265582,0.24528301886792453,0.20496894409937888,0,1,0.20577312499999323
ellipse,223,random_window,0.8919140948342904,0.033476116159830614,0.7291108965873588,0.04068506962411871,0.3079453293714858,0.3208346667331105,0.03753289285786001,0.05580093482973205,0.03125,0.20496894409937888,0,1,0.22967658299999982
ellipse,223,automatic_eta_0.10,0.8919140948342904,0.035385367330129425,0.7291108965873588,0.0425039347921932,0.28783697430120764,0.31423788559045357,0.03967351512334123,0.058295569290124534,0.375,0.20496894409937888,0,1,0.18653637500000286
ellipse,223,automatic_eta_0.30,0.8919140948342904,0.02242710450141156,0.7291108965873588,0.027347955529928206,0.2712056074138397,0.28729488769097367,0.02514491544791465,0.03750863641996262,0.375,0.20496894409937888,0,1,0.2038914160000047
ellipse,223,automatic_eta_1.00,0.8919140948342904,0.0189999937396333,0.7291108965873588,0.021791245704179295,0.2663134362256322,0.2769687706129904,0.021302492975137168,0.029887422895713594,0.375,0.20496894409937888,0,1,0.2372569999999996
ellipse,223,learned_auto_eta_1.00,0.8919140948342904,0.01868847607228266,0.7291108965873588,0.021420553908431495,0.2668270035939489,0.27592325231350046,0.020953224285299374,0.029379006689779982,0.15789473684210525,0.20496894409937888,0,1,0.2275834999999944
ellipse,223,safe_combo_eta_0.30,0.8919140948342904,0.027853566464522105,0.7291108965873588,0.02899356578849858,0.275687590904944,0.2882130637732086,0.031228978918308323,0.03976564597265582,0.24528301886792453,0.20496894409937888,0,1,0.21389083299999356
rounded_square,109,full_trajectory,2.0492927091665685,0.316935069691285,1.4652031914972172,0.21714185306827585,0.38059182715362594,0.3600356138491657,0.1546558323628546,0.1481991401113381,1.0,0.20496894409937888,0,1,0.3123249580000049
rounded_square,109,curvature_window,2.0492927091665685,0.4963973413001297,1.4652031914972172,0.32161943886786415,0.4615044497481835,0.43040972479106093,0.24222861823483022,0.21950500840720766,0.15789473684210525,0.20496894409937888,0,1,0.3659703750000034
rounded_square,109,jerk_window,2.0492927091665685,0.4652576182167513,1.4652031914972172,0.29067905336843075,0.4288888090794767,0.39526635108036806,0.22703326671472324,0.19838822018357774,0.2,0.20496894409937888,0,1,0.2827046249999938
rounded_square,109,error_peak_window,2.0492927091665685,0.46644334553926836,1.4652031914972172,0.3131514482631534,0.40730948157580765,0.38019606813401896,0.22761186991631238,0.21372561162875964,0.2222222222222222,0.20496894409937888,0,1,0.2512687079999978
rounded_square,109,random_window,2.0492927091665685,0.40971292453844416,1.4652031914972172,0.32326303317802163,0.3870583504020113,0.39167420435666467,0.19992894265703567,0.2206267602022457,0.15789473684210525,0.20496894409937888,0,1,0.240520250000003
rounded_square,109,automatic_eta_0.10,2.0492927091665685,0.5489142527396903,1.4652031914972172,0.36378328819831457,0.4720350120174923,0.45600751178414983,0.2678554655878952,0.24828180167051286,0.375,0.20496894409937888,0,1,0.25169958299998996
rounded_square,109,automatic_eta_0.30,2.0492927091665685,0.4916278259646031,1.4652031914972172,0.31003020300870426,0.4531858887928117,0.42440702993857937,0.2399012223903067,0.21159536425244888,0.375,0.20496894409937888,0,1,0.2527520829999901
rounded_square,109,automatic_eta_1.00,2.0492927091665685,0.4061059845001628,1.4652031914972172,0.25606472095620514,0.42267845185500996,0.3931682205582518,0.19816885244535073,0.17476396614625547,0.375,0.20496894409937888,0,1,0.28372375000000716
rounded_square,109,learned_auto_eta_1.00,2.0492927091665685,0.23099900712309485,1.4652031914972172,0.23322254157117905,0.32701113633618506,0.3637509717126496,0.11272133360443191,0.159174197083792,0.8857142857142857,0.20496894409937888,0,1,0.27898941700000535
rounded_square,109,safe_combo_eta_0.30,2.0492927091665685,0.46644334553926836,1.4652031914972172,0.3131514482631534,0.40730948157580765,0.38019606813401896,0.22761186991631238,0.21372561162875964,0.2222222222222222,0.20496894409937888,0,1,0.24811816700000122
rounded_square,127,full_trajectory,3.2949290189711453,0.4525665957253337,2.3612778101327456,0.33287225070613646,0.37366035653532437,0.35838413167152827,0.13735245679636807,0.14097123569184059,1.0,0.20496894409937888,0,1,0.36846862500000555
rounded_square,127,curvature_window,3.2949290189711453,0.7156264210101108,2.3612778101327456,0.46778185407531114,0.44852317466201247,0.42077021082100835,0.21719023896714107,0.19810538686636517,0.15789473684210525,0.20496894409937888,0,1,0.2770189999999957
rounded_square,127,jerk_window,3.2949290189711453,0.5645204746472909,2.3612778101327456,0.4342845561267476,0.39230701483359115,0.3843561611499267,0.17133008674753325,0.1839192975359105,0.2,0.20496894409937888,0,1,0.28769195799999636
rounded_square,127,error_peak_window,3.2949290189711453,0.6095282645779949,2.3612778101327456,0.42685873231318383,0.37836691457817795,0.3555934796497774,0.18498980131848866,0.18077446477557285,0.2692307692307692,0.20496894409937888,0,1,0.26102429199998767
rounded_square,127,random_window,3.2949290189711453,0.7300553924859251,2.3612778101327456,0.4575721312119984,0.4489826354501829,0.40573208539209626,0.2215693838266318,0.1937815742173407,0.015384615384615385,0.20496894409937888,0,1,0.2589910840000016
rounded_square,127,automatic_eta_0.10,3.2949290189711453,0.8505260138500875,2.3612778101327456,0.5947907318311129,0.4692342706794336,0.46271641466147995,0.2581318167866535,0.2518935846001429,0.40425531914893614,0.20496894409937888,0,1,0.25905579199999806
rounded_square,127,automatic_eta_0.30,3.2949290189711453,0.7452613395728293,2.3612778101327456,0.494763873034017,0.4487304821427504,0.42828932752664395,0.22618433820026268,0.20953225872486494,0.40425531914893614,0.20496894409937888,0,1,0.26420062500000085
rounded_square,127,automatic_eta_1.00,3.2949290189711453,0.6012753548071148,2.3612778101327456,0.39974068457969064,0.4175153858176219,0.3949545658480369,0.18248507064800606,0.16928998479734925,0.40425531914893614,0.20496894409937888,0,1,0.2948080000000033
rounded_square,127,learned_auto_eta_1.00,3.2949290189711453,0.33178404664296957,2.3612778101327456,0.34781190222871544,0.3318179174125619,0.36098393113297733,0.10069535481118512,0.1472981708192829,0.9411764705882353,0.20496894409937888,0,1,0.3152813330000015
rounded_square,127,safe_combo_eta_0.30,3.2949290189711453,0.6095282645779949,2.3612778101327456,0.42685873231318383,0.37836691457817795,0.3555934796497774,0.18498980131848866,0.18077446477557285,0.2692307692307692,0.20496894409937888,0,1,0.260575750000001
rounded_square,149,full_trajectory,1.1194945454814507,0.28574594427600414,0.7332217284572053,0.18735892788919983,0.4676522270034158,0.4586573599973928,0.25524549934552476,0.25552833558741855,1.0,0.20496894409937888,0,1,0.27997833399999195
rounded_square,149,curvature_window,1.1194945454814507,0.4075995715618131,0.7332217284572053,0.29059571490640873,0.54810220767319,0.568608510529246,0.3640925033596484,0.39632720039252,0.15789473684210525,0.20496894409937888,0,1,0.25220166700000846
rounded_square,149,jerk_window,1.1194945454814507,0.5006200213234405,0.7332217284572053,0.2761552714456274,0.6362625512651294,0.5501745230534356,0.44718397543254085,0.3766326893049041,0.2,0.20496894409937888,0,1,0.25992049999999267
rounded_square,149,error_peak_window,1.1194945454814507,0.390947139696869,0.7332217284572053,0.2520989224602455,0.5325881669594774,0.5119606574898464,0.3492175475752211,0.3438235838846384,0.43478260869565216,0.20496894409937888,0,1,0.276119874999992
rounded_square,149,random_window,1.1194945454814507,0.4462794684179363,0.7332217284572053,0.31367582938139027,0.5882716486453037,0.5953019284354613,0.39864371847029323,0.42780487430644665,0.17857142857142858,0.20496894409937888,0,1,0.24325554099999636
rounded_square,149,automatic_eta_0.10,1.1194945454814507,0.4789388104482045,0.7332217284572053,0.2968867202169336,0.5931639245238678,0.5728924655933714,0.4278170111514315,0.4049071497671273,0.375,0.20496894409937888,0,1,0.2471532910000036
rounded_square,149,automatic_eta_0.30,1.1194945454814507,0.4114197319910395,0.7332217284572053,0.25401380398491796,0.552554011601178,0.5291340581792846,0.36750490089623794,0.3464351834190679,0.375,0.20496894409937888,0,1,0.25938183300000617
rounded_square,149,automatic_eta_1.00,1.1194945454814507,0.3236901222052358,0.7332217284572053,0.2070183446089401,0.49652966137782095,0.47966431739065507,0.2891395259688643,0.2823407116487585,0.375,0.20496894409937888,0,1,0.2886158329999944
rounded_square,149,learned_auto_eta_1.00,1.1194945454814507,0.3233200010462563,0.7332217284572053,0.21329211528981806,0.5024371743986332,0.48912113565433585,0.2888089114424484,0.290897155678423,0.43478260869565216,0.20496894409937888,0,1,0.2923714159999946
rounded_square,149,safe_combo_eta_0.30,1.1194945454814507,0.390947139696869,0.7332217284572053,0.2520989224602455,0.5325881669594774,0.5119606574898464,0.3492175475752211,0.3438235838846384,0.43478260869565216,0.20496894409937888,0,1,0.27699920799999234
rounded_square,173,full_trajectory,1.8194307283301685,0.34082804769418074,1.2555852671223209,0.22969486932374678,0.40803099115102287,0.3902458037984466,0.18732675137733046,0.18293848720460462,1.0,0.20496894409937888,0,1,0.29614566700000466
rounded_square,173,curvature_window,1.8194307283301685,0.5093409042118663,1.2555852671223209,0.34049706368204913,0.48818489005395166,0.46927923378004766,0.2799452027939132,0.27118593423960385,0.15789473684210525,0.20496894409937888,0,1,0.2545194159999937
rounded_square,173,jerk_window,1.8194307283301685,0.5359813702481419,1.2555852671223209,0.3169115976880386,0.4900490169052657,0.4395001466085934,0.2945874013791408,0.25240149433607895,0.2,0.20496894409937888,0,1,0.26946379199999626
rounded_square,173,error_peak_window,1.8194307283301685,0.24412599739800903,1.2555852671223209,0.31617884870076873,0.3347454267996969,0.4440395970786568,0.13417713221874747,0.2518179027581455,0.8857142857142857,0.20496894409937888,0,1,0.2735710830000073
rounded_square,173,random_window,1.8194307283301685,0.5095417335862199,1.2555852671223209,0.33040005546859486,0.45410241439285404,0.4294384343355419,0.280055583129491,0.263144259589665,0.2222222222222222,0.20496894409937888,0,1,0.25524837500000785
rounded_square,173,automatic_eta_0.10,1.8194307283301685,0.5488426400970216,1.2555852671223209,0.35128381837153383,0.4970896929768034,0.4791384415308633,0.30165624420377724,0.2797769514902338,0.375,0.20496894409937888,0,1,0.2545796250000052
rounded_square,173,automatic_eta_0.30,1.8194307283301685,0.49513532288729645,1.2555852671223209,0.30776841292982693,0.47737119922307947,0.4495362124206327,0.2721374961836113,0.24511948410736145,0.375,0.20496894409937888,0,1,0.25094370899999774
rounded_square,173,automatic_eta_1.00,1.8194307283301685,0.4138746101036308,1.2555852671223209,0.2606430405156966,0.4455589016002916,0.41873802513548974,0.22747478299625914,0.20758688982793264,0.375,0.20496894409937888,0,1,0.2930432089999897
rounded_square,173,learned_auto_eta_1.00,1.8194307283301685,0.2554511265003534,1.2555852671223209,0.2537801980356527,0.3466735745966178,0.40099843691319514,0.14040167758120725,0.2021210384359576,0.8333333333333334,0.20496894409937888,0,1,0.2807875419999988
rounded_square,173,safe_combo_eta_0.30,1.8194307283301685,0.24412599739800903,1.2555852671223209,0.31617884870076873,0.3347454267996969,0.4440395970786568,0.13417713221874747,0.2518179027581455,0.8857142857142857,0.20496894409937888,0,1,0.2683650419999992
rounded_square,197,full_trajectory,2.6486205148599473,0.6201946441814129,1.6451617840775508,0.4348248124753229,0.4568144109873139,0.4644146490155806,0.2341576079705806,0.2643051988465262,1.0,0.20496894409937888,0,1,0.3789553339999969
rounded_square,197,curvature_window,2.6486205148599473,0.8197655468259322,1.6451617840775508,0.5865972087150307,0.5173919279244041,0.5428757979524842,0.30950660626038357,0.35655898063784547,0.15789473684210525,0.20496894409937888,0,1,0.2658879170000006
rounded_square,197,jerk_window,2.6486205148599473,0.9941651644428293,1.6451617840775508,0.5948932371349095,0.5777731073985795,0.5371788256026538,0.3753520592569292,0.36160166306590247,0.2,0.20496894409937888,0,1,0.3304665
rounded_square,197,error_peak_window,2.6486205148599473,0.4346648748265237,1.6451617840775508,0.56787399537895,0.37610401452036646,0.5280273643072789,0.16410991019206378,0.3451782073198104,0.9411764705882353,0.20496894409937888,0,1,0.27820320799999365
rounded_square,197,random_window,2.6486205148599473,0.8247837539802605,1.6451617840775508,0.6579819111993664,0.4884610554770791,0.5289397269965085,0.3114012556169728,0.39994966912527674,0.06451612903225806,0.20496894409937888,0,1,0.2760972500000065
rounded_square,197,automatic_eta_0.10,2.6486205148599473,0.9105206922321071,1.6451617840775508,0.6204394710736721,0.5346836958149119,0.5615857652548044,0.34377166797722747,0.37712976138790827,0.40425531914893614,0.20496894409937888,0,1,0.25688554200000624
rounded_square,197,automatic_eta_0.30,2.6486205148599473,0.8217080478475848,1.6451617840775508,0.5495225474208347,0.514436062475177,0.5276891153210993,0.3102400072933947,0.3340234089676198,0.40425531914893614,0.20496894409937888,0,1,0.276533208999993
rounded_square,197,automatic_eta_1.00,2.6486205148599473,0.6955611287874985,1.6451617840775508,0.47862997586791933,0.483753680951966,0.4924635497794673,0.26261260338545633,0.2909318587997041,0.40425531914893614,0.20496894409937888,0,1,0.31015529199999037
rounded_square,197,learned_auto_eta_1.00,2.6486205148599473,0.7268287844871846,1.6451617840775508,0.49291327123842293,0.49829763921656195,0.5033370137667837,0.27441786409542235,0.2996138592623591,0.43478260869565216,0.20496894409937888,0,1,0.3115575839999991
rounded_square,197,safe_combo_eta_0.30,2.6486205148599473,0.4346648748265237,1.6451617840775508,0.56787399537895,0.37610401452036646,0.5280273643072789,0.16410991019206378,0.3451782073198104,0.9411764705882353,0.20496894409937888,0,1,0.27777462499999217
rounded_square,223,full_trajectory,1.4831454386248943,0.506827266284814,0.9540419926526508,0.3252024240042491,0.5570476548245017,0.5528700191415666,0.34172458956872187,0.34086803988579706,1.0,0.20496894409937888,0,1,0.30908641700000317
rounded_square,223,curvature_window,1.4831454386248943,0.6335783872389915,0.9540419926526508,0.5062252118457475,0.5993622127074093,0.6876063250114578,0.4271856088681477,0.530611037820486,0.15789473684210525,0.20496894409937888,0,1,0.27139729099999954
rounded_square,223,jerk_window,1.4831454386248943,0.9849469525500006,0.9540419926526508,0.5154770932182166,0.8507759509077597,0.7118529938030927,0.6640933025848086,0.5403085998185116,0.2,0.20496894409937888,0,1,0.27302525000000344
rounded_square,223,error_peak_window,1.4831454386248943,0.5927084276690672,0.9540419926526508,0.41843088233126496,0.5800541604522339,0.6220919680910278,0.3996293365663449,0.4385874893911593,0.3469387755102041,0.20496894409937888,0,1,0.27892220799999734
rounded_square,223,random_window,1.4831454386248943,0.8866882111302121,0.9540419926526508,0.5390152687686982,0.7620655792791771,0.724305289231781,0.5978430624796376,0.5649806538074932,0.03125,0.20496894409937888,0,1,0.2635615840000014
rounded_square,223,automatic_eta_0.10,1.4831454386248943,0.6569988464052886,0.9540419926526508,0.5048074387975171,0.6013675646270692,0.6875743576371567,0.44297668272804613,0.5291249679628183,0.40425531914893614,0.20496894409937888,0,1,0.2603160829999922
rounded_square,223,automatic_eta_0.30,1.4831454386248943,0.5713306342666971,0.9540419926526508,0.4221906681245916,0.5650244378498229,0.6252555739777443,0.38521551520693015,0.4425283911777492,0.40425531914893614,0.20496894409937888,0,1,0.28170029100000704
rounded_square,223,automatic_eta_1.00,1.4831454386248943,0.4716386287736788,0.9540419926526508,0.3423454825013245,0.5241690625330705,0.5595879175161266,0.3179989072487462,0.3588369119366072,0.40425531914893614,0.20496894409937888,0,1,0.2995974999999902
rounded_square,223,learned_auto_eta_1.00,1.4831454386248943,0.4727114104374709,0.9540419926526508,0.34118273669263827,0.5274371299206253,0.5585093104185924,0.3187222224650791,0.357618154462994,0.375,0.20496894409937888,0,1,0.30158608300000367
rounded_square,223,safe_combo_eta_0.30,1.4831454386248943,0.5927084276690672,0.9540419926526508,0.41843088233126496,0.5800541604522339,0.6220919680910278,0.3996293365663449,0.4385874893911593,0.3469387755102041,0.20496894409937888,0,1,0.2770105419999993
figure_eight,109,full_trajectory,2.062661631090684,0.06029348115315195,1.243436735824408,0.05354255864184,0.2978490438790879,0.31388919692559764,0.029230912256447153,0.0430601389674569,1.0,0.20496894409937888,0,1,0.25068987500000617
figure_eight,109,curvature_window,2.062661631090684,0.18973210108478214,1.243436735824408,0.12479179145490109,0.35950500606436075,0.3690649601033982,0.0919841132568392,0.10036038654766234,0.2692307692307692,0.20496894409937888,0,1,0.2564321669999998
figure_eight,109,jerk_window,2.062661631090684,0.15065391851227194,1.243436735824408,0.09236314601413,0.3419775712326703,0.34399831086814764,0.07303860034115722,0.07428053503091375,0.06451612903225806,0.20496894409937888,0,1,0.2486592079999923
figure_eight,109,error_peak_window,2.062661631090684,0.03363428242731441,1.243436735824408,0.06293089795000446,0.2688598742346284,0.3123249067749683,0.01630625300841488,0.05061045418469223,0.6923076923076923,0.20496894409937888,0,1,0.2413848329999979
figure_eight,109,random_window,2.062661631090684,0.14474383501255758,1.243436735824408,0.11109453850150446,0.3581324663430168,0.3780870147870166,0.07017332985246866,0.0893447453342674,0.17857142857142858,0.20496894409937888,0,1,0.23986433299999987
figure_eight,109,automatic_eta_0.10,2.062661631090684,0.2744856614984874,1.243436735824408,0.16934976065435234,0.37741119057682754,0.39539705175409023,0.13307352857159913,0.13619491508916387,0.4666666666666667,0.20496894409937888,0,1,0.21898012500000164
figure_eight,109,automatic_eta_0.30,2.062661631090684,0.13186825419929224,1.243436735824408,0.08948000851217232,0.3192378847018921,0.33612817490211805,0.0639311131848434,0.07196185051814992,0.4666666666666667,0.20496894409937888,0,1,0.25032604199999753
figure_eight,109,automatic_eta_1.00,2.062661631090684,0.07185956255440633,1.243436735824408,0.05765683222356204,0.2926874118118756,0.31109830955757345,0.03483826986998773,0.04636893101387673,0.4666666666666667,0.20496894409937888,0,1,0.2744265420000005
figure_eight,109,learned_auto_eta_1.00,2.062661631090684,0.043244919918671326,1.243436735824408,0.058011042403075995,0.27702813163285045,0.31167444182764337,0.02096559089810794,0.046653794866864884,0.8857142857142857,0.20496894409937888,0,1,0.26231479199999796
figure_eight,109,safe_combo_eta_0.30,2.062661631090684,0.03363428242731441,1.243436735824408,0.06293089795000446,0.2688598742346284,0.3123249067749683,0.01630625300841488,0.05061045418469223,0.6923076923076923,0.20496894409937888,0,1,0.25443545899999265
figure_eight,127,full_trajectory,3.2040747221316144,0.14644040812262538,1.9663380081151314,0.14414979362222077,0.30144655183139757,0.3371691658922424,0.0457044297722249,0.07330875618907359,1.0,0.20496894409937888,0,1,0.30439929099999574
figure_eight,127,curvature_window,3.2040747221316144,0.3219187267705847,1.9663380081151314,0.23609624043499075,0.35976694370418233,0.3817788314367275,0.10047166645240341,0.12006900108761313,0.2692307692307692,0.20496894409937888,0,1,0.2793642500000004
figure_eight,127,jerk_window,3.2040747221316144,0.18524758971363112,1.9663380081151314,0.1439713113859824,0.32532894168633886,0.3459061509211988,0.057816251423246826,0.07321798734083805,0.06451612903225806,0.20496894409937888,0,1,0.2934491670000057
figure_eight,127,error_peak_window,3.2040747221316144,0.20331352200305505,1.9663380081151314,0.17506199165782912,0.2795718425212498,0.34321158348795994,0.06345467557254537,0.08902945014302904,0.6923076923076923,0.20496894409937888,0,1,0.30085054200000627
figure_eight,127,random_window,3.2040747221316144,0.30353246643994064,1.9663380081151314,0.19494895045446894,0.34287786640609197,0.3596831964779296,0.09473326709372304,0.09914315323708804,0.29411764705882354,0.20496894409937888,0,1,0.27206770799999447
figure_eight,127,automatic_eta_0.10,3.2040747221316144,0.19336821967703027,1.9663380081151314,0.20293316023456867,0.33295418503189633,0.38456694475665865,0.060350721018261964,0.1032035994814004,0.4666666666666667,0.20496894409937888,0,1,0.25218033400000195
figure_eight,127,automatic_eta_0.30,3.2040747221316144,0.12509839946354626,1.9663380081151314,0.1267719820887781,0.2949315266535086,0.3403126196143458,0.039043533722684376,0.06447110393309118,0.4666666666666667,0.20496894409937888,0,1,0.3071668329999966
figure_eight,127,automatic_eta_1.00,3.2040747221316144,0.13005599793784406,1.9663380081151314,0.11400107230134089,0.2836044071485354,0.32629339197938345,0.04059081301678261,0.05797633562025212,0.4666666666666667,0.20496894409937888,0,1,0.29553483399999436
figure_eight,127,learned_auto_eta_1.00,3.2040747221316144,0.12990698184826674,1.9663380081151314,0.1144420498583052,0.2844541588581414,0.3262903947966742,0.0405443047101729,0.05820059897433691,0.5,0.20496894409937888,0,1,0.2956505000000078
figure_eight,127,safe_combo_eta_0.30,3.2040747221316144,0.20331352200305505,1.9663380081151314,0.17506199165782912,0.2795718425212498,0.34321158348795994,0.06345467557254537,0.08902945014302904,0.6923076923076923,0.20496894409937888,0,1,0.2984716250000048
figure_eight,149,full_trajectory,1.372203995428839,0.051333971736625586,0.7780916373708853,0.03508691808573237,0.30977329445052165,0.3128632503274913,0.03740986901920715,0.04509355505257517,1.0,0.20496894409937888,0,1,0.2522247920000069
figure_eight,149,curvature_window,1.372203995428839,0.13230694174672009,0.7780916373708853,0.07575943543037676,0.3677294753558746,0.3598860572438077,0.09641929493535087,0.0973656980639997,0.2692307692307692,0.20496894409937888,0,1,0.24660908300000983
figure_eight,149,jerk_window,1.372203995428839,0.12438804834714845,0.7780916373708853,0.06821474951994674,0.36426744766570174,0.3595986331667959,0.09064836479234627,0.0876693004315525,0.06451612903225806,0.20496894409937888,0,1,0.22806224999999358
figure_eight,149,error_peak_window,1.372203995428839,0.03415273483384823,0.7780916373708853,0.04462110478072321,0.28035036533549873,0.3096651473377052,0.02488896326466013,0.057346850470588094,0.8857142857142857,0.20496894409937888,0,1,0.2297579170000006
figure_eight,149,random_window,1.372203995428839,0.1510500905925269,0.7780916373708853,0.08147737005088472,0.3877420963095606,0.37801425287613555,0.11007845123298957,0.10471436285601371,0.17857142857142858,0.20496894409937888,0,1,0.25042312500001174
figure_eight,149,automatic_eta_0.10,1.372203995428839,0.049776145175998855,0.7780916373708853,0.0670969547983433,0.2891932337528358,0.33977431846885187,0.036274595717412185,0.08623271550001359,0.5714285714285714,0.20496894409937888,0,1,0.22475374999999076
figure_eight,149,automatic_eta_0.30,1.372203995428839,0.04326034076484654,0.7780916373708853,0.0461964121197442,0.2883102453007388,0.31554117094859974,0.03152617315570991,0.05937142863511359,0.5714285714285714,0.20496894409937888,0,1,0.23416179199999476
figure_eight,149,automatic_eta_1.00,1.372203995428839,0.038258170218146446,0.7780916373708853,0.03634285469386868,0.2891297667325235,0.30556654276241974,0.027880818264335448,0.04670767933796143,0.5714285714285714,0.20496894409937888,0,1,0.23928033400000004
figure_eight,149,learned_auto_eta_1.00,1.372203995428839,0.03876580532396014,0.7780916373708853,0.036596512751959645,0.28876978225004457,0.3049264455749869,0.02825075969250848,0.04703367957483335,0.6923076923076923,0.20496894409937888,0,1,0.24113316700000098
figure_eight,149,safe_combo_eta_0.30,1.372203995428839,0.03415273483384823,0.7780916373708853,0.04462110478072321,0.28035036533549873,0.3096651473377052,0.02488896326466013,0.057346850470588094,0.8857142857142857,0.20496894409937888,0,1,0.22938962499999604
figure_eight,173,full_trajectory,1.9664447081043637,0.06522622138129337,1.133603389889146,0.05119581924321948,0.30567695550000523,0.3188602952850001,0.03316961881128654,0.045162020244334196,1.0,0.20496894409937888,0,1,0.24266695800000093
figure_eight,173,curvature_window,1.9664447081043637,0.18531359944006134,1.133603389889146,0.11581211730432209,0.36481462256128644,0.37154870027439135,0.09423788966774566,0.10216281844009592,0.2692307692307692,0.20496894409937888,0,1,0.2556052919999985
figure_eight,173,jerk_window,1.9664447081043637,0.15760002348833185,1.133603389889146,0.09174363274832525,0.3532361976252384,0.354569661722902,0.08014465031170745,0.080930979535353,0.06451612903225806,0.20496894409937888,0,1,0.23752445799999578
figure_eight,173,error_peak_window,1.9664447081043637,0.03938623128433241,1.133603389889146,0.06178767998148015,0.2764285233024563,0.31641123330062126,0.020029157759691302,0.05450555329366324,0.7837837837837838,0.20496894409937888,0,1,0.2430149580000034
figure_eight,173,random_window,1.9664447081043637,0.20786553614639508,1.133603389889146,0.12600922552102453,0.39513473857641324,0.39509872381241784,0.10570627045332778,0.11115812341858546,0.11864406779661017,0.20496894409937888,0,1,0.2444489169999997
figure_eight,173,automatic_eta_0.10,1.9664447081043637,0.06635784492679768,1.133603389889146,0.10088532031937973,0.28830775873281367,0.3544852395344581,0.033745085561427295,0.08899525285403849,0.6097560975609756,0.20496894409937888,0,1,0.225935333999999
figure_eight,173,automatic_eta_0.30,1.9664447081043637,0.0582632654710378,1.133603389889146,0.07036633274188345,0.2874067904074701,0.3291234957246437,0.02962873312985398,0.06207314954197914,0.6097560975609756,0.20496894409937888,0,1,0.23579158299999392
figure_eight,173,automatic_eta_1.00,1.9664447081043637,0.05209727839847819,1.133603389889146,0.05609840223535203,0.28807614932123365,0.317554701081884,0.02649313158095329,0.04948679823623131,0.6097560975609756,0.20496894409937888,0,1,0.24863249999999937
figure_eight,173,learned_auto_eta_1.00,1.9664447081043637,0.04998185722769592,1.133603389889146,0.0557445012049247,0.2858947606050237,0.3158843868350382,0.025417372287003186,0.0491746070116956,0.7837837837837838,0.20496894409937888,0,1,0.26287687500000345
figure_eight,173,safe_combo_eta_0.30,1.9664447081043637,0.03938623128433241,1.133603389889146,0.06178767998148015,0.2764285233024563,0.31641123330062126,0.020029157759691302,0.05450555329366324,0.7837837837837838,0.20496894409937888,0,1,0.24290358300000037
figure_eight,197,full_trajectory,3.070154533920766,0.13076895114562045,1.6985982423466348,0.10948481721718559,0.33835968598178434,0.35684980039314834,0.04259360553379732,0.06445598169578401,1.0,0.20496894409937888,0,1,0.321538082999993
figure_eight,197,curvature_window,3.070154533920766,0.3082010117265646,1.6985982423466348,0.2006259815126186,0.38678730668761624,0.39739394652954513,0.1003861559154073,0.1181126746224883,0.2692307692307692,0.20496894409937888,0,1,0.2640342079999982
figure_eight,197,jerk_window,3.070154533920766,0.299358910536037,1.6985982423466348,0.17764229643356136,0.3903013085512351,0.3962436907831559,0.0975061376320163,0.10458170272691811,0.06451612903225806,0.20496894409937888,0,1,0.25158608400001015
figure_eight,197,error_peak_window,3.070154533920766,0.09730731570624353,1.6985982423466348,0.1338698953654869,0.31154719199970304,0.35621563845299775,0.03169459863701923,0.0788119827443975,0.9411764705882353,0.20496894409937888,0,1,0.2562688749999893
figure_eight,197,random_window,3.070154533920766,0.29435711315330376,1.6985982423466348,0.20822863462270513,0.3982580255234233,0.42382034900195364,0.09587696967728612,0.12258851412387821,0.17857142857142858,0.20496894409937888,0,1,0.2542095839999945
figure_eight,197,automatic_eta_0.10,3.070154533920766,0.150310797739443,1.6985982423466348,0.18574240656352478,0.32377250117841133,0.3864713301553673,0.04895870747831295,0.10935040548901034,0.5714285714285714,0.20496894409937888,0,1,0.2335476670000105
figure_eight,197,automatic_eta_0.30,3.070154533920766,0.13061542172559093,1.6985982423466348,0.1434650145246291,0.3223010783436221,0.3655086015361968,0.042543598467920586,0.08446082831595915,0.5714285714285714,0.20496894409937888,0,1,0.24606379100001163
figure_eight,197,automatic_eta_1.00,3.070154533920766,0.11359918024704677,1.6985982423466348,0.11888341369691162,0.3219327182346077,0.3548805077007639,0.037001127790780616,0.06998913029173555,0.5714285714285714,0.20496894409937888,0,1,0.2512765829999921
figure_eight,197,learned_auto_eta_1.00,3.070154533920766,0.10903764871898627,1.6985982423466348,0.11693912359745864,0.31948610118833837,0.352259416263679,0.035515361690845855,0.06884448640186144,0.7368421052631579,0.20496894409937888,0,1,0.25694100000001185
figure_eight,197,safe_combo_eta_0.30,3.070154533920766,0.09730731570624353,1.6985982423466348,0.1338698953654869,0.31154719199970304,0.35621563845299775,0.03169459863701923,0.0788119827443975,0.9411764705882353,0.20496894409937888,0,1,0.2575758330000042
figure_eight,223,full_trajectory,1.971813466152789,0.12303082212703313,1.2777256829661467,0.07281004867140219,0.35377411969689954,0.3230601550219014,0.0623947570289592,0.056984100454472345,1.0,0.20496894409937888,0,1,0.26003658399997676
figure_eight,223,curvature_window,1.971813466152789,0.21087592777862219,1.2777256829661467,0.112357420250905,0.3911587041059208,0.34348980559254094,0.10694517072655094,0.08793547922592858,0.2692307692307692,0.20496894409937888,0,1,0.25343604200000414
figure_eight,223,jerk_window,1.971813466152789,0.267427801329318,1.2777256829661467,0.14311911188514465,0.42431418139014554,0.38386066293310195,0.1356253042794647,0.11201082814028132,0.06451612903225806,0.20496894409937888,0,1,0.251694332999989
figure_eight,223,error_peak_window,1.971813466152789,0.08984860471263031,1.2777256829661467,0.07812248416274241,0.31983136995386074,0.3113850345825094,0.04556648296348954,0.061141828175032664,0.5714285714285714,0.20496894409937888,0,1,0.2510484590000033
figure_eight,223,random_window,1.971813466152789,0.276635173371981,1.2777256829661467,0.1520941866982333,0.44781980488492446,0.40380217462573,0.14029479873252143,0.11903508611109527,0.1,0.20496894409937888,0,1,0.2424829999999929
figure_eight,223,automatic_eta_0.10,1.971813466152789,0.08752234759890173,1.2777256829661467,0.12046891453649677,0.3143921374840311,0.33998904962309,0.044386727802233156,0.09428386401127745,0.7368421052631579,0.20496894409937888,0,1,0.22070808400002306
figure_eight,223,automatic_eta_0.30,1.971813466152789,0.08564320381869685,1.2777256829661467,0.07331633449025489,0.3181443321361944,0.3095333969779852,0.04343372498910637,0.05738034029343167,0.7368421052631579,0.20496894409937888,0,1,0.24545662500000276
figure_eight,223,automatic_eta_1.00,1.971813466152789,0.08676282276024884,1.2777256829661467,0.06133094572404896,0.3236086939800538,0.30323300171119427,0.044001536783056884,0.048000088392739865,0.7368421052631579,0.20496894409937888,0,1,0.26396720800002527
figure_eight,223,learned_auto_eta_1.00,1.971813466152789,0.0891714250158636,1.2777256829661467,0.06285836162392239,0.3253173784509178,0.30392645196513207,0.04522305306588976,0.04919550609486169,0.6097560975609756,0.20496894409937888,0,1,0.25834137500001475
figure_eight,223,safe_combo_eta_0.30,1.971813466152789,0.08984860471263031,1.2777256829661467,0.07812248416274241,0.31983136995386074,0.3113850345825094,0.04556648296348954,0.061141828175032664,0.5714285714285714,0.20496894409937888,0,1,0.25108854100000144
s_curve,109,full_trajectory,0.8570352022945643,0.09340774971556833,0.5552305082645108,0.07638539725861876,0.3707900451054143,0.4038495428788037,0.10898939677796798,0.13757420768786158,1.0,0.20496894409937888,0,1,0.2701480839999988
s_curve,109,curvature_window,0.8570352022945643,0.16963130653002567,0.5552305082645108,0.14936391946852925,0.4639641280053252,0.5172383789543458,0.1979280501849481,0.26901245022611864,0.4666666666666667,0.20496894409937888,0,1,0.2527998750000222
s_curve,109,jerk_window,0.8570352022945643,0.10100956036703598,0.5552305082645108,0.12832301477404087,0.35994071699854835,0.4612562516978179,0.1178592899061792,0.2311166495067811,0.2222222222222222,0.20496894409937888,0,1,0.24569804199998657
s_curve,109,error_peak_window,0.8570352022945643,0.16887407299712615,0.5552305082645108,0.16321398611242063,0.38942383768089184,0.5039737110957133,0.19704450009170554,0.2939571649666372,0.375,0.20496894409937888,0,1,0.24833020799999872
s_curve,109,random_window,0.8570352022945643,0.18425800249733212,0.5552305082645108,0.15175707269047678,0.4203143177131684,0.4847843030291676,0.2149946723355272,0.27332264785813964,0.13793103448275862,0.20496894409937888,0,1,0.24345995800001674
s_curve,109,automatic_eta_0.10,0.8570352022945643,0.24555891369152227,0.5552305082645108,0.23114745989340008,0.43736084205218206,0.5728970622905938,0.2865213856257952,0.41630900401330584,0.5,0.20496894409937888,0,1,0.21426929200001155
s_curve,109,automatic_eta_0.30,0.8570352022945643,0.18181552628263847,0.5552305082645108,0.16586430899762022,0.4006914865424161,0.5040112754695716,0.21214475881020836,0.29873053899012836,0.5,0.20496894409937888,0,1,0.2565984169999922
s_curve,109,automatic_eta_1.00,0.8570352022945643,0.12366010679700883,0.5552305082645108,0.1100395811776568,0.3675888543086832,0.4402274355016126,0.1442882468140517,0.19818720250371066,0.5,0.20496894409937888,0,1,0.2479339580000044
s_curve,109,learned_auto_eta_1.00,0.8570352022945643,0.12362724107118714,0.5552305082645108,0.11033327572405215,0.36745972914790936,0.44052487247966793,0.1442498986508331,0.1987161621736563,0.4666666666666667,0.20496894409937888,0,1,0.24795241699999337
s_curve,109,safe_combo_eta_0.30,0.8570352022945643,0.16887407299712615,0.5552305082645108,0.16321398611242063,0.38942383768089184,0.5039737110957133,0.19704450009170554,0.2939571649666372,0.375,0.20496894409937888,0,1,0.24470700000000534
s_curve,127,full_trajectory,1.3661537033714684,0.18179547206251764,0.8780706511058629,0.14834052084371588,0.3882467016859435,0.42959307623831683,0.1330710238634737,0.1689391629897803,1.0,0.20496894409937888,0,1,0.3448341669999877
s_curve,127,curvature_window,1.3661537033714684,0.3024338717428463,0.8780706511058629,0.253620181017656,0.48064854015996933,0.5293847637508204,0.22137616799375032,0.2888380117229072,0.4666666666666667,0.20496894409937888,0,1,0.26714441699999725
s_curve,127,jerk_window,1.3661537033714684,0.15226397937062103,0.8780706511058629,0.21553534618407524,0.3602368957639434,0.47409326293750303,0.11145450105274078,0.24546469684714428,0.2222222222222222,0.20496894409937888,0,1,0.2532562920000032
s_curve,127,error_peak_window,1.3661537033714684,0.2900540826139341,0.8780706511058629,0.277472510846115,0.3968510483952268,0.5176471738881739,0.21231438446356576,0.3160024885203253,0.3469387755102041,0.20496894409937888,0,1,0.2554979579999781
s_curve,127,random_window,1.3661537033714684,0.3504196948786789,0.8780706511058629,0.2133384985593032,0.4762906834202872,0.4696033184991415,0.25650092959078774,0.24296279381462033,0.0,0.20496894409937888,0,1,0.25513862500000073
s_curve,127,automatic_eta_0.10,1.3661537033714684,0.393936048293183,0.8780706511058629,0.36964421846977724,0.4339504553309359,0.5743682128525828,0.2883541195408732,0.42097320757075596,0.5,0.20496894409937888,0,1,0.2325674999999876
s_curve,127,automatic_eta_0.30,1.3661537033714684,0.3074900913023719,0.8780706511058629,0.27964420329904394,0.40522771451977835,0.5165102543319685,0.2250772299950812,0.31847574332071504,0.5,0.20496894409937888,0,1,0.2650353340000038
s_curve,127,automatic_eta_1.00,1.3661537033714684,0.22613346437135254,0.8780706511058629,0.19988746179485706,0.38058499147353264,0.46261706369089006,0.16552563874276233,0.22764393906471428,0.5,0.20496894409937888,0,1,0.257905041999976
s_curve,127,learned_auto_eta_1.00,1.3661537033714684,0.22613346437135254,0.8780706511058629,0.19988746179485706,0.38058499147353264,0.46261706369089006,0.16552563874276233,0.22764393906471428,0.5,0.20496894409937888,0,1,0.257540750000004
s_curve,127,safe_combo_eta_0.30,1.3661537033714684,0.2900540826139341,0.8780706511058629,0.277472510846115,0.3968510483952268,0.5176471738881739,0.21231438446356576,0.3160024885203253,0.3469387755102041,0.20496894409937888,0,1,0.2546555000000126
s_curve,149,full_trajectory,0.5809125656956515,0.07222979839709649,0.3276438134337179,0.054779051166157035,0.3955166843682767,0.44529347245463585,0.12433850231936405,0.16719086068517755,1.0,0.20496894409937888,0,1,0.25000850000000696
s_curve,149,curvature_window,0.5809125656956515,0.12636308802736,0.3276438134337179,0.11014064674776454,0.48922920154628347,0.5867768234332533,0.21752514145745547,0.33615970218844343,0.4666666666666667,0.20496894409937888,0,1,0.2507867919999853
s_curve,149,jerk_window,0.5809125656956515,0.07360290825925432,0.3276438134337179,0.0912528169007299,0.37316877190343173,0.5133936634656323,0.1267022140777997,0.2785122537318724,0.2222222222222222,0.20496894409937888,0,1,0.24003845799998658
s_curve,149,error_peak_window,0.5809125656956515,0.03665030121155717,0.3276438134337179,0.10980185223091983,0.31016145231406567,0.5586651303127396,0.06309090795388095,0.3351256691838397,0.9411764705882353,0.20496894409937888,0,1,0.24694929099999285
s_curve,149,random_window,0.5809125656956515,0.20418804910236307,0.3276438134337179,0.11785013592867209,0.6101425538360172,0.6058634436281021,0.35149532160290736,0.3596897945167919,0.0,0.20496894409937888,0,1,0.21906662500001062
s_curve,149,automatic_eta_0.10,0.5809125656956515,0.030798313584451665,0.3276438134337179,0.16162056765113017,0.2995682539286239,0.6526700672286232,0.05301712409606809,0.4932813043449267,0.8333333333333334,0.20496894409937888,0,1,0.22019366699998955
s_curve,149,automatic_eta_0.30,0.5809125656956515,0.03584148293703101,0.3276438134337179,0.10808547067072354,0.309963137636534,0.5527364106299438,0.0616985843542742,0.3298871098403607,0.8333333333333334,0.20496894409937888,0,1,0.24510700000001862
s_curve,149,automatic_eta_1.00,0.5809125656956515,0.04173442098783432,0.3276438134337179,0.06922498257716447,0.3268175230204344,0.4720575025317403,0.07184286147753875,0.21128121374148465,0.8333333333333334,0.20496894409937888,0,1,0.2503991250000013
s_curve,149,learned_auto_eta_1.00,0.5809125656956515,0.04185461035675366,0.3276438134337179,0.06929273757558432,0.32627908099633945,0.472153582669228,0.0720497589970913,0.21148800842413035,0.8857142857142857,0.20496894409937888,0,1,0.24292199999999298
s_curve,149,safe_combo_eta_0.30,0.5809125656956515,0.03665030121155717,0.3276438134337179,0.10980185223091983,0.31016145231406567,0.5586651303127396,0.06309090795388095,0.3351256691838397,0.9411764705882353,0.20496894409937888,0,1,0.2475561250000169
s_curve,173,full_trajectory,0.810505731604222,0.09552862666908571,0.4909132549265401,0.07589729795445592,0.3826831103529481,0.4258319528307931,0.11786298719937158,0.15460429555077534,1.0,0.20496894409937888,0,1,0.27000491600000487
s_curve,173,curvature_window,0.810505731604222,0.17042778034648942,0.4909132549265401,0.1464270077798003,0.47881512936329257,0.5478393961930087,0.21027338080529576,0.2982747080270048,0.4666666666666667,0.20496894409937888,0,1,0.2580164169999932
s_curve,173,jerk_window,0.810505731604222,0.09707046465330259,0.4909132549265401,0.12371197699403753,0.3653888932576727,0.484109532091736,0.11976530315359085,0.25200374150123467,0.2222222222222222,0.20496894409937888,0,1,0.24634800000001178
s_curve,173,error_peak_window,0.810505731604222,0.16991246860382397,0.4909132549265401,0.1593022879469447,0.40082014567353164,0.5333167119279911,0.20963759043075333,0.3245019081238346,0.40425531914893614,0.20496894409937888,0,1,0.2463217499999928
s_curve,173,random_window,0.810505731604222,0.25131422521949415,0.4909132549265401,0.16313862546522828,0.5658247204695701,0.5697043572970582,0.310070879723542,0.33231660344889286,0.015384615384615385,0.20496894409937888,0,1,0.24476491600000827
s_curve,173,automatic_eta_0.10,0.810505731604222,0.24307760686498053,0.4909132549265401,0.22419498713743138,0.44852335414206596,0.6077688140901194,0.29990856003431415,0.4566896185579258,0.5,0.20496894409937888,0,1,0.21303966699997545
s_curve,173,automatic_eta_0.30,0.810505731604222,0.18327532309208255,0.4909132549265401,0.16172288296700293,0.4135379914947158,0.534213562352968,0.22612464779160588,0.329432708007045,0.5,0.20496894409937888,0,1,0.2545079579999765
s_curve,173,automatic_eta_1.00,0.810505731604222,0.12632369737365085,0.4909132549265401,0.10814270936076399,0.38003547440430974,0.4653086853195464,0.15585787052192737,0.2202888357067205,0.5,0.20496894409937888,0,1,0.253042167000018
s_curve,173,learned_auto_eta_1.00,0.810505731604222,0.07027250032134558,0.4909132549265401,0.09729144423802337,0.33939746890125616,0.45078441704506894,0.08670203995011393,0.1981845942468634,0.5,0.20496894409937888,0,1,0.26806612499999005
s_curve,173,safe_combo_eta_0.30,0.810505731604222,0.16991246860382397,0.4909132549265401,0.1593022879469447,0.40082014567353164,0.5333167119279911,0.20963759043075333,0.3245019081238346,0.40425531914893614,0.20496894409937888,0,1,0.24586329199999568
s_curve,197,full_trajectory,1.3339613678635485,0.24896585701901203,0.7427771975446872,0.20278030055111188,0.44585756465688975,0.538176362647686,0.18663648214771902,0.2730028617214143,1.0,0.20496894409937888,0,1,0.28564199999999573
s_curve,197,curvature_window,1.3339613678635485,0.36543618351721413,0.7427771975446872,0.30916877963122763,0.5386234035224995,0.649667424158425,0.2739481009877302,0.41623353631911586,0.4666666666666667,0.20496894409937888,0,1,0.2581586250000214
s_curve,197,jerk_window,1.3339613678635485,0.18218893568072012,0.7427771975446872,0.27346588205070044,0.3956779206816693,0.5904710007359968,0.13657737028210273,0.3681667705398941,0.2222222222222222,0.20496894409937888,0,1,0.25683058300000994
s_curve,197,error_peak_window,1.3339613678635485,0.1386399247669942,0.7427771975446872,0.3263720695320278,0.3531838093292345,0.6412376207735323,0.10393098938767448,0.43939430371702076,1.0,0.20496894409937888,0,1,0.26927679199999943
s_curve,197,random_window,1.3339613678635485,0.48733802825248196,0.7427771975446872,0.33107045119906,0.5848094756757154,0.6595185767112585,0.3653314406195997,0.4457197290027768,0.15789473684210525,0.20496894409937888,0,1,0.2589929579999932
s_curve,197,automatic_eta_0.10,1.3339613678635485,0.10121001207397179,0.7427771975446872,0.42452487720809745,0.3319731101337511,0.7140715089266456,0.0758717714862074,0.5715373043375596,0.8333333333333334,0.20496894409937888,0,1,0.23095445800001357
s_curve,197,automatic_eta_0.30,1.3339613678635485,0.135508127766995,0.7427771975446872,0.3188120538725833,0.35215750089434544,0.6333152652539975,0.10158324748491232,0.4292162642127996,0.8333333333333334,0.20496894409937888,0,1,0.26956562499998427
s_curve,197,automatic_eta_1.00,1.3339613678635485,0.1660656111482392,0.7427771975446872,0.23855804003497558,0.3781066221529664,0.5685536241669128,0.12449057007865773,0.3211703870602778,0.8333333333333334,0.20496894409937888,0,1,0.2580001669999774
s_curve,197,learned_auto_eta_1.00,1.3339613678635485,0.16659834381344585,0.7427771975446872,0.23927616389410303,0.3777698239370664,0.5690220490599093,0.12488993146800581,0.32213719630200094,0.8857142857142857,0.20496894409937888,0,1,0.2474193750000211
s_curve,197,safe_combo_eta_0.30,1.3339613678635485,0.1386399247669942,0.7427771975446872,0.3263720695320278,0.3531838093292345,0.6412376207735323,0.10393098938767448,0.43939430371702076,1.0,0.20496894409937888,0,1,0.270210665999997
s_curve,223,full_trajectory,0.8877512682232737,0.14935745840580883,0.5208432872085285,0.12050921104423955,0.4377100746282739,0.4925295709825133,0.16824246131997045,0.23137326332861355,1.0,0.20496894409937888,0,1,0.2747720839999772
s_curve,223,curvature_window,0.8877512682232737,0.22929585075333778,0.5208432872085285,0.20610743894057817,0.53426522653208,0.6223720743006274,0.25828839559108213,0.39571872001118746,0.4666666666666667,0.20496894409937888,0,1,0.26288445899999147
s_curve,223,jerk_window,0.8877512682232737,0.12401463848700019,0.5208432872085285,0.18156530406482485,0.3952450275631334,0.5681100949349561,0.13969525353109372,0.34859872158078153,0.2222222222222222,0.20496894409937888,0,1,0.25151016600000276
s_curve,223,error_peak_window,0.8877512682232737,0.07812356873953046,0.5208432872085285,0.2107553096173162,0.3404337379219904,0.6107160093402797,0.08800164137854209,0.4046424611649775,0.65,0.20496894409937888,0,1,0.2523404169999992
s_curve,223,random_window,0.8877512682232737,0.3804303469046288,0.5208432872085285,0.21094675431609142,0.6744440793740529,0.64332863273258,0.42853258623444596,0.405010027961895,0.0,0.20496894409937888,0,1,0.22761345800000754
s_curve,223,automatic_eta_0.10,0.8877512682232737,0.1675549082201868,0.5208432872085285,0.27292939114678455,0.4126222545596487,0.684097744005922,0.1887408266456522,0.5240144163315532,0.43478260869565216,0.20496894409937888,0,1,0.23375837500000785
s_curve,223,automatic_eta_0.30,0.8877512682232737,0.11823860841656039,0.5208432872085285,0.18416789471156375,0.38016710911685647,0.5737917065130805,0.13318889271000492,0.3535956001249739,0.43478260869565216,0.20496894409937888,0,1,0.24951116700000853
s_curve,223,automatic_eta_1.00,0.8877512682232737,0.10109008854129778,0.5208432872085285,0.1291178086423243,0.37319052931174745,0.49810219827557034,0.11387208575169631,0.24790145483938972,0.43478260869565216,0.20496894409937888,0,1,0.26802941700000815
s_curve,223,learned_auto_eta_1.00,0.8877512682232737,0.10159426002196101,0.5208432872085285,0.1288604252296473,0.3730647346969016,0.4980333281943672,0.11444000550434535,0.24740728813128746,0.40425531914893614,0.20496894409937888,0,1,0.2692315829999927
s_curve,223,safe_combo_eta_0.30,0.8877512682232737,0.07812356873953046,0.5208432872085285,0.2107553096173162,0.3404337379219904,0.6107160093402797,0.08800164137854209,0.4046424611649775,0.65,0.20496894409937888,0,1,0.2533597499999871
