plant_group,scenario_id,proposed,comparator,plant_id,tasks_within_plant,plant_median_effect_percent
held_out_lhs,n0_d0_m0,v11_full,no_residual_alignment,P01,5,5.435181021530489
held_out_lhs,n0_d0_m0,v11_full,no_residual_alignment,P02,5,1.8761419851427226
held_out_lhs,n0_d0_m0,v11_full,no_residual_alignment,P03,5,0.48351229969445475
held_out_lhs,n0_d0_m0,v11_full,no_residual_alignment,P04,5,4.781394826103118
held_out_lhs,n0_d0_m0,v11_full,no_residual_alignment,P05,5,5.173386541573102
held_out_lhs,n0_d0_m0,v11_full,no_residual_alignment,P06,5,7.569360127656325
held_out_lhs,n0_d0_m0,v11_full,no_residual_alignment,P07,5,1.3874107657139807
held_out_lhs,n0_d0_m0,v11_full,no_residual_alignment,P08,5,2.834344637778909
held_out_lhs,n0_d0_m0,v11_full,no_residual_alignment,P09,5,2.0341799533134184
held_out_lhs,n0_d0_m0,v11_full,no_residual_alignment,P10,5,8.054373226586579
held_out_lhs,n0_d0_m0,v11_full,no_residual_alignment,P11,5,7.633090747741598
held_out_lhs,n0_d0_m0,v11_full,no_residual_alignment,P12,5,2.860488464967612
held_out_lhs,n0_d0_m0,v11_full,no_residual_alignment,P13,5,1.1812185238347837
held_out_lhs,n0_d0_m0,v11_full,no_residual_alignment,P14,5,4.003496834167781
held_out_lhs,n0_d0_m0,v11_full,no_residual_alignment,P15,5,2.6783252860393447
held_out_lhs,n0_d0_m0,v11_full,no_residual_alignment,P16,5,2.29051583808493
held_out_lhs,n0_d0_m0,v11_full,no_residual_alignment,P17,5,6.489519901020416
held_out_lhs,n0_d0_m0,v11_full,no_residual_alignment,P18,5,4.126329675938512
held_out_lhs,n0_d0_m0,v11_full,no_residual_alignment,P19,5,9.104006402481494
held_out_lhs,n0_d0_m0,v11_full,no_residual_alignment,P20,5,1.8111663192721519
held_out_lhs,n0_d0_m0,v11_full,no_residual_alignment,P21,5,3.05967123903193
held_out_lhs,n0_d0_m0,v11_full,no_residual_alignment,P22,5,1.7067575182307608
held_out_lhs,n0_d0_m0,v11_full,no_residual_alignment,P23,5,8.952902762685268
held_out_lhs,n0_d0_m0,v11_full,no_residual_alignment,P24,5,2.7811155741979534
held_out_lhs,n0_d0_m0,v11_full,raw_top2,P01,5,0.0
held_out_lhs,n0_d0_m0,v11_full,raw_top2,P02,5,0.0
held_out_lhs,n0_d0_m0,v11_full,raw_top2,P03,5,0.0
held_out_lhs,n0_d0_m0,v11_full,raw_top2,P04,5,0.0
held_out_lhs,n0_d0_m0,v11_full,raw_top2,P05,5,0.0
held_out_lhs,n0_d0_m0,v11_full,raw_top2,P06,5,0.0
held_out_lhs,n0_d0_m0,v11_full,raw_top2,P07,5,0.0
held_out_lhs,n0_d0_m0,v11_full,raw_top2,P08,5,0.0
held_out_lhs,n0_d0_m0,v11_full,raw_top2,P09,5,0.0
held_out_lhs,n0_d0_m0,v11_full,raw_top2,P10,5,0.40931843835717935
held_out_lhs,n0_d0_m0,v11_full,raw_top2,P11,5,0.5327196619386849
held_out_lhs,n0_d0_m0,v11_full,raw_top2,P12,5,0.0
held_out_lhs,n0_d0_m0,v11_full,raw_top2,P13,5,0.0
held_out_lhs,n0_d0_m0,v11_full,raw_top2,P14,5,2.8541258675851737
held_out_lhs,n0_d0_m0,v11_full,raw_top2,P15,5,0.0
held_out_lhs,n0_d0_m0,v11_full,raw_top2,P16,5,0.06790625892919352
held_out_lhs,n0_d0_m0,v11_full,raw_top2,P17,5,0.0
held_out_lhs,n0_d0_m0,v11_full,raw_top2,P18,5,0.41273847993183593
held_out_lhs,n0_d0_m0,v11_full,raw_top2,P19,5,3.0474468642515187
held_out_lhs,n0_d0_m0,v11_full,raw_top2,P20,5,0.0
held_out_lhs,n0_d0_m0,v11_full,raw_top2,P21,5,2.194592292374018
held_out_lhs,n0_d0_m0,v11_full,raw_top2,P22,5,0.0
held_out_lhs,n0_d0_m0,v11_full,raw_top2,P23,5,0.0
held_out_lhs,n0_d0_m0,v11_full,raw_top2,P24,5,0.0
held_out_lhs,n0_d0_m0,v11_full,uniform_full_trajectory,P01,5,7.44354621587634
held_out_lhs,n0_d0_m0,v11_full,uniform_full_trajectory,P02,5,2.6745502006548483
held_out_lhs,n0_d0_m0,v11_full,uniform_full_trajectory,P03,5,-6.44161702035316
held_out_lhs,n0_d0_m0,v11_full,uniform_full_trajectory,P04,5,7.611458545842811
held_out_lhs,n0_d0_m0,v11_full,uniform_full_trajectory,P05,5,5.8392816730833506
held_out_lhs,n0_d0_m0,v11_full,uniform_full_trajectory,P06,5,11.836683951883666
held_out_lhs,n0_d0_m0,v11_full,uniform_full_trajectory,P07,5,-5.310934706420106
held_out_lhs,n0_d0_m0,v11_full,uniform_full_trajectory,P08,5,-4.907866346830072
held_out_lhs,n0_d0_m0,v11_full,uniform_full_trajectory,P09,5,2.682162129067031
held_out_lhs,n0_d0_m0,v11_full,uniform_full_trajectory,P10,5,7.672982018588479
held_out_lhs,n0_d0_m0,v11_full,uniform_full_trajectory,P11,5,3.449285408454118
held_out_lhs,n0_d0_m0,v11_full,uniform_full_trajectory,P12,5,2.4610764124666487
held_out_lhs,n0_d0_m0,v11_full,uniform_full_trajectory,P13,5,2.4083685547067843
held_out_lhs,n0_d0_m0,v11_full,uniform_full_trajectory,P14,5,6.7396668317049455
held_out_lhs,n0_d0_m0,v11_full,uniform_full_trajectory,P15,5,4.986988430073995
held_out_lhs,n0_d0_m0,v11_full,uniform_full_trajectory,P16,5,1.8233971963006617
held_out_lhs,n0_d0_m0,v11_full,uniform_full_trajectory,P17,5,9.551124283892166
held_out_lhs,n0_d0_m0,v11_full,uniform_full_trajectory,P18,5,4.504027125544299
held_out_lhs,n0_d0_m0,v11_full,uniform_full_trajectory,P19,5,9.231016539297757
held_out_lhs,n0_d0_m0,v11_full,uniform_full_trajectory,P20,5,5.221099953004499
held_out_lhs,n0_d0_m0,v11_full,uniform_full_trajectory,P21,5,3.336725192612754
held_out_lhs,n0_d0_m0,v11_full,uniform_full_trajectory,P22,5,2.672561537017453
held_out_lhs,n0_d0_m0,v11_full,uniform_full_trajectory,P23,5,5.1654452400556785
held_out_lhs,n0_d0_m0,v11_full,uniform_full_trajectory,P24,5,3.2568967266510853
held_out_lhs,n0_d1_m0,v11_full,no_residual_alignment,P01,5,8.226693224870953
held_out_lhs,n0_d1_m0,v11_full,no_residual_alignment,P02,5,7.179960470635437
held_out_lhs,n0_d1_m0,v11_full,no_residual_alignment,P03,5,6.765133351081114
held_out_lhs,n0_d1_m0,v11_full,no_residual_alignment,P04,5,4.338742259449712
held_out_lhs,n0_d1_m0,v11_full,no_residual_alignment,P05,5,5.536594362060824
held_out_lhs,n0_d1_m0,v11_full,no_residual_alignment,P06,5,7.9814638352493645
held_out_lhs,n0_d1_m0,v11_full,no_residual_alignment,P07,5,4.223949515252645
held_out_lhs,n0_d1_m0,v11_full,no_residual_alignment,P08,5,5.243017551714505
held_out_lhs,n0_d1_m0,v11_full,no_residual_alignment,P09,5,5.387816975247304
held_out_lhs,n0_d1_m0,v11_full,no_residual_alignment,P10,5,4.5262246847975875
held_out_lhs,n0_d1_m0,v11_full,no_residual_alignment,P11,5,6.61887563352815
held_out_lhs,n0_d1_m0,v11_full,no_residual_alignment,P12,5,6.697204676436065
held_out_lhs,n0_d1_m0,v11_full,no_residual_alignment,P13,5,6.585144452084206
held_out_lhs,n0_d1_m0,v11_full,no_residual_alignment,P14,5,3.459646629913803
held_out_lhs,n0_d1_m0,v11_full,no_residual_alignment,P15,5,8.478518865356602
held_out_lhs,n0_d1_m0,v11_full,no_residual_alignment,P16,5,3.1060139448149533
held_out_lhs,n0_d1_m0,v11_full,no_residual_alignment,P17,5,4.3167680381349145
held_out_lhs,n0_d1_m0,v11_full,no_residual_alignment,P18,5,5.235414204282005
held_out_lhs,n0_d1_m0,v11_full,no_residual_alignment,P19,5,4.832029068086913
held_out_lhs,n0_d1_m0,v11_full,no_residual_alignment,P20,5,8.581901521807572
held_out_lhs,n0_d1_m0,v11_full,no_residual_alignment,P21,5,7.8498110422272465
held_out_lhs,n0_d1_m0,v11_full,no_residual_alignment,P22,5,6.08628974446528
held_out_lhs,n0_d1_m0,v11_full,no_residual_alignment,P23,5,5.641744775579423
held_out_lhs,n0_d1_m0,v11_full,no_residual_alignment,P24,5,4.2059731874557285
held_out_lhs,n0_d1_m0,v11_full,raw_top2,P01,5,0.0
held_out_lhs,n0_d1_m0,v11_full,raw_top2,P02,5,3.9592286565711583
held_out_lhs,n0_d1_m0,v11_full,raw_top2,P03,5,7.729333346008113
held_out_lhs,n0_d1_m0,v11_full,raw_top2,P04,5,0.0
held_out_lhs,n0_d1_m0,v11_full,raw_top2,P05,5,0.0
held_out_lhs,n0_d1_m0,v11_full,raw_top2,P06,5,0.0
held_out_lhs,n0_d1_m0,v11_full,raw_top2,P07,5,0.3137313866581658
held_out_lhs,n0_d1_m0,v11_full,raw_top2,P08,5,1.4904606289217925
held_out_lhs,n0_d1_m0,v11_full,raw_top2,P09,5,1.533523433895455
held_out_lhs,n0_d1_m0,v11_full,raw_top2,P10,5,0.0
held_out_lhs,n0_d1_m0,v11_full,raw_top2,P11,5,0.0
held_out_lhs,n0_d1_m0,v11_full,raw_top2,P12,5,0.0
held_out_lhs,n0_d1_m0,v11_full,raw_top2,P13,5,0.0
held_out_lhs,n0_d1_m0,v11_full,raw_top2,P14,5,1.590688475228183
held_out_lhs,n0_d1_m0,v11_full,raw_top2,P15,5,3.0088252442397643
held_out_lhs,n0_d1_m0,v11_full,raw_top2,P16,5,1.2193221930682399
held_out_lhs,n0_d1_m0,v11_full,raw_top2,P17,5,0.0
held_out_lhs,n0_d1_m0,v11_full,raw_top2,P18,5,0.0
held_out_lhs,n0_d1_m0,v11_full,raw_top2,P19,5,0.0
held_out_lhs,n0_d1_m0,v11_full,raw_top2,P20,5,3.3976592506632626
held_out_lhs,n0_d1_m0,v11_full,raw_top2,P21,5,1.5044067143911344
held_out_lhs,n0_d1_m0,v11_full,raw_top2,P22,5,1.5680780473281997
held_out_lhs,n0_d1_m0,v11_full,raw_top2,P23,5,0.0
held_out_lhs,n0_d1_m0,v11_full,raw_top2,P24,5,0.0
held_out_lhs,n0_d1_m0,v11_full,uniform_full_trajectory,P01,5,-1.3057911048165576
held_out_lhs,n0_d1_m0,v11_full,uniform_full_trajectory,P02,5,10.33474530184759
held_out_lhs,n0_d1_m0,v11_full,uniform_full_trajectory,P03,5,2.5850176391543505
held_out_lhs,n0_d1_m0,v11_full,uniform_full_trajectory,P04,5,4.907783795749415
held_out_lhs,n0_d1_m0,v11_full,uniform_full_trajectory,P05,5,4.307481538508014
held_out_lhs,n0_d1_m0,v11_full,uniform_full_trajectory,P06,5,1.8123689263373974
held_out_lhs,n0_d1_m0,v11_full,uniform_full_trajectory,P07,5,0.3500060826379567
held_out_lhs,n0_d1_m0,v11_full,uniform_full_trajectory,P08,5,-0.7170760703395099
held_out_lhs,n0_d1_m0,v11_full,uniform_full_trajectory,P09,5,1.913703654420469
held_out_lhs,n0_d1_m0,v11_full,uniform_full_trajectory,P10,5,1.0293912113977206
held_out_lhs,n0_d1_m0,v11_full,uniform_full_trajectory,P11,5,2.509235144771964
held_out_lhs,n0_d1_m0,v11_full,uniform_full_trajectory,P12,5,7.508310436047523
held_out_lhs,n0_d1_m0,v11_full,uniform_full_trajectory,P13,5,3.2973063053594958
held_out_lhs,n0_d1_m0,v11_full,uniform_full_trajectory,P14,5,7.317363120095112
held_out_lhs,n0_d1_m0,v11_full,uniform_full_trajectory,P15,5,5.86742557902181
held_out_lhs,n0_d1_m0,v11_full,uniform_full_trajectory,P16,5,-0.5778413298540538
held_out_lhs,n0_d1_m0,v11_full,uniform_full_trajectory,P17,5,2.057660022542918
held_out_lhs,n0_d1_m0,v11_full,uniform_full_trajectory,P18,5,1.770543347411618
held_out_lhs,n0_d1_m0,v11_full,uniform_full_trajectory,P19,5,2.201946973987762
held_out_lhs,n0_d1_m0,v11_full,uniform_full_trajectory,P20,5,6.305730121847419
held_out_lhs,n0_d1_m0,v11_full,uniform_full_trajectory,P21,5,7.128414137143477
held_out_lhs,n0_d1_m0,v11_full,uniform_full_trajectory,P22,5,2.68950578553548
held_out_lhs,n0_d1_m0,v11_full,uniform_full_trajectory,P23,5,2.352653440619342
held_out_lhs,n0_d1_m0,v11_full,uniform_full_trajectory,P24,5,6.232315759780726
held_out_lhs,n1_d1_m1,v11_full,no_residual_alignment,P01,5,9.126663228100316
held_out_lhs,n1_d1_m1,v11_full,no_residual_alignment,P02,5,7.024537509240308
held_out_lhs,n1_d1_m1,v11_full,no_residual_alignment,P03,5,6.623982790199859
held_out_lhs,n1_d1_m1,v11_full,no_residual_alignment,P04,5,3.3007495319828926
held_out_lhs,n1_d1_m1,v11_full,no_residual_alignment,P05,5,6.230703483502223
held_out_lhs,n1_d1_m1,v11_full,no_residual_alignment,P06,5,9.561654430967234
held_out_lhs,n1_d1_m1,v11_full,no_residual_alignment,P07,5,6.285361272993015
held_out_lhs,n1_d1_m1,v11_full,no_residual_alignment,P08,5,2.5234509502843774
held_out_lhs,n1_d1_m1,v11_full,no_residual_alignment,P09,5,5.667235671562403
held_out_lhs,n1_d1_m1,v11_full,no_residual_alignment,P10,5,5.2735405254565455
held_out_lhs,n1_d1_m1,v11_full,no_residual_alignment,P11,5,7.254485531484155
held_out_lhs,n1_d1_m1,v11_full,no_residual_alignment,P12,5,10.154831963691546
held_out_lhs,n1_d1_m1,v11_full,no_residual_alignment,P13,5,6.888596781949799
held_out_lhs,n1_d1_m1,v11_full,no_residual_alignment,P14,5,3.39815847003678
held_out_lhs,n1_d1_m1,v11_full,no_residual_alignment,P15,5,6.771653241591946
held_out_lhs,n1_d1_m1,v11_full,no_residual_alignment,P16,5,3.332335966873506
held_out_lhs,n1_d1_m1,v11_full,no_residual_alignment,P17,5,5.21798394456625
held_out_lhs,n1_d1_m1,v11_full,no_residual_alignment,P18,5,6.755742401404167
held_out_lhs,n1_d1_m1,v11_full,no_residual_alignment,P19,5,4.26534606553471
held_out_lhs,n1_d1_m1,v11_full,no_residual_alignment,P20,5,4.0026761404047235
held_out_lhs,n1_d1_m1,v11_full,no_residual_alignment,P21,5,8.228963756682376
held_out_lhs,n1_d1_m1,v11_full,no_residual_alignment,P22,5,6.910738372573688
held_out_lhs,n1_d1_m1,v11_full,no_residual_alignment,P23,5,3.3251098297908697
held_out_lhs,n1_d1_m1,v11_full,no_residual_alignment,P24,5,6.060437639899948
held_out_lhs,n1_d1_m1,v11_full,raw_top2,P01,5,0.0
held_out_lhs,n1_d1_m1,v11_full,raw_top2,P02,5,3.1820064835638946
held_out_lhs,n1_d1_m1,v11_full,raw_top2,P03,5,2.5452612986362144
held_out_lhs,n1_d1_m1,v11_full,raw_top2,P04,5,0.0
held_out_lhs,n1_d1_m1,v11_full,raw_top2,P05,5,0.0
held_out_lhs,n1_d1_m1,v11_full,raw_top2,P06,5,0.0
held_out_lhs,n1_d1_m1,v11_full,raw_top2,P07,5,5.585298728029625
held_out_lhs,n1_d1_m1,v11_full,raw_top2,P08,5,0.9788430512741468
held_out_lhs,n1_d1_m1,v11_full,raw_top2,P09,5,3.5002027994205744
held_out_lhs,n1_d1_m1,v11_full,raw_top2,P10,5,0.0
held_out_lhs,n1_d1_m1,v11_full,raw_top2,P11,5,0.0
held_out_lhs,n1_d1_m1,v11_full,raw_top2,P12,5,0.0
held_out_lhs,n1_d1_m1,v11_full,raw_top2,P13,5,0.0
held_out_lhs,n1_d1_m1,v11_full,raw_top2,P14,5,0.47584340095320005
held_out_lhs,n1_d1_m1,v11_full,raw_top2,P15,5,0.7035947826612174
held_out_lhs,n1_d1_m1,v11_full,raw_top2,P16,5,0.0
held_out_lhs,n1_d1_m1,v11_full,raw_top2,P17,5,0.0
held_out_lhs,n1_d1_m1,v11_full,raw_top2,P18,5,0.0
held_out_lhs,n1_d1_m1,v11_full,raw_top2,P19,5,0.0
held_out_lhs,n1_d1_m1,v11_full,raw_top2,P20,5,0.0
held_out_lhs,n1_d1_m1,v11_full,raw_top2,P21,5,1.508957814915362
held_out_lhs,n1_d1_m1,v11_full,raw_top2,P22,5,0.0
held_out_lhs,n1_d1_m1,v11_full,raw_top2,P23,5,0.0
held_out_lhs,n1_d1_m1,v11_full,raw_top2,P24,5,0.0
held_out_lhs,n1_d1_m1,v11_full,uniform_full_trajectory,P01,5,-0.8556800283721189
held_out_lhs,n1_d1_m1,v11_full,uniform_full_trajectory,P02,5,4.2239212676042905
held_out_lhs,n1_d1_m1,v11_full,uniform_full_trajectory,P03,5,3.5516118927572737
held_out_lhs,n1_d1_m1,v11_full,uniform_full_trajectory,P04,5,4.5715036768113215
held_out_lhs,n1_d1_m1,v11_full,uniform_full_trajectory,P05,5,4.30900071321541
held_out_lhs,n1_d1_m1,v11_full,uniform_full_trajectory,P06,5,1.2811354629408924
held_out_lhs,n1_d1_m1,v11_full,uniform_full_trajectory,P07,5,1.0442399941165725
held_out_lhs,n1_d1_m1,v11_full,uniform_full_trajectory,P08,5,1.340593544296687
held_out_lhs,n1_d1_m1,v11_full,uniform_full_trajectory,P09,5,9.392270519972977
held_out_lhs,n1_d1_m1,v11_full,uniform_full_trajectory,P10,5,2.702997792284576
held_out_lhs,n1_d1_m1,v11_full,uniform_full_trajectory,P11,5,2.5617180434722306
held_out_lhs,n1_d1_m1,v11_full,uniform_full_trajectory,P12,5,7.993044640382056
held_out_lhs,n1_d1_m1,v11_full,uniform_full_trajectory,P13,5,2.362823336193687
held_out_lhs,n1_d1_m1,v11_full,uniform_full_trajectory,P14,5,3.082024561231577
held_out_lhs,n1_d1_m1,v11_full,uniform_full_trajectory,P15,5,6.985175808335561
held_out_lhs,n1_d1_m1,v11_full,uniform_full_trajectory,P16,5,2.8707218395976803
held_out_lhs,n1_d1_m1,v11_full,uniform_full_trajectory,P17,5,1.7573991837733252
held_out_lhs,n1_d1_m1,v11_full,uniform_full_trajectory,P18,5,1.8992085246452595
held_out_lhs,n1_d1_m1,v11_full,uniform_full_trajectory,P19,5,1.0363990938143623
held_out_lhs,n1_d1_m1,v11_full,uniform_full_trajectory,P20,5,3.9942838380065773
held_out_lhs,n1_d1_m1,v11_full,uniform_full_trajectory,P21,5,7.6358831208952855
held_out_lhs,n1_d1_m1,v11_full,uniform_full_trajectory,P22,5,6.2038487032414915
held_out_lhs,n1_d1_m1,v11_full,uniform_full_trajectory,P23,5,0.772662566845203
held_out_lhs,n1_d1_m1,v11_full,uniform_full_trajectory,P24,5,6.32620169955726
edge_challenge,n0_d0_m0,v11_full,no_residual_alignment,C01_max_delay,5,6.881592482100129
edge_challenge,n0_d0_m0,v11_full,no_residual_alignment,C02_low_bandwidth,5,7.702927709339395
edge_challenge,n0_d0_m0,v11_full,no_residual_alignment,C03_high_asymmetry,5,6.74200259721052
edge_challenge,n0_d0_m0,v11_full,no_residual_alignment,C04_strong_coupling,5,4.708751345999635
edge_challenge,n0_d0_m0,v11_full,no_residual_alignment,C05_strong_friction,5,4.712680792150313
edge_challenge,n0_d0_m0,v11_full,no_residual_alignment,C06_tight_saturation,5,4.726921893662807
edge_challenge,n0_d0_m0,v11_full,raw_top2,C01_max_delay,5,0.0
edge_challenge,n0_d0_m0,v11_full,raw_top2,C02_low_bandwidth,5,0.0
edge_challenge,n0_d0_m0,v11_full,raw_top2,C03_high_asymmetry,5,0.0
edge_challenge,n0_d0_m0,v11_full,raw_top2,C04_strong_coupling,5,0.0
edge_challenge,n0_d0_m0,v11_full,raw_top2,C05_strong_friction,5,0.0
edge_challenge,n0_d0_m0,v11_full,raw_top2,C06_tight_saturation,5,0.0
edge_challenge,n0_d0_m0,v11_full,uniform_full_trajectory,C01_max_delay,5,8.262143858966905
edge_challenge,n0_d0_m0,v11_full,uniform_full_trajectory,C02_low_bandwidth,5,9.216353621883737
edge_challenge,n0_d0_m0,v11_full,uniform_full_trajectory,C03_high_asymmetry,5,2.9725057845375527
edge_challenge,n0_d0_m0,v11_full,uniform_full_trajectory,C04_strong_coupling,5,3.707393283629409
edge_challenge,n0_d0_m0,v11_full,uniform_full_trajectory,C05_strong_friction,5,3.6542021621060243
edge_challenge,n0_d0_m0,v11_full,uniform_full_trajectory,C06_tight_saturation,5,3.694417166104296
edge_challenge,n0_d1_m0,v11_full,no_residual_alignment,C01_max_delay,5,3.951106425828764
edge_challenge,n0_d1_m0,v11_full,no_residual_alignment,C02_low_bandwidth,5,5.397143866957601
edge_challenge,n0_d1_m0,v11_full,no_residual_alignment,C03_high_asymmetry,5,5.471503203009768
edge_challenge,n0_d1_m0,v11_full,no_residual_alignment,C04_strong_coupling,5,5.635058837202329
edge_challenge,n0_d1_m0,v11_full,no_residual_alignment,C05_strong_friction,5,5.632814784346046
edge_challenge,n0_d1_m0,v11_full,no_residual_alignment,C06_tight_saturation,5,5.699535266563615
edge_challenge,n0_d1_m0,v11_full,raw_top2,C01_max_delay,5,0.0
edge_challenge,n0_d1_m0,v11_full,raw_top2,C02_low_bandwidth,5,0.0
edge_challenge,n0_d1_m0,v11_full,raw_top2,C03_high_asymmetry,5,0.0
edge_challenge,n0_d1_m0,v11_full,raw_top2,C04_strong_coupling,5,0.0
edge_challenge,n0_d1_m0,v11_full,raw_top2,C05_strong_friction,5,0.0
edge_challenge,n0_d1_m0,v11_full,raw_top2,C06_tight_saturation,5,0.0
edge_challenge,n0_d1_m0,v11_full,uniform_full_trajectory,C01_max_delay,5,1.280523871909086
edge_challenge,n0_d1_m0,v11_full,uniform_full_trajectory,C02_low_bandwidth,5,0.8462892032143312
edge_challenge,n0_d1_m0,v11_full,uniform_full_trajectory,C03_high_asymmetry,5,0.9007260666233192
edge_challenge,n0_d1_m0,v11_full,uniform_full_trajectory,C04_strong_coupling,5,9.035496775159872
edge_challenge,n0_d1_m0,v11_full,uniform_full_trajectory,C05_strong_friction,5,9.05011038482984
edge_challenge,n0_d1_m0,v11_full,uniform_full_trajectory,C06_tight_saturation,5,9.093828679496093
edge_challenge,n1_d1_m1,v11_full,no_residual_alignment,C01_max_delay,5,4.137934363829781
edge_challenge,n1_d1_m1,v11_full,no_residual_alignment,C02_low_bandwidth,5,4.326244119415822
edge_challenge,n1_d1_m1,v11_full,no_residual_alignment,C03_high_asymmetry,5,1.6275571890256755
edge_challenge,n1_d1_m1,v11_full,no_residual_alignment,C04_strong_coupling,5,6.144250953747556
edge_challenge,n1_d1_m1,v11_full,no_residual_alignment,C05_strong_friction,5,6.393925775371481
edge_challenge,n1_d1_m1,v11_full,no_residual_alignment,C06_tight_saturation,5,6.398452813348954
edge_challenge,n1_d1_m1,v11_full,raw_top2,C01_max_delay,5,0.0
edge_challenge,n1_d1_m1,v11_full,raw_top2,C02_low_bandwidth,5,0.0
edge_challenge,n1_d1_m1,v11_full,raw_top2,C03_high_asymmetry,5,0.0
edge_challenge,n1_d1_m1,v11_full,raw_top2,C04_strong_coupling,5,0.0
edge_challenge,n1_d1_m1,v11_full,raw_top2,C05_strong_friction,5,0.0
edge_challenge,n1_d1_m1,v11_full,raw_top2,C06_tight_saturation,5,0.0
edge_challenge,n1_d1_m1,v11_full,uniform_full_trajectory,C01_max_delay,5,1.9004814955991525
edge_challenge,n1_d1_m1,v11_full,uniform_full_trajectory,C02_low_bandwidth,5,0.7427029507987424
edge_challenge,n1_d1_m1,v11_full,uniform_full_trajectory,C03_high_asymmetry,5,0.542083106815518
edge_challenge,n1_d1_m1,v11_full,uniform_full_trajectory,C04_strong_coupling,5,9.530431664432465
edge_challenge,n1_d1_m1,v11_full,uniform_full_trajectory,C05_strong_friction,5,9.207767302438931
edge_challenge,n1_d1_m1,v11_full,uniform_full_trajectory,C06_tight_saturation,5,9.496359931148156
